Workbook
Name aa: 'Orig data'!$B$1
Name ar: #REF!
Name ar: #REF!
Name bb: 'Orig data'!$B$2
Name br: #REF!
Name br: #REF!
Name cslope: 'Orig data'!$AW$3
Name negLL: #REF!
Name negLL: #REF!
Name nlim: 'Orig data'!$AY$3
Name retroU: 'Orig data'!$AQ$2
Name retroUtil: 'Orig data'!$BA$1
Name retroY: 'Orig data'!$AQ$3
Name rho: #REF!
Name rho: #REF!
Name sige: #REF!
Name sige: #REF!
Name sigev: #REF!
Name sigev: #REF!
Name sigr: #REF!
Name sigr: #REF!
Name umethod: 'Orig data'!$AU$2

Sheet Orig data
A1: aa | B1: =INTERCEPT(J5:J71,H5:H71) -> 1.129053 | C1: smsy | D1: =aa/bb*(1-0.07*aa) -> 1688967.4 | E1: Nmsy | F1: =D1/(1-D2) -> 3218878.6 | W1: Age 3 | X1: Age 4 | Y1: Age 5 | Z1: Age 6 | AM1: retrtospective model in columns AJ-AO | AT1: switch between historical and policy-based Ut values: | AZ1: retroUtil | BA1: =SUMPRODUCT(AR5:AR76^0.6) -> 226111.37 | BC1: C 1997-2022 | BD1: =SUM(U51:U76) -> 8311103.8 | BE1: recent loss | BF1: =BD2-BD1 -> 11475187 | BH1: =500000/24000 -> 20.833333
A2: bb | B2: =-SLOPE(J5:J71,H5:H71) -> 6.1565412e-07 | C2: umsy | D2: =0.5*aa-0.07*aa^2 -> 0.47529324 | E2: msy | F2: =F1-D1 -> 1529911.2 | H2: Best S-R data | W2: 0.3 | X2: 0.6 | Y2: 0.1 | Z2: 0 | AP2: retroU | AQ2: 0.5 | AT2: Ut method | AU2: 2 | AV2: 1=historical,2=retroU,3=linear hcr | AZ2: =retroY -> 51361535 | BA2: =retroUtil -> 226111.37 | BC2: retro C 1990+ | BD2: =SUM(AR51:AR76) -> 19786290 | BE2: income loss | BF2: =BF1*12 -> 1.3770224e+08
A3: Cass, Grant, Digitized, Haley's S/R | F3: ssl M 2017 | G3: =0.0000345*G71 -> 1.4193275 | H3: Using age prop. by yr from 1996-2017 | L3: Haley's Best S/R | W3: recruits produced at age from Brood Year | AP3: retroY | AQ3: =SUM(AR5:AR76) -> 51361535 | AR3: historical Y | AS3: =SUM(S5:S76)-SUM(H5:H76) -> 26625164 | AU3: linear hcr pars | AV3: cslope | AW3: 0.77633553 | AX3: nlim | AY3: 487692.73 | BB3: Johnstone | BC3: Georgia. | BD3: West | BF3: U.S. | BG3: All Fraser | BH3: Total | BI3: Harvest | BJ3: Gross (d) | BK3: Total | BM3: Johnstone | BN3: West Coast | BS3: Johnstone | BT3: West Coast
A4: Source | B4: Brood year | C4: Spawners (D) | D4: Haley's Recruits with some infill from mkm | E4: ln(R/S)(H) | F4: Source | G4: SSL numbers | H4: Spawners (D) | I4: Recruits | J4: ln(R/S)(D) | K4: wt | L4: broodyear | M4: spawners | N4: recruits | P4: Source | Q4: Year | R4: Gross Escapement | S4: total Stock, hr from Grant then Brittany | T4: Historial Ut | U4: Historical Catch | V4: tot stock digitized from DFO 2023 | W4: Age 3 | X4: Age 4 | Y4: Age 5 | Z4: Age 6 | AA4: Recruits sum age | AF4: Improved recruits starting 1990 | AG4: brood year | AH4: rp3 | AI4: rp4 | AJ4: rp5 | AL4: retro rec alt formula | AM4: year | AN4: retro run | AO4: retro U | AP4: retro spawners | AQ4: retro Recruits | AR4: retro Yield | AZ4: Source | BA4: Year | BB4: Strait (a) | BC4: Strait | BD4: Coast (b) | BE4: 7&7A | BF4: 4B,5,6C | BG4: Harvest (c) | BH4: Harvest | BI4: Rate | BJ4: Escapement | BK4: Stock | BL4: HR | BM4: St. HR | BN4: HR | BO4: Fraser R HR | BP4: hr | BQ4: catch | BS4: St. HR | BT4: HR | BU4: Fraser R HR
A5: =P5 -> Cass | B5: =L5 -> 1951 | C5: =M5 -> 171725 | D5: =N5 -> 498986 | E5: =LN(D5/C5) -> 1.0666837 | F5: =A5 -> Cass | G5: 17243.254 | H5: =R5 -> 171725 | I5: =AA5 -> 595477.2 | J5: =LN(I5/H5) -> 1.2434687 | K5: =J5-(aa-bb*H5) -> 0.22013898 | L5: 1951 | M5: 171725 | N5: 498986 | P5: =AZ5 -> Cass | Q5: =BA5 -> 1951 | R5: =BJ5 -> 171725 | S5: =BK5 -> 1187739 | T5: =1-R5/S5 -> 0.85541857 | U5: =S5-R5 -> 1016014 | W5: =$S8*W$2 -> 328955.1 | X5: =$S9*X$2 -> 238259.4 | Y5: =$S10*Y$2 -> 28262.7 | Z5: =$S11*Z$2 -> 0 | AA5: =SUM(W5:Z5) -> 595477.2 | AF5: =AA5 -> 595477.2 | AG5: =B5 -> 1951 | AH5: =W5/$AA5 -> 0.55242266 | AI5: =X5/$AA5 -> 0.40011507 | AJ5: =Y5/$AA5 -> 0.047462271 | AL5: =I5*AP5/H5*EXP(-bb*(AP5-H5)) -> 1588004.3 | AM5: =B5 -> 1951 | AN5: =S5 -> 1187739 | AO5: =CHOOSE(umethod,T5,retroU,MAX(0,cslope*(AN5-nlim)/AN5)) -> 0.5 | AP5: =AN5*(1-AO5) -> 593869.5 | AQ5: =AP5*EXP(aa-bb*AP5+K5) -> 1588004.3 | AR5: =AN5-AP5 -> 593869.5 | AZ5: Cass | BA5: 1951 | BB5: 523874 | BC5: N/A | BD5: 302 | BE5: 0 | BF5: 23 | BG5: 491815 | BH5: 1016014 | BI5: 0.86 | BJ5: 171725 | BK5: 1187739 | BL5: =BH5/BK5 -> 0.85541857 | BM5: =BB5/BK5 -> 0.44106828 | BN5: =BD5/(BK5-BB5) -> 0.00045491177 | BO5: =BG5/(BK5-BB5-BD5-BF5) -> 0.74119872 | BP5: =BH5/BK5 -> 0.85541857 | BQ5: =BJ5*BP5/(1-BP5) -> 1016014 | BS5: =BM5/(SUM($BM5:$BO5)) -> 0.37292645 | BT5: =BN5/(SUM($BM5:$BO5)) -> 0.00038463121 | BU5: =BO5/(SUM($BM5:$BO5)) -> 0.62668892 | CR5: Grant vs. Cass
A6: =P6 -> Cass | B6: =L6 -> 1952 | C6: =M6 -> 176250 | D6: =N6 -> 283055 | E6: =LN(D6/C6) -> 0.47373778 | F6: =A6 -> Cass | G6: 17747.773 | H6: =R6 -> 176250 | I6: =AA6 -> 319542.2 | J6: =LN(I6/H6) -> 0.5949859 | K6: =J6-(aa-bb*H6) -> -0.42555802 | L6: 1952 | M6: 176250 | N6: 283055 | P6: =AZ6 -> Cass | Q6: =BA6 -> 1952 | R6: =BJ6 -> 176250 | S6: =BK6 -> 927000 | T6: =1-R6/S6 -> 0.80987055 | U6: =S6-R6 -> 750750 | W6: =$S9*W$2 -> 119129.7 | X6: =$S10*X$2 -> 169576.2 | Y6: =$S11*Y$2 -> 30836.3 | Z6: =$S12*Z$2 -> 0 | AA6: =SUM(W6:Z6) -> 319542.2 | AF6: =AA6 -> 319542.2 | AG6: =B6 -> 1952 | AH6: =W6/$AA6 -> 0.37281367 | AI6: =X6/$AA6 -> 0.53068484 | AJ6: =Y6/$AA6 -> 0.096501495 | AL6: =I6*AP6/H6*EXP(-bb*(AP6-H6)) -> 704117.78 | AM6: =B6 -> 1952 | AN6: =S6 -> 927000 | AO6: =CHOOSE(umethod,T6,retroU,MAX(0,cslope*(AN6-nlim)/AN6)) -> 0.5 | AP6: =AN6*(1-AO6) -> 463500 | AQ6: =AP6*EXP(aa-bb*AP6+K6) -> 704117.78 | AR6: =AN6-AP6 -> 463500 | AV6: =retroY -> 51361535 | AZ6: Cass | BA6: 1952 | BB6: 191249 | BC6: N/A | BD6: 108 | BE6: 0 | BF6: 0 | BG6: 559393 | BH6: 750750 | BI6: 0.81 | BJ6: 176250 | BK6: 927000 | BL6: =BH6/BK6 -> 0.80987055 | BM6: =BB6/BK6 -> 0.2063096 | BN6: =BD6/(BK6-BB6) -> 0.00014678879 | BO6: =BG6/(BK6-BB6-BD6-BF6) -> 0.76041368 | BP6: =BH6/BK6 -> 0.80987055 | BQ6: =BJ6*BP6/(1-BP6) -> 750750 | BS6: =BM6/(SUM($BM6:$BO6)) -> 0.21337883 | BT6: =BN6/(SUM($BM6:$BO6)) -> 0.00015181853 | BU6: =BO6/(SUM($BM6:$BO6)) -> 0.78646935 | CE6: Source | CF6: Year | CG6: Total Returns | CH6: Areas 11 to 13 | CI6: Area 14 | CJ6: Areas 20 & 21 | CK6: Areas 7 & 7a | CL6: Areas 4b, 5, 6c | CM6: Fraser | CN6: Gross Escapement | CO6: Gross Esc+catch | CQ6: Total exploitation rate | CR6: Year | CS6: %dif tot returns | CT6: %dif gross escape
A7: =P7 -> Grant | B7: =L7 -> 1953 | C7: =M7 -> 137225 | D7: =N7 -> 312122 | E7: =LN(D7/C7) -> 0.82177222 | F7: =A7 -> Grant | G7: 18200.243 | H7: =R7 -> 137625 | I7: =AA7 -> 325788.8 | J7: =LN(I7/H7) -> 0.86171672 | K7: =J7-(aa-bb*H7) -> -0.18260684 | L7: 1953 | M7: 137225 | N7: 312122 | P7: =CE7 -> Grant | Q7: =CF7 -> 1953 | R7: =CN7 -> 137625 | S7: =CG7 -> 918122 | T7: =1-R7/S7 -> 0.85010162 | U7: =S7-R7 -> 780497 | W7: =$S10*W$2 -> 84788.1 | X7: =$S11*X$2 -> 185017.8 | Y7: =$S12*Y$2 -> 55982.9 | Z7: =$S13*Z$2 -> 0 | AA7: =SUM(W7:Z7) -> 325788.8 | AF7: =AA7 -> 325788.8 | AG7: =B7 -> 1953 | AH7: =W7/$AA7 -> 0.2602548 | AI7: =X7/$AA7 -> 0.56790718 | AJ7: =Y7/$AA7 -> 0.17183801 | AL7: =I7*AP7/H7*EXP(-bb*(AP7-H7)) -> 891590.03 | AM7: =B7 -> 1953 | AN7: =S7 -> 918122 | AO7: =CHOOSE(umethod,T7,retroU,MAX(0,cslope*(AN7-nlim)/AN7)) -> 0.5 | AP7: =AN7*(1-AO7) -> 459061 | AQ7: =AP7*EXP(aa-bb*AP7+K7) -> 891590.03 | AR7: =AN7-AP7 -> 459061 | AU7: 0.05 | AV7: 6404262.3 | AZ7: Cass | BA7: 1953 | BB7: 465021 | BC7: N/A | BD7: 404 | BE7: 0 | BF7: 0 | BG7: 331804 | BH7: 797229 | BI7: 0.85 | BJ7: 137225 | BK7: 934454 | BL7: =BH7/BK7 -> 0.85314954 | BM7: =BB7/BK7 -> 0.49763926 | BN7: =BD7/(BK7-BB7) -> 0.0008606127 | BO7: =BG7/(BK7-BB7-BD7-BF7) -> 0.70742747 | BP7: =BH7/BK7 -> 0.85314954 | BQ7: =BJ7*BP7/(1-BP7) -> 797229 | BS7: =BM7/(SUM($BM7:$BO7)) -> 0.41266106 | BT7: =BN7/(SUM($BM7:$BO7)) -> 0.00071365219 | BU7: =BO7/(SUM($BM7:$BO7)) -> 0.58662528 | CE7: Grant | CF7: 1953 | CG7: 918122 | CH7: 434551 | CI7: 10184 | CJ7: 3947 | CK7: 0 | CL7: 0 | CM7: 331815 | CN7: 137625 | CO7: =SUM(CH7:CN7) -> 918122 | CQ7: 0.85 | CR7: =CF7 -> 1953 | CS7: =(CG7-BK7)/BK7 -> -0.017477586 | CT7: =(CN7-BJ7)/BJ7 -> 0.0029149208
A8: =P8 -> Grant | B8: =L8 -> 1954 | C8: =M8 -> 86375 | D8: =N8 -> 504589 | E8: =LN(D8/C8) -> 1.765046 | F8: =A8 -> Grant | G8: 18877.276 | H8: =R8 -> 86375 | I8: =AA8 -> 493568.5 | J8: =LN(I8/H8) -> 1.7429634 | K8: =J8-(aa-bb*H8) -> 0.66708753 | L8: 1954 | M8: 86375 | N8: 504589 | P8: =CE8 -> Grant | Q8: =CF8 -> 1954 | R8: =CN8 -> 86375 | S8: =CG8 -> 1096517 | T8: =1-R8/S8 -> 0.92122785 | U8: =S8-R8 -> 1010142 | W8: =$S11*W$2 -> 92508.9 | X8: =$S12*X$2 -> 335897.4 | Y8: =$S13*Y$2 -> 65162.2 | Z8: =$S14*Z$2 -> 0 | AA8: =SUM(W8:Z8) -> 493568.5 | AF8: =AA8 -> 493568.5 | AG8: =B8 -> 1954 | AH8: =W8/$AA8 -> 0.1874287 | AI8: =X8/$AA8 -> 0.6805487 | AJ8: =Y8/$AA8 -> 0.13202261 | AL8: =I8*AP8/H8*EXP(-bb*(AP8-H8)) -> 2357483 | AM8: =B8 -> 1954 | AN8: =S8 -> 1096517 | AO8: =CHOOSE(umethod,T8,retroU,MAX(0,cslope*(AN8-nlim)/AN8)) -> 0.5 | AP8: =AN8*(1-AO8) -> 548258.5 | AQ8: =AP8*EXP(aa-bb*AP8+K8) -> 2357483 | AR8: =AN8-AP8 -> 548258.5 | AU8: 0.1 | AV8: 12808818 | AZ8: Cass | BA8: 1954 | BB8: 590473 | BC8: N/A | BD8: 253 | BE8: 0 | BF8: 0 | BG8: 457750 | BH8: 1048476 | BI8: 0.92 | BJ8: 86375 | BK8: 1134851 | BL8: =BH8/BK8 -> 0.92388869 | BM8: =BB8/BK8 -> 0.52030883 | BN8: =BD8/(BK8-BB8) -> 0.0004647506 | BO8: =BG8/(BK8-BB8-BD8-BF8) -> 0.8412589 | BP8: =BH8/BK8 -> 0.92388869 | BQ8: =BJ8*BP8/(1-BP8) -> 1048476 | BS8: =BM8/(SUM($BM8:$BO8)) -> 0.38200912 | BT8: =BN8/(SUM($BM8:$BO8)) -> 0.00034121844 | BU8: =BO8/(SUM($BM8:$BO8)) -> 0.61764966 | CE8: Grant | CF8: 1954 | CG8: 1096517 | CH8: 542719 | CI8: 8768 | CJ8: 1248 | CK8: 0 | CL8: 0 | CM8: 457407 | CN8: 86375 | CO8: =SUM(CH8:CN8) -> 1096517 | CQ8: 0.921 | CR8: =CF8 -> 1954 | CS8: =(CG8-BK8)/BK8 -> -0.033778884 | CT8: =(CN8-BJ8)/BJ8 -> 0
A9: =P9 -> Grant | B9: =L9 -> 1955 | C9: =M9 -> 110500 | D9: =N9 -> 592568 | E9: =LN(D9/C9) -> 1.6794501 | F9: =A9 -> Grant | G9: 19634.011 | H9: =R9 -> 110500 | I9: =AA9 -> 597993.3 | J9: =LN(I9/H9) -> 1.688564 | K9: =J9-(aa-bb*H9) -> 0.62754085 | L9: 1955 | M9: 110500 | N9: 592568 | P9: =CE9 -> Grant | Q9: =CF9 -> 1955 | R9: =CN9 -> 110500 | S9: =CG9 -> 397099 | T9: =1-R9/S9 -> 0.72173186 | U9: =S9-R9 -> 286599 | W9: =$S12*W$2 -> 167948.7 | X9: =$S13*X$2 -> 390973.2 | Y9: =$S14*Y$2 -> 39071.4 | Z9: =$S15*Z$2 -> 0 | AA9: =SUM(W9:Z9) -> 597993.3 | AF9: =AA9 -> 597993.3 | AG9: =B9 -> 1955 | AH9: =W9/$AA9 -> 0.28085382 | AI9: =X9/$AA9 -> 0.65380866 | AJ9: =Y9/$AA9 -> 0.065337521 | AL9: =I9*AP9/H9*EXP(-bb*(AP9-H9)) -> 1972582.1 | AM9: =B9 -> 1955 | AN9: =AH6*AQ6+AI5*AQ5 -> 897889.17 | AO9: =CHOOSE(umethod,T9,retroU,MAX(0,cslope*(AN9-nlim)/AN9)) -> 0.5 | AP9: =AN9*(1-AO9) -> 448944.59 | AQ9: =AP9*EXP(aa-bb*AP9+K9) -> 1972582.1 | AR9: =AN9-AP9 -> 448944.59 | AU9: 0.15 | AV9: 19166297 | AZ9: Cass | BA9: 1955 | BB9: 143565 | BC9: N/A | BD9: 759 | BE9: 0 | BF9: 9 | BG9: 103297 | BH9: 247630 | BI9: 0.69 | BJ9: 110500 | BK9: 358130 | BL9: =BH9/BK9 -> 0.69145282 | BM9: =BB9/BK9 -> 0.40087398 | BN9: =BD9/(BK9-BB9) -> 0.0035373896 | BO9: =BG9/(BK9-BB9-BD9-BF9) -> 0.48315458 | BP9: =BH9/BK9 -> 0.69145282 | BQ9: =BJ9*BP9/(1-BP9) -> 247630 | BS9: =BM9/(SUM($BM9:$BO9)) -> 0.45165543 | BT9: =BN9/(SUM($BM9:$BO9)) -> 0.0039854949 | BU9: =BO9/(SUM($BM9:$BO9)) -> 0.54435907 | CE9: Grant | CF9: 1955 | CG9: 397099 | CH9: 174665 | CI9: 634 | CJ9: 8217 | CK9: 0 | CL9: 0 | CM9: 103084 | CN9: 110500 | CO9: =SUM(CH9:CN9) -> 397100 | CQ9: 0.722 | CR9: =CF9 -> 1955 | CS9: =(CG9-BK9)/BK9 -> 0.10881244 | CT9: =(CN9-BJ9)/BJ9 -> 0
A10: =P10 -> Grant | B10: =L10 -> 1956 | C10: =M10 -> 32925 | D10: =N10 -> 518932 | E10: =LN(D10/C10) -> 2.7575406 | F10: =A10 -> Grant | G10: 20266.027 | H10: =R10 -> 32950 | I10: =AA10 -> 455279.4 | J10: =LN(I10/H10) -> 2.62592 | K10: =J10-(aa-bb*H10) -> 1.5171529 | L10: 1956 | M10: 32925 | N10: 518932 | P10: =CE10 -> Grant | Q10: =CF10 -> 1956 | R10: =CN10 -> 32950 | S10: =CG10 -> 282627 | T10: =1-R10/S10 -> 0.88341524 | U10: =S10-R10 -> 249677 | W10: =$S13*W$2 -> 195486.6 | X10: =$S14*X$2 -> 234428.4 | Y10: =$S15*Y$2 -> 25364.4 | Z10: =$S16*Z$2 -> 0 | AA10: =SUM(W10:Z10) -> 455279.4 | AF10: =AA10 -> 455279.4 | AG10: =B10 -> 1956 | AH10: =W10/$AA10 -> 0.42937721 | AI10: =X10/$AA10 -> 0.51491106 | AJ10: =Y10/$AA10 -> 0.055711723 | AL10: =I10*AP10/H10*EXP(-bb*(AP10-H10)) -> 3893556.8 | AM10: =B10 -> 1956 | AN10: =AH7*AQ7+AI6*AQ6+AJ5*AQ5 -> 681075.51 | AO10: =CHOOSE(umethod,T10,retroU,MAX(0,cslope*(AN10-nlim)/AN10)) -> 0.5 | AP10: =AN10*(1-AO10) -> 340537.75 | AQ10: =AP10*EXP(aa-bb*AP10+K10) -> 3893556.8 | AR10: =AN10-AP10 -> 340537.75 | AU10: 0.2 | AV10: 25410624 | AZ10: Cass | BA10: 1956 | BB10: 155668 | BC10: N/A | BD10: 61 | BE10: 0 | BF10: 0 | BG10: 72958 | BH10: 228687 | BI10: 0.87 | BJ10: 32925 | BK10: 261612 | BL10: =BH10/BK10 -> 0.87414568 | BM10: =BB10/BK10 -> 0.59503387 | BN10: =BD10/(BK10-BB10) -> 0.00057577588 | BO10: =BG10/(BK10-BB10-BD10-BF10) -> 0.68904357 | BP10: =BH10/BK10 -> 0.87414568 | BQ10: =BJ10*BP10/(1-BP10) -> 228687 | BS10: =BM10/(SUM($BM10:$BO10)) -> 0.46318638 | BT10: =BN10/(SUM($BM10:$BO10)) -> 0.00044819557 | BU10: =BO10/(SUM($BM10:$BO10)) -> 0.53636543 | CE10: Grant | CF10: 1956 | CG10: 282627 | CH10: 175589 | CI10: 685 | CJ10: 591 | CK10: 0 | CL10: 0 | CM10: 72812 | CN10: 32950 | CO10: =SUM(CH10:CN10) -> 282627 | CQ10: 0.883 | CR10: =CF10 -> 1956 | CS10: =(CG10-BK10)/BK10 -> 0.080328884 | CT10: =(CN10-BJ10)/BJ10 -> 0.00075930144
A11: =P11 -> Grant | B11: =L11 -> 1957 | C11: =M11 -> 84630 | D11: =N11 -> 353281 | E11: =LN(D11/C11) -> 1.428975 | F11: =A11 -> Grant | G11: 20594.875 | H11: =R11 -> 84655 | I11: =AA11 -> 294324.5 | J11: =LN(I11/H11) -> 1.2460987 | K11: =J11-(aa-bb*H11) -> 0.16916396 | L11: 1957 | M11: 84630 | N11: 353281 | P11: =CE11 -> Grant | Q11: =CF11 -> 1957 | R11: =CN11 -> 84655 | S11: =CG11 -> 308363 | T11: =1-R11/S11 -> 0.72546966 | U11: =S11-R11 -> 223708 | W11: =$S14*W$2 -> 117214.2 | X11: =$S15*X$2 -> 152186.4 | Y11: =$S16*Y$2 -> 24923.9 | Z11: =$S17*Z$2 -> 0 | AA11: =SUM(W11:Z11) -> 294324.5 | AF11: =AA11 -> 294324.5 | AG11: =B11 -> 1957 | AH11: =W11/$AA11 -> 0.39824819 | AI11: =X11/$AA11 -> 0.5170701 | AJ11: =Y11/$AA11 -> 0.084681703 | AL11: =I11*AP11/H11*EXP(-bb*(AP11-H11)) -> 1361097.6 | AM11: =B11 -> 1957 | AN11: =AH8*AQ8+AI7*AQ7+AJ6*AQ6 -> 1016148.8 | AO11: =CHOOSE(umethod,T11,retroU,MAX(0,cslope*(AN11-nlim)/AN11)) -> 0.5 | AP11: =AN11*(1-AO11) -> 508074.38 | AQ11: =AP11*EXP(aa-bb*AP11+K11) -> 1361097.6 | AR11: =AN11-AP11 -> 508074.38 | AU11: 0.25 | AV11: 31449195 | AZ11: Cass | BA11: 1957 | BB11: 92528 | BC11: N/A | BD11: 123 | BE11: 0 | BF11: 48 | BG11: 124319 | BH11: 217018 | BI11: 0.72 | BJ11: 84630 | BK11: 301648 | BL11: =BH11/BK11 -> 0.7194412 | BM11: =BB11/BK11 -> 0.30674163 | BN11: =BD11/(BK11-BB11) -> 0.00058817904 | BO11: =BG11/(BK11-BB11-BD11-BF11) -> 0.59497294 | BP11: =BH11/BK11 -> 0.7194412 | BQ11: =BJ11*BP11/(1-BP11) -> 217018 | BS11: =BM11/(SUM($BM11:$BO11)) -> 0.33995423 | BT11: =BN11/(SUM($BM11:$BO11)) -> 0.0006518644 | BU11: =BO11/(SUM($BM11:$BO11)) -> 0.65939391 | CE11: Grant | CF11: 1957 | CG11: 308363 | CH11: 97399 | CI11: 600 | CJ11: 1444 | CK11: 0 | CL11: 0 | CM11: 124265 | CN11: 84655 | CO11: =SUM(CH11:CN11) -> 308363 | CQ11: 0.725 | CR11: =CF11 -> 1957 | CS11: =(CG11-BK11)/BK11 -> 0.022261046 | CT11: =(CN11-BJ11)/BJ11 -> 0.00029540352
A12: =P12 -> Grant | B12: =L12 -> 1958 | C12: =M12 -> 89375 | D12: =N12 -> 302174 | E12: =LN(D12/C12) -> 1.218162 | F12: =A12 -> Grant | G12: 20038.595 | H12: =R12 -> 89400 | I12: =AA12 -> 259625 | J12: =LN(I12/H12) -> 1.0661176 | K12: =J12-(aa-bb*H12) -> -0.0078958852 | L12: 1958 | M12: 89375 | N12: 302174 | P12: =CE12 -> Grant | Q12: =CF12 -> 1958 | R12: =CN12 -> 89400 | S12: =CG12 -> 559829 | T12: =1-R12/S12 -> 0.84030838 | U12: =S12-R12 -> 470429 | W12: =$S15*W$2 -> 76093.2 | X12: =$S16*X$2 -> 149543.4 | Y12: =$S17*Y$2 -> 33988.4 | Z12: =$S18*Z$2 -> 0 | AA12: =SUM(W12:Z12) -> 259625 | AF12: =AA12 -> 259625 | AG12: =B12 -> 1958 | AH12: =W12/$AA12 -> 0.29308888 | AI12: =X12/$AA12 -> 0.57599769 | AJ12: =Y12/$AA12 -> 0.13091343 | AL12: =I12*AP12/H12*EXP(-bb*(AP12-H12)) -> 1740855.3 | AM12: =B12 -> 1958 | AN12: =AH9*AQ9+AI8*AQ8+AJ7*AQ7 -> 2311598.2 | AO12: =CHOOSE(umethod,T12,retroU,MAX(0,cslope*(AN12-nlim)/AN12)) -> 0.5 | AP12: =AN12*(1-AO12) -> 1155799.1 | AQ12: =AP12*EXP(aa-bb*AP12+K12) -> 1740855.3 | AR12: =AN12-AP12 -> 1155799.1 | AU12: 0.3 | AV12: 37151337 | AZ12: Cass | BA12: 1958 | BB12: 252287 | BC12: N/A | BD12: 1178 | BE12: 0 | BF12: 690 | BG12: 202075 | BH12: 456230 | BI12: 0.84 | BJ12: 89375 | BK12: 545605 | BL12: =BH12/BK12 -> 0.83619102 | BM12: =BB12/BK12 -> 0.46239862 | BN12: =BD12/(BK12-BB12) -> 0.004016119 | BO12: =BG12/(BK12-BB12-BD12-BF12) -> 0.69334363 | BP12: =BH12/BK12 -> 0.83619102 | BQ12: =BJ12*BP12/(1-BP12) -> 456230 | BS12: =BM12/(SUM($BM12:$BO12)) -> 0.39870255 | BT12: =BN12/(SUM($BM12:$BO12)) -> 0.0034628929 | BU12: =BO12/(SUM($BM12:$BO12)) -> 0.59783455 | CE12: Grant | CF12: 1958 | CG12: 559829 | CH12: 247648 | CI12: 8879 | CJ12: 11935 | CK12: 0 | CL12: 0 | CM12: 201968 | CN12: 89400 | CO12: =SUM(CH12:CN12) -> 559830 | CQ12: 0.84 | CR12: =CF12 -> 1958 | CS12: =(CG12-BK12)/BK12 -> 0.026070142 | CT12: =(CN12-BJ12)/BJ12 -> 0.00027972028
A13: =P13 -> Grant | B13: =L13 -> 1959 | C13: =M13 -> 152300 | D13: =N13 -> 361837 | E13: =LN(D13/C13) -> 0.86534157 | F13: =A13 -> Grant | G13: 15904.252 | H13: =R13 -> 152300 | I13: =AA13 -> 315857.7 | J13: =LN(I13/H13) -> 0.72943954 | K13: =J13-(aa-bb*H13) -> -0.30584931 | L13: 1959 | M13: 152300 | N13: 361837 | P13: =CE13 -> Grant | Q13: =CF13 -> 1959 | R13: =CN13 -> 152300 | S13: =CG13 -> 651622 | T13: =1-R13/S13 -> 0.76627554 | U13: =S13-R13 -> 499322 | W13: =$S16*W$2 -> 74771.7 | X13: =$S17*X$2 -> 203930.4 | Y13: =$S18*Y$2 -> 37155.6 | Z13: =$S19*Z$2 -> 0 | AA13: =SUM(W13:Z13) -> 315857.7 | AF13: =AA13 -> 315857.7 | AG13: =B13 -> 1959 | AH13: =W13/$AA13 -> 0.23672591 | AI13: =X13/$AA13 -> 0.64564011 | AJ13: =Y13/$AA13 -> 0.11763399 | AL13: =I13*AP13/H13*EXP(-bb*(AP13-H13)) -> 1361035.9 | AM13: =B13 -> 1959 | AN13: =AH10*AQ10+AI9*AQ9+AJ8*AQ8 -> 3272736.9 | AO13: =CHOOSE(umethod,T13,retroU,MAX(0,cslope*(AN13-nlim)/AN13)) -> 0.5 | AP13: =AN13*(1-AO13) -> 1636368.4 | AQ13: =AP13*EXP(aa-bb*AP13+K13) -> 1361035.9 | AR13: =AN13-AP13 -> 1636368.4 | AU13: 0.35 | AV13: 42330917 | AZ13: Cass | BA13: 1959 | BB13: 218898 | BC13: N/A | BD13: 1448 | BE13: 0 | BF13: 996 | BG13: 237091 | BH13: 458433 | BI13: 0.75 | BJ13: 152300 | BK13: 610733 | BL13: =BH13/BK13 -> 0.75062752 | BM13: =BB13/BK13 -> 0.35841849 | BN13: =BD13/(BK13-BB13) -> 0.003695433 | BO13: =BG13/(BK13-BB13-BD13-BF13) -> 0.60887642 | BP13: =BH13/BK13 -> 0.75062752 | BQ13: =BJ13*BP13/(1-BP13) -> 458433 | BS13: =BM13/(SUM($BM13:$BO13)) -> 0.36912673 | BT13: =BN13/(SUM($BM13:$BO13)) -> 0.0038058391 | BU13: =BO13/(SUM($BM13:$BO13)) -> 0.62706743 | CE13: Grant | CF13: 1959 | CG13: 651622 | CH13: 241353 | CI13: 5430 | CJ13: 15632 | CK13: 0 | CL13: 0 | CM13: 236907 | CN13: 152300 | CO13: =SUM(CH13:CN13) -> 651622 | CQ13: 0.766 | CR13: =CF13 -> 1959 | CS13: =(CG13-BK13)/BK13 -> 0.066950697 | CT13: =(CN13-BJ13)/BJ13 -> 0
A14: =P14 -> Grant | B14: =L14 -> 1960 | C14: =M14 -> 263700 | D14: =N14 -> 416907 | E14: =LN(D14/C14) -> 0.45805108 | F14: =A14 -> Grant | G14: 13108.046 | H14: =R14 -> 144782 | I14: =AA14 -> 341946 | J14: =LN(I14/H14) -> 0.85942367 | K14: =J14-(aa-bb*H14) -> -0.18049366 | L14: 1960 | M14: 263700 | N14: 416907 | P14: =CE14 -> Grant | Q14: =CF14 -> 1960 | R14: =CN14 -> 144782 | S14: =CG14 -> 390714 | T14: =1-R14/S14 -> 0.62944251 | U14: =S14-R14 -> 245932 | W14: =$S17*W$2 -> 101965.2 | X14: =$S18*X$2 -> 222933.6 | Y14: =$S19*Y$2 -> 17047.2 | Z14: =$S20*Z$2 -> 0 | AA14: =SUM(W14:Z14) -> 341946 | AF14: =AA14 -> 341946 | AG14: =B14 -> 1960 | AH14: =W14/$AA14 -> 0.29819094 | AI14: =X14/$AA14 -> 0.65195557 | AJ14: =Y14/$AA14 -> 0.049853486 | AL14: =I14*AP14/H14*EXP(-bb*(AP14-H14)) -> 1515848.2 | AM14: =B14 -> 1960 | AN14: =AH11*AQ11+AI10*AQ10+AJ9*AQ9 -> 2675773.7 | AO14: =CHOOSE(umethod,T14,retroU,MAX(0,cslope*(AN14-nlim)/AN14)) -> 0.5 | AP14: =AN14*(1-AO14) -> 1337886.9 | AQ14: =AP14*EXP(aa-bb*AP14+K14) -> 1515848.2 | AR14: =AN14-AP14 -> 1337886.9 | AU14: 0.4 | AV14: 46719560 | AZ14: Cass | BA14: 1960 | BB14: 146889 | BC14: N/A | BD14: 4618 | BE14: 21523 | BF14: 185 | BG14: 77262 | BH14: 250476 | BI14: 0.49 | BJ14: 263700 | BK14: 514176 | BL14: =BH14/BK14 -> 0.48714059 | BM14: =BB14/BK14 -> 0.28567844 | BN14: =BD14/(BK14-BB14) -> 0.012573274 | BO14: =BG14/(BK14-BB14-BD14-BF14) -> 0.21314596 | BP14: =BH14/BK14 -> 0.48714059 | BQ14: =BJ14*BP14/(1-BP14) -> 250476 | BS14: =BM14/(SUM($BM14:$BO14)) -> 0.55862288 | BT14: =BN14/(SUM($BM14:$BO14)) -> 0.024586099 | BU14: =BO14/(SUM($BM14:$BO14)) -> 0.41679102 | CE14: Grant | CF14: 1960 | CG14: 390714 | CH14: 141635 | CI14: 1189 | CJ14: 4310 | CK14: 21523 | CL14: 185 | CM14: 77090 | CN14: 144782 | CO14: =SUM(CH14:CN14) -> 390714 | CQ14: 0.629 | CR14: =CF14 -> 1960 | CS14: =(CG14-BK14)/BK14 -> -0.24011622 | CT14: =(CN14-BJ14)/BJ14 -> -0.45095942
A15: =P15 -> Grant | B15: =L15 -> 1961 | C15: =M15 -> 172700 | D15: =N15 -> 288161 | E15: =LN(D15/C15) -> 0.51196337 | F15: =A15 -> Grant | G15: 12157.238 | H15: =R15 -> 103920 | I15: =AA15 -> 255725.9 | J15: =LN(I15/H15) -> 0.9004848 | K15: =J15-(aa-bb*H15) -> -0.16458939 | L15: 1961 | M15: 172700 | N15: 288161 | P15: =CE15 -> Grant | Q15: =CF15 -> 1961 | R15: =CN15 -> 103920 | S15: =CG15 -> 253644 | T15: =1-R15/S15 -> 0.59029191 | U15: =S15-R15 -> 149724 | W15: =$S18*W$2 -> 111466.8 | X15: =$S19*X$2 -> 102283.2 | Y15: =$S20*Y$2 -> 41975.9 | Z15: =$S21*Z$2 -> 0 | AA15: =SUM(W15:Z15) -> 255725.9 | AF15: =AA15 -> 255725.9 | AG15: =B15 -> 1961 | AH15: =W15/$AA15 -> 0.43588389 | AI15: =X15/$AA15 -> 0.399972 | AJ15: =Y15/$AA15 -> 0.16414411 | AM15: =B15 -> 1961 | AN15: =AH12*AQ12+AI11*AQ11+AJ10*AQ10 -> 1430925 | AO15: =CHOOSE(umethod,T15,retroU,MAX(0,cslope*(AN15-nlim)/AN15)) -> 0.5 | AP15: =AN15*(1-AO15) -> 715462.48 | AQ15: =AP15*EXP(aa-bb*AP15+K15) -> 1208234.3 | AR15: =AN15-AP15 -> 715462.48 | AU15: 0.45 | AV15: 49924457 | AZ15: Cass | BA15: 1961 | BB15: 65963 | BC15: N/A | BD15: 5894 | BE15: 15803 | BF15: 20 | BG15: 57545 | BH15: 145224 | BI15: 0.46 | BJ15: 172700 | BK15: 317924 | BL15: =BH15/BK15 -> 0.45678841 | BM15: =BB15/BK15 -> 0.2074804 | BN15: =BD15/(BK15-BB15) -> 0.023392509 | BO15: =BG15/(BK15-BB15-BD15-BF15) -> 0.23387808 | BP15: =BH15/BK15 -> 0.45678841 | BQ15: =BJ15*BP15/(1-BP15) -> 145224 | BS15: =BM15/(SUM($BM15:$BO15)) -> 0.44643348 | BT15: =BN15/(SUM($BM15:$BO15)) -> 0.050333425 | BU15: =BO15/(SUM($BM15:$BO15)) -> 0.50323309 | CE15: Grant | CF15: 1961 | CG15: 253644 | CH15: 69640 | CI15: 1131 | CJ15: 5676 | CK15: 15803 | CL15: 20 | CM15: 57454 | CN15: 103920 | CO15: =SUM(CH15:CN15) -> 253644 | CQ15: 0.59 | CR15: =CF15 -> 1961 | CS15: =(CG15-BK15)/BK15 -> -0.20218669 | CT15: =(CN15-BJ15)/BJ15 -> -0.39826288
A16: =P16 -> Grant | B16: =L16 -> 1962 | C16: =M16 -> 180200 | D16: =N16 -> 423280 | E16: =LN(D16/C16) -> 0.85396655 | F16: =A16 -> Grant | G16: 10463.341 | H16: =R16 -> 130357 | I16: =AA16 -> 335297.3 | J16: =LN(I16/H16) -> 0.94474076 | K16: =J16-(aa-bb*H16) -> -0.10405738 | L16: 1962 | M16: 180200 | N16: 423280 | P16: =CE16 -> Grant | Q16: =CF16 -> 1962 | R16: =CN16 -> 130357 | S16: =CG16 -> 249239 | T16: =1-R16/S16 -> 0.47697993 | U16: =S16-R16 -> 118882 | W16: =$S19*W$2 -> 51141.6 | X16: =$S20*X$2 -> 251855.4 | Y16: =$S21*Y$2 -> 32300.3 | Z16: =$S22*Z$2 -> 0 | AA16: =SUM(W16:Z16) -> 335297.3 | AF16: =AA16 -> 335297.3 | AG16: =B16 -> 1962 | AH16: =W16/$AA16 -> 0.15252613 | AI16: =X16/$AA16 -> 0.75114055 | AJ16: =Y16/$AA16 -> 0.096333314 | AM16: =B16 -> 1962 | AN16: =AH13*AQ13+AI12*AQ12+AJ11*AQ11 -> 1440181.2 | AO16: =CHOOSE(umethod,T16,retroU,MAX(0,cslope*(AN16-nlim)/AN16)) -> 0.5 | AP16: =AN16*(1-AO16) -> 720090.59 | AQ16: =AP16*EXP(aa-bb*AP16+K16) -> 1288257.6 | AR16: =AN16-AP16 -> 720090.59 | AU16: 0.5 | AV16: 51361535 | AZ16: Cass | BA16: 1962 | BB16: 36568 | BC16: N/A | BD16: 8034 | BE16: 8741 | BF16: 33 | BG16: 58870 | BH16: 112245 | BI16: 0.38 | BJ16: 180200 | BK16: 292445 | BL16: =BH16/BK16 -> 0.38381576 | BM16: =BB16/BK16 -> 0.12504232 | BN16: =BD16/(BK16-BB16) -> 0.031397898 | BO16: =BG16/(BK16-BB16-BD16-BF16) -> 0.23756103 | BP16: =BH16/BK16 -> 0.38381576 | BQ16: =BJ16*BP16/(1-BP16) -> 112245 | BS16: =BM16/(SUM($BM16:$BO16)) -> 0.31736528 | BT16: =BN16/(SUM($BM16:$BO16)) -> 0.079689844 | BU16: =BO16/(SUM($BM16:$BO16)) -> 0.60294488 | CE16: Grant | CF16: 1962 | CG16: 249239 | CH16: 42750 | CI16: 1338 | CJ16: 7155 | CK16: 8741 | CL16: 33 | CM16: 58866 | CN16: 130357 | CO16: =SUM(CH16:CN16) -> 249240 | CQ16: 0.477 | CR16: =CF16 -> 1962 | CS16: =(CG16-BK16)/BK16 -> -0.1477406 | CT16: =(CN16-BJ16)/BJ16 -> -0.27659822
A17: =P17 -> Grant | B17: =L17 -> 1963 | C17: =M17 -> 214200 | D17: =N17 -> 430785 | E17: =LN(D17/C17) -> 0.69869897 | F17: =A17 -> Grant | G17: 9070.6091 | H17: =R17 -> 192245 | I17: =AA17 -> 435055.2 | J17: =LN(I17/H17) -> 0.81670232 | K17: =J17-(aa-bb*H17) -> -0.19399422 | L17: 1963 | M17: 214200 | N17: 430785 | P17: =CE17 -> Grant | Q17: =CF17 -> 1963 | R17: =CN17 -> 192245 | S17: =CG17 -> 339884 | T17: =1-R17/S17 -> 0.43438055 | U17: =S17-R17 -> 147639 | W17: =$S20*W$2 -> 125927.7 | X17: =$S21*X$2 -> 193801.8 | Y17: =$S22*Y$2 -> 115325.7 | Z17: =$S23*Z$2 -> 0 | AA17: =SUM(W17:Z17) -> 435055.2 | AF17: =AA17 -> 435055.2 | AG17: =B17 -> 1963 | AH17: =W17/$AA17 -> 0.28945224 | AI17: =X17/$AA17 -> 0.44546485 | AJ17: =Y17/$AA17 -> 0.26508291 | AM17: =B17 -> 1963 | AN17: =AH14*AQ14+AI13*AQ13+AJ12*AQ12 -> 1558652.9 | AO17: =CHOOSE(umethod,T17,retroU,MAX(0,cslope*(AN17-nlim)/AN17)) -> 0.5 | AP17: =AN17*(1-AO17) -> 779326.46 | AQ17: =AP17*EXP(aa-bb*AP17+K17) -> 1228677 | AR17: =AN17-AP17 -> 779326.46 | AU17: 0.55 | AV17: 50157606 | AZ17: Cass | BA17: 1963 | BB17: 75293 | BC17: N/A | BD17: 9163 | BE17: 9807 | BF17: 360 | BG17: 64548 | BH17: 159172 | BI17: 0.43 | BJ17: 214200 | BK17: 373372 | BL17: =BH17/BK17 -> 0.42630942 | BM17: =BB17/BK17 -> 0.20165679 | BN17: =BD17/(BK17-BB17) -> 0.030740173 | BO17: =BG17/(BK17-BB17-BD17-BF17) -> 0.22369315 | BP17: =BH17/BK17 -> 0.42630942 | BQ17: =BJ17*BP17/(1-BP17) -> 159172 | BS17: =BM17/(SUM($BM17:$BO17)) -> 0.44214243 | BT17: =BN17/(SUM($BM17:$BO17)) -> 0.067399341 | BU17: =BO17/(SUM($BM17:$BO17)) -> 0.49045823 | CE17: Grant | CF17: 1963 | CG17: 339884 | CH17: 65476 | CI17: 0 | CJ17: 7567 | CK17: 9807 | CL17: 360 | CM17: 64428 | CN17: 192245 | CO17: =SUM(CH17:CN17) -> 339883 | CQ17: 0.434 | CR17: =CF17 -> 1963 | CS17: =(CG17-BK17)/BK17 -> -0.089690711 | CT17: =(CN17-BJ17)/BJ17 -> -0.10249767
A18: =P18 -> Grant | B18: =L18 -> 1964 | C18: =M18 -> 325400 | D18: =N18 -> 1165723 | E18: =LN(D18/C18) -> 1.2760416 | F18: =A18 -> Grant | G18: 7710.0916 | H18: =R18 -> 246741 | I18: =AA18 -> 846704.4 | J18: =LN(I18/H18) -> 1.2330124 | K18: =J18-(aa-bb*H18) -> 0.25586658 | L18: 1964 | M18: 325400 | N18: 1165723 | P18: =CE18 -> Grant | Q18: =CF18 -> 1964 | R18: =CN18 -> 246741 | S18: =CG18 -> 371556 | T18: =1-R18/S18 -> 0.33592514 | U18: =S18-R18 -> 124815 | W18: =$S21*W$2 -> 96900.9 | X18: =$S22*X$2 -> 691954.2 | Y18: =$S23*Y$2 -> 57849.3 | Z18: =$S24*Z$2 -> 0 | AA18: =SUM(W18:Z18) -> 846704.4 | AF18: =AA18 -> 846704.4 | AG18: =B18 -> 1964 | AH18: =W18/$AA18 -> 0.11444478 | AI18: =X18/$AA18 -> 0.81723232 | AJ18: =Y18/$AA18 -> 0.0683229 | AM18: =B18 -> 1964 | AN18: =AH15*AQ15+AI14*AQ14+AJ13*AQ13 -> 1675019.6 | AO18: =CHOOSE(umethod,T18,retroU,MAX(0,cslope*(AN18-nlim)/AN18)) -> 0.5 | AP18: =AN18*(1-AO18) -> 837509.81 | AQ18: =AP18*EXP(aa-bb*AP18+K18) -> 1997668.8 | AR18: =AN18-AP18 -> 837509.81 | AU18: 0.6 | AV18: 45080596 | AZ18: Cass | BA18: 1964 | BB18: 27470 | BC18: N/A | BD18: 9025 | BE18: 11350 | BF18: 437 | BG18: 73031 | BH18: 121313 | BI18: 0.27 | BJ18: 325400 | BK18: 446713 | BL18: =BH18/BK18 -> 0.2715681 | BM18: =BB18/BK18 -> 0.061493621 | BN18: =BD18/(BK18-BB18) -> 0.021526895 | BO18: =BG18/(BK18-BB18-BD18-BF18) -> 0.17821959 | BP18: =BH18/BK18 -> 0.2715681 | BQ18: =BJ18*BP18/(1-BP18) -> 121313 | BS18: =BM18/(SUM($BM18:$BO18)) -> 0.2353912 | BT18: =BN18/(SUM($BM18:$BO18)) -> 0.08240272 | BU18: =BO18/(SUM($BM18:$BO18)) -> 0.68220608 | CE18: Grant | CF18: 1964 | CG18: 371556 | CH18: 31979 | CI18: 0 | CJ18: 8372 | CK18: 11350 | CL18: 437 | CM18: 72677 | CN18: 246741 | CO18: =SUM(CH18:CN18) -> 371556 | CQ18: 0.336 | CR18: =CF18 -> 1964 | CS18: =(CG18-BK18)/BK18 -> -0.16824449 | CT18: =(CN18-BJ18)/BJ18 -> -0.24173018
A19: =P19 -> Grant | B19: =L19 -> 1965 | C19: =M19 -> 184800 | D19: =N19 -> 851349 | E19: =LN(D19/C19) -> 1.527548 | F19: =A19 -> Grant | G19: 7002.9849 | H19: =R19 -> 129459 | I19: =AA19 -> 767008.4 | J19: =LN(I19/H19) -> 1.7791335 | K19: =J19-(aa-bb*H19) -> 0.72978253 | L19: 1965 | M19: 184800 | N19: 851349 | P19: =CE19 -> Grant | Q19: =CF19 -> 1965 | R19: =CN19 -> 129459 | S19: =CG19 -> 170472 | T19: =1-R19/S19 -> 0.24058496 | U19: =S19-R19 -> 41013 | W19: =$S22*W$2 -> 345977.1 | X19: =$S23*X$2 -> 347095.8 | Y19: =$S24*Y$2 -> 73935.5 | Z19: =$S25*Z$2 -> 0 | AA19: =SUM(W19:Z19) -> 767008.4 | AF19: =AA19 -> 767008.4 | AG19: =B19 -> 1965 | AH19: =W19/$AA19 -> 0.45107342 | AI19: =X19/$AA19 -> 0.45253194 | AJ19: =Y19/$AA19 -> 0.096394642 | AM19: =B19 -> 1965 | AN19: =AH16*AQ16+AI15*AQ15+AJ14*AQ14 -> 755323.15 | AO19: =CHOOSE(umethod,T19,retroU,MAX(0,cslope*(AN19-nlim)/AN19)) -> 0.5 | AP19: =AN19*(1-AO19) -> 377661.57 | AQ19: =AP19*EXP(aa-bb*AP19+K19) -> 1920469.7 | AR19: =AN19-AP19 -> 377661.57 | AU19: 0.65 | AV19: 35049888 | AZ19: Cass | BA19: 1965 | BB19: 4270 | BC19: N/A | BD19: 8713 | BE19: 5595 | BF19: 203 | BG19: 19329 | BH19: 38110 | BI19: 0.17 | BJ19: 184800 | BK19: 222910 | BL19: =BH19/BK19 -> 0.17096586 | BM19: =BB19/BK19 -> 0.019155713 | BN19: =BD19/(BK19-BB19) -> 0.039850896 | BO19: =BG19/(BK19-BB19-BD19-BF19) -> 0.092163987 | BP19: =BH19/BK19 -> 0.17096586 | BQ19: =BJ19*BP19/(1-BP19) -> 38110 | BS19: =BM19/(SUM($BM19:$BO19)) -> 0.12671587 | BT19: =BN19/(SUM($BM19:$BO19)) -> 0.26361539 | BU19: =BO19/(SUM($BM19:$BO19)) -> 0.60966874 | CE19: Grant | CF19: 1965 | CG19: 170472 | CH19: 8447 | CI19: 0 | CJ19: 7566 | CK19: 5595 | CL19: 203 | CM19: 19202 | CN19: 129459 | CO19: =SUM(CH19:CN19) -> 170472 | CQ19: 0.241 | CR19: =CF19 -> 1965 | CS19: =(CG19-BK19)/BK19 -> -0.23524292 | CT19: =(CN19-BJ19)/BJ19 -> -0.29946429
A20: =P20 -> Grant | B20: =L20 -> 1966 | C20: =M20 -> 429700 | D20: =N20 -> 719419 | E20: =LN(D20/C20) -> 0.51535665 | F20: =A20 -> Grant | G20: 6693.7966 | H20: =R20 -> 360810 | I20: =AA20 -> 654797.3 | J20: =LN(I20/H20) -> 0.59597422 | K20: =J20-(aa-bb*H20) -> -0.31094458 | L20: 1966 | M20: 429700 | N20: 719419 | P20: =CE20 -> Grant | Q20: =CF20 -> 1966 | R20: =CN20 -> 360810 | S20: =CG20 -> 419759 | T20: =1-R20/S20 -> 0.14043535 | U20: =S20-R20 -> 58949 | W20: =$S23*W$2 -> 173547.9 | X20: =$S24*X$2 -> 443613 | Y20: =$S25*Y$2 -> 37636.4 | Z20: =$S26*Z$2 -> 0 | AA20: =SUM(W20:Z20) -> 654797.3 | AF20: =AA20 -> 654797.3 | AG20: =B20 -> 1966 | AH20: =W20/$AA20 -> 0.26504065 | AI20: =X20/$AA20 -> 0.67748141 | AJ20: =Y20/$AA20 -> 0.05747794 | AM20: =B20 -> 1966 | AN20: =AH17*AQ17+AI16*AQ16+AJ15*AQ15 -> 1521630.3 | AO20: =CHOOSE(umethod,T20,retroU,MAX(0,cslope*(AN20-nlim)/AN20)) -> 0.5 | AP20: =AN20*(1-AO20) -> 760815.17 | AQ20: =AP20*EXP(aa-bb*AP20+K20) -> 1079334.4 | AR20: =AN20-AP20 -> 760815.17 | AU20: 0.7 | AV20: 22241593 | AZ20: Cass | BA20: 1966 | BB20: 8860 | BC20: N/A | BD20: 8219 | BE20: 10083 | BF20: 216 | BG20: 26054 | BH20: 53432 | BI20: 0.11 | BJ20: 429700 | BK20: 483132 | BL20: =BH20/BK20 -> 0.11059503 | BM20: =BB20/BK20 -> 0.018338673 | BN20: =BD20/(BK20-BB20) -> 0.017329718 | BO20: =BG20/(BK20-BB20-BD20-BF20) -> 0.055929435 | BP20: =BH20/BK20 -> 0.11059503 | BQ20: =BJ20*BP20/(1-BP20) -> 53432 | BS20: =BM20/(SUM($BM20:$BO20)) -> 0.20020861 | BT20: =BN20/(SUM($BM20:$BO20)) -> 0.18919355 | BU20: =BO20/(SUM($BM20:$BO20)) -> 0.61059784 | CE20: Grant | CF20: 1966 | CG20: 419759 | CH20: 15213 | CI20: 0 | CJ20: 7402 | CK20: 10083 | CL20: 216 | CM20: 26035 | CN20: 360810 | CO20: =SUM(CH20:CN20) -> 419759 | CQ20: 0.14 | CR20: =CF20 -> 1966 | CS20: =(CG20-BK20)/BK20 -> -0.13117119 | CT20: =(CN20-BJ20)/BJ20 -> -0.16032115
A21: =P21 -> Grant | B21: =L21 -> 1967 | C21: =M21 -> 213873 | D21: =N21 -> 526762 | E21: =LN(D21/C21) -> 0.90136645 | F21: =A21 -> Grant | G21: 6634.8212 | H21: =R21 -> 213873 | I21: =AA21 -> 582606.9 | J21: =LN(I21/H21) -> 1.0021303 | K21: =J21-(aa-bb*H21) -> 0.0047491372 | L21: 1967 | M21: 213873 | N21: 526762 | P21: =CE21 -> Grant | Q21: =CF21 -> 1967 | R21: =CN21 -> 213873 | S21: =CG21 -> 323003 | T21: =1-R21/S21 -> 0.33786064 | U21: =S21-R21 -> 109130 | W21: =$S24*W$2 -> 221806.5 | X21: =$S25*X$2 -> 225818.4 | Y21: =$S26*Y$2 -> 134982 | Z21: =$S27*Z$2 -> 0 | AA21: =SUM(W21:Z21) -> 582606.9 | AF21: =AA21 -> 582606.9 | AG21: =B21 -> 1967 | AH21: =W21/$AA21 -> 0.38071382 | AI21: =X21/$AA21 -> 0.38759994 | AJ21: =Y21/$AA21 -> 0.23168624 | AM21: =B21 -> 1967 | AN21: =AH18*AQ18+AI17*AQ17+AJ16*AQ16 -> 900057.29 | AO21: =CHOOSE(umethod,T21,retroU,MAX(0,cslope*(AN21-nlim)/AN21)) -> 0.5 | AP21: =AN21*(1-AO21) -> 450028.64 | AQ21: =AP21*EXP(aa-bb*AP21+K21) -> 1060028.8 | AR21: =AN21-AP21 -> 450028.64 | AU21: 0.75 | AV21: 13351959 | AZ21: Cass | BA21: 1967 | BB21: 36432 | BC21: N/A | BD21: 11948 | BE21: 9206 | BF21: 688 | BG21: 55457 | BH21: 113731 | BI21: 0.35 | BJ21: 213873 | BK21: 327604 | BL21: =BH21/BK21 -> 0.34715999 | BM21: =BB21/BK21 -> 0.11120743 | BN21: =BD21/(BK21-BB21) -> 0.041034165 | BO21: =BG21/(BK21-BB21-BD21-BF21) -> 0.19910173 | BP21: =BH21/BK21 -> 0.34715999 | BQ21: =BJ21*BP21/(1-BP21) -> 113731 | BS21: =BM21/(SUM($BM21:$BO21)) -> 0.31652069 | BT21: =BN21/(SUM($BM21:$BO21)) -> 0.11679221 | BU21: =BO21/(SUM($BM21:$BO21)) -> 0.5666871 | CE21: Grant | CF21: 1967 | CG21: 323003 | CH21: 35962 | CI21: 0 | CJ21: 7824 | CK21: 9206 | CL21: 688 | CM21: 55450 | CN21: 213873 | CO21: =SUM(CH21:CN21) -> 323003 | CQ21: 0.338 | CR21: =CF21 -> 1967 | CS21: =(CG21-BK21)/BK21 -> -0.014044395 | CT21: =(CN21-BJ21)/BJ21 -> 0
A22: =P22 -> Grant | B22: =L22 -> 1968 | C22: =M22 -> 822200 | D22: =N22 -> 1219850 | E22: =LN(D22/C22) -> 0.3944995 | F22: =A22 -> Grant | G22: 6677.8906 | H22: =R22 -> 670328 | I22: =AA22 -> 1073497.2 | J22: =LN(I22/H22) -> 0.47090986 | K22: =J22-(aa-bb*H22) -> -0.2454529 | L22: 1968 | M22: 822200 | N22: 1219850 | P22: =CE22 -> Grant | Q22: =CF22 -> 1968 | R22: =CN22 -> 670328 | S22: =CG22 -> 1153257 | T22: =1-R22/S22 -> 0.41875228 | U22: =S22-R22 -> 482929 | W22: =$S25*W$2 -> 112909.2 | X22: =$S26*X$2 -> 809892 | Y22: =$S27*Y$2 -> 150696 | Z22: =$S28*Z$2 -> 0 | AA22: =SUM(W22:Z22) -> 1073497.2 | AF22: =AA22 -> 1073497.2 | AG22: =B22 -> 1968 | AH22: =W22/$AA22 -> 0.10517885 | AI22: =X22/$AA22 -> 0.75444258 | AJ22: =Y22/$AA22 -> 0.14037857 | AM22: =B22 -> 1968 | AN22: =AH19*AQ19+AI18*AQ18+AJ17*AQ17 -> 2824533.6 | AO22: =CHOOSE(umethod,T22,retroU,MAX(0,cslope*(AN22-nlim)/AN22)) -> 0.5 | AP22: =AN22*(1-AO22) -> 1412266.8 | AQ22: =AP22*EXP(aa-bb*AP22+K22) -> 1432366.9 | AR22: =AN22-AP22 -> 1412266.8 | AZ22: Cass | BA22: 1968 | BB22: 298253 | BC22: N/A | BD22: 12960 | BE22: 77467 | BF22: 863 | BG22: 214264 | BH22: 603807 | BI22: 0.42 | BJ22: 822200 | BK22: 1426007 | BL22: =BH22/BK22 -> 0.42342499 | BM22: =BB22/BK22 -> 0.20915255 | BN22: =BD22/(BK22-BB22) -> 0.011491868 | BO22: =BG22/(BK22-BB22-BD22-BF22) -> 0.19234944 | BP22: =BH22/BK22 -> 0.42342499 | BQ22: =BJ22*BP22/(1-BP22) -> 603807 | BS22: =BM22/(SUM($BM22:$BO22)) -> 0.50643017 | BT22: =BN22/(SUM($BM22:$BO22)) -> 0.02782576 | BU22: =BO22/(SUM($BM22:$BO22)) -> 0.46574406 | CE22: Grant | CF22: 1968 | CG22: 1153257 | CH22: 179004 | CI22: 0 | CJ22: 11578 | CK22: 77467 | CL22: 863 | CM22: 214017 | CN22: 670328 | CO22: =SUM(CH22:CN22) -> 1153257 | CQ22: 0.419 | CR22: =CF22 -> 1968 | CS22: =(CG22-BK22)/BK22 -> -0.19126835 | CT22: =(CN22-BJ22)/BJ22 -> -0.18471418
A23: =P23 -> Grant | B23: =L23 -> 1969 | C23: =M23 -> 390100 | D23: =N23 -> 1312868 | E23: =LN(D23/C23) -> 1.2135662 | F23: =A23 -> Grant | G23: 6755.3387 | H23: =R23 -> 309220 | I23: =AA23 -> 1380907.4 | J23: =LN(I23/H23) -> 1.4964431 | K23: =J23-(aa-bb*H23) -> 0.5577627 | L23: 1969 | M23: 390100 | N23: 1312868 | P23: =CE23 -> Grant | Q23: =CF23 -> 1969 | R23: =CN23 -> 309220 | S23: =CG23 -> 578493 | T23: =1-R23/S23 -> 0.46547322 | U23: =S23-R23 -> 269273 | W23: =$S26*W$2 -> 404946 | X23: =$S27*X$2 -> 904176 | Y23: =$S28*Y$2 -> 71785.4 | Z23: =$S29*Z$2 -> 0 | AA23: =SUM(W23:Z23) -> 1380907.4 | AF23: =AA23 -> 1380907.4 | AG23: =B23 -> 1969 | AH23: =W23/$AA23 -> 0.29324631 | AI23: =X23/$AA23 -> 0.65476947 | AJ23: =Y23/$AA23 -> 0.051984224 | AM23: =B23 -> 1969 | AN23: =AH20*AQ20+AI19*AQ19+AJ18*AQ18 -> 1291627.9 | AO23: =CHOOSE(umethod,T23,retroU,MAX(0,cslope*(AN23-nlim)/AN23)) -> 0.5 | AP23: =AN23*(1-AO23) -> 645813.95 | AQ23: =AP23*EXP(aa-bb*AP23+K23) -> 2344269.5 | AR23: =AN23-AP23 -> 645813.95 | AZ23: Cass | BA23: 1969 | BB23: 183798 | BC23: N/A | BD23: 6816 | BE23: 39026 | BF23: 735 | BG23: 93245 | BH23: 323620 | BI23: 0.45 | BJ23: 390100 | BK23: 713720 | BL23: =BH23/BK23 -> 0.45342711 | BM23: =BB23/BK23 -> 0.25752116 | BN23: =BD23/(BK23-BB23) -> 0.01286227 | BO23: =BG23/(BK23-BB23-BD23-BF23) -> 0.1785034 | BP23: =BH23/BK23 -> 0.45342711 | BQ23: =BJ23*BP23/(1-BP23) -> 323620 | BS23: =BM23/(SUM($BM23:$BO23)) -> 0.57368838 | BT23: =BN23/(SUM($BM23:$BO23)) -> 0.028653704 | BU23: =BO23/(SUM($BM23:$BO23)) -> 0.39765792 | CE23: Grant | CF23: 1969 | CG23: 578493 | CH23: 129729 | CI23: 0 | CJ23: 6331 | CK23: 39026 | CL23: 735 | CM23: 93453 | CN23: 309220 | CO23: =SUM(CH23:CN23) -> 578494 | CQ23: 0.465 | CR23: =CF23 -> 1969 | CS23: =(CG23-BK23)/BK23 -> -0.18946786 | CT23: =(CN23-BJ23)/BJ23 -> -0.20733145
A24: =P24 -> Grant | B24: =L24 -> 1970 | C24: =M24 -> 287250 | D24: =N24 -> 832641 | E24: =LN(D24/C24) -> 1.0642497 | F24: =A24 -> Grant | G24: 6841.2164 | H24: =R24 -> 284250 | I24: =AA24 -> 931420.3 | J24: =LN(I24/H24) -> 1.1868565 | K24: =J24-(aa-bb*H24) -> 0.23280321 | L24: 1970 | M24: 287250 | N24: 832641 | P24: =CE24 -> Grant | Q24: =CF24 -> 1970 | R24: =CN24 -> 284250 | S24: =CG24 -> 739355 | T24: =1-R24/S24 -> 0.61554328 | U24: =S24-R24 -> 455105 | W24: =$S27*W$2 -> 452088 | X24: =$S28*X$2 -> 430712.4 | Y24: =$S29*Y$2 -> 48619.9 | Z24: =$S30*Z$2 -> 0 | AA24: =SUM(W24:Z24) -> 931420.3 | AF24: =AA24 -> 931420.3 | AG24: =B24 -> 1970 | AH24: =W24/$AA24 -> 0.48537486 | AI24: =X24/$AA24 -> 0.46242539 | AJ24: =Y24/$AA24 -> 0.052199743 | AM24: =B24 -> 1970 | AN24: =AH21*AQ21+AI20*AQ20+AJ19*AQ19 -> 1319919.6 | AO24: =CHOOSE(umethod,T24,retroU,MAX(0,cslope*(AN24-nlim)/AN24)) -> 0.5 | AP24: =AN24*(1-AO24) -> 659959.8 | AQ24: =AP24*EXP(aa-bb*AP24+K24) -> 1715960.3 | AR24: =AN24-AP24 -> 659959.8 | AZ24: Cass | BA24: 1970 | BB24: 209072 | BC24: N/A | BD24: 11867 | BE24: 61134 | BF24: 332 | BG24: 184381 | BH24: 468787 | BI24: 0.62 | BJ24: 287250 | BK24: 754037 | BL24: =BH24/BK24 -> 0.62170291 | BM24: =BB24/BK24 -> 0.27727021 | BN24: =BD24/(BK24-BB24) -> 0.02177571 | BO24: =BG24/(BK24-BB24-BD24-BF24) -> 0.34608252 | BP24: =BH24/BK24 -> 0.62170291 | BQ24: =BJ24*BP24/(1-BP24) -> 472073.85 | BS24: =BM24/(SUM($BM24:$BO24)) -> 0.42979071 | BT24: =BN24/(SUM($BM24:$BO24)) -> 0.03375407 | BU24: =BO24/(SUM($BM24:$BO24)) -> 0.53645522 | CE24: Grant | CF24: 1970 | CG24: 739355 | CH24: 197753 | CI24: 675 | CJ24: 10345 | CK24: 61134 | CL24: 0 | CM24: 185198 | CN24: 284250 | CO24: =SUM(CH24:CN24) -> 739355 | CQ24: 0.616 | CR24: =CF24 -> 1970 | CS24: =(CG24-BK24)/BK24 -> -0.019471193 | CT24: =(CN24-BJ24)/BJ24 -> -0.010443864
A25: =P25 -> Grant | B25: =L25 -> 1971 | C25: =M25 -> 290150 | D25: =N25 -> 589068 | E25: =LN(D25/C25) -> 0.7081436 | F25: =A25 -> Grant | G25: 6933.9203 | H25: =R25 -> 290125 | I25: =AA25 -> 607447.8 | J25: =LN(I25/H25) -> 0.73895438 | K25: =J25-(aa-bb*H25) -> -0.21148193 | L25: 1971 | M25: 290150 | N25: 589068 | P25: =CE25 -> Grant | Q25: =CF25 -> 1971 | R25: =CN25 -> 290125 | S25: =CG25 -> 376364 | T25: =1-R25/S25 -> 0.22913722 | U25: =S25-R25 -> 86239 | W25: =$S28*W$2 -> 215356.2 | X25: =$S29*X$2 -> 291719.4 | Y25: =$S30*Y$2 -> 100372.2 | Z25: =$S31*Z$2 -> 0 | AA25: =SUM(W25:Z25) -> 607447.8 | AF25: =AA25 -> 607447.8 | AG25: =B25 -> 1971 | AH25: =W25/$AA25 -> 0.35452627 | AI25: =X25/$AA25 -> 0.48023781 | AJ25: =Y25/$AA25 -> 0.16523593 | AM25: =B25 -> 1971 | AN25: =AH22*AQ22+AI21*AQ21+AJ20*AQ20 -> 623559.72 | AO25: =CHOOSE(umethod,T25,retroU,MAX(0,cslope*(AN25-nlim)/AN25)) -> 0.5 | AP25: =AN25*(1-AO25) -> 311779.86 | AQ25: =AP25*EXP(aa-bb*AP25+K25) -> 644142.41 | AR25: =AN25-AP25 -> 311779.86 | AZ25: Cass | BA25: 1971 | BB25: 40206 | BC25: N/A | BD25: 9162 | BE25: 19848 | BF25: 193 | BG25: 25716 | BH25: 95125 | BI25: 0.25 | BJ25: 290150 | BK25: 385275 | BL25: =BH25/BK25 -> 0.24690156 | BM25: =BB25/BK25 -> 0.10435663 | BN25: =BD25/(BK25-BB25) -> 0.026551211 | BO25: =BG25/(BK25-BB25-BD25-BF25) -> 0.076600916 | BP25: =BH25/BK25 -> 0.24690156 | BQ25: =BJ25*BP25/(1-BP25) -> 95125 | BS25: =BM25/(SUM($BM25:$BO25)) -> 0.50290229 | BT25: =BN25/(SUM($BM25:$BO25)) -> 0.12795225 | BU25: =BO25/(SUM($BM25:$BO25)) -> 0.36914546 | CE25: Grant | CF25: 1971 | CG25: 376364 | CH25: 33093 | CI25: 0 | CJ25: 7502 | CK25: 19850 | CL25: 0 | CM25: 25794 | CN25: 290125 | CO25: =SUM(CH25:CN25) -> 376364 | CQ25: 0.229 | CR25: =CF25 -> 1971 | CS25: =(CG25-BK25)/BK25 -> -0.023128934 | CT25: =(CN25-BJ25)/BJ25 -> -8.616233e-05
A26: =P26 -> Grant | B26: =L26 -> 1972 | C26: =M26 -> 423290 | D26: =N26 -> 965520 | E26: =LN(D26/C26) -> 0.82460929 | F26: =A26 -> Grant | G26: 7033.993 | H26: =R26 -> 423290 | I26: =AA26 -> 820346.5 | J26: =LN(I26/H26) -> 0.66166929 | K26: =J26-(aa-bb*H26) -> -0.20678344 | L26: 1972 | M26: 423290 | N26: 965520 | P26: =CE26 -> Grant | Q26: =CF26 -> 1972 | R26: =CN26 -> 423290 | S26: =CG26 -> 1349820 | T26: =1-R26/S26 -> 0.68641004 | U26: =S26-R26 -> 926530 | W26: =$S29*W$2 -> 145859.7 | X26: =$S30*X$2 -> 602233.2 | Y26: =$S31*Y$2 -> 72253.6 | Z26: =$S32*Z$2 -> 0 | AA26: =SUM(W26:Z26) -> 820346.5 | AF26: =AA26 -> 820346.5 | AG26: =B26 -> 1972 | AH26: =W26/$AA26 -> 0.17780255 | AI26: =X26/$AA26 -> 0.73412052 | AJ26: =Y26/$AA26 -> 0.088076928 | AM26: =B26 -> 1972 | AN26: =AH23*AQ23+AI22*AQ22+AJ21*AQ21 -> 2013681 | AO26: =CHOOSE(umethod,T26,retroU,MAX(0,cslope*(AN26-nlim)/AN26)) -> 0.5 | AP26: =AN26*(1-AO26) -> 1006840.5 | AQ26: =AP26*EXP(aa-bb*AP26+K26) -> 1362363.7 | AR26: =AN26-AP26 -> 1006840.5 | AZ26: Cass | BA26: 1972 | BB26: 444705 | BC26: N/A | BD26: 40334 | BE26: 252043 | BF26: 600 | BG26: 262836 | BH26: 1000517 | BI26: 0.7 | BJ26: 423290 | BK26: 1423807 | BL26: =BH26/BK26 -> 0.70270549 | BM26: =BB26/BK26 -> 0.31233517 | BN26: =BD26/(BK26-BB26) -> 0.041194891 | BO26: =BG26/(BK26-BB26-BD26-BF26) -> 0.28015878 | BP26: =BH26/BK26 -> 0.70270549 | BQ26: =BJ26*BP26/(1-BP26) -> 1000517 | BS26: =BM26/(SUM($BM26:$BO26)) -> 0.49288413 | BT26: =BN26/(SUM($BM26:$BO26)) -> 0.065008074 | BU26: =BO26/(SUM($BM26:$BO26)) -> 0.4421078 | CE26: Grant | CF26: 1972 | CG26: 1349820 | CH26: 358496 | CI26: 15952 | CJ26: 37276 | CK26: 252043 | CL26: 0 | CM26: 262763 | CN26: 423290 | CO26: =SUM(CH26:CN26) -> 1349820 | CQ26: 0.686 | CR26: =CF26 -> 1972 | CS26: =(CG26-BK26)/BK26 -> -0.051964206 | CT26: =(CN26-BJ26)/BJ26 -> 0
A27: =P27 -> Grant | B27: =L27 -> 1973 | C27: =M27 -> 267105 | D27: =N27 -> 826929 | E27: =LN(D27/C27) -> 1.130077 | F27: =A27 -> Grant | G27: 7142.0201 | H27: =R27 -> 267080 | I27: =AA27 -> 853160.5 | J27: =LN(I27/H27) -> 1.1613995 | K27: =J27-(aa-bb*H27) -> 0.19677539 | L27: 1973 | M27: 267105 | N27: 826929 | P27: =CE27 -> Grant | Q27: =CF27 -> 1973 | R27: =CN27 -> 267080 | S27: =CG27 -> 1506960 | T27: =1-R27/S27 -> 0.82276902 | U27: =S27-R27 -> 1239880 | W27: =$S30*W$2 -> 301116.6 | X27: =$S31*X$2 -> 433521.6 | Y27: =$S32*Y$2 -> 118522.3 | Z27: =$S33*Z$2 -> 0 | AA27: =SUM(W27:Z27) -> 853160.5 | AF27: =AA27 -> 853160.5 | AG27: =B27 -> 1973 | AH27: =W27/$AA27 -> 0.3529425 | AI27: =X27/$AA27 -> 0.50813604 | AJ27: =Y27/$AA27 -> 0.13892146 | AM27: =B27 -> 1973 | AN27: =AH24*AQ24+AI23*AQ23+AJ22*AQ22 -> 2568913.7 | AO27: =CHOOSE(umethod,T27,retroU,MAX(0,cslope*(AN27-nlim)/AN27)) -> 0.5 | AP27: =AN27*(1-AO27) -> 1284456.8 | AQ27: =AP27*EXP(aa-bb*AP27+K27) -> 2193247.1 | AR27: =AN27-AP27 -> 1284456.8 | AZ27: Cass | BA27: 1973 | BB27: 590246 | BC27: N/A | BD27: 80727 | BE27: 200744 | BF27: 643 | BG27: 201278 | BH27: 1073638 | BI27: 0.8 | BJ27: 267105 | BK27: 1340743 | BL27: =BH27/BK27 -> 0.80077837 | BM27: =BB27/BK27 -> 0.44023799 | BN27: =BD27/(BK27-BB27) -> 0.10756472 | BO27: =BG27/(BK27-BB27-BD27-BF27) -> 0.30080687 | BP27: =BH27/BK27 -> 0.80077837 | BQ27: =BJ27*BP27/(1-BP27) -> 1073638 | BS27: =BM27/(SUM($BM27:$BO27)) -> 0.51877565 | BT27: =BN27/(SUM($BM27:$BO27)) -> 0.12675407 | BU27: =BO27/(SUM($BM27:$BO27)) -> 0.35447028 | CE27: Grant | CF27: 1973 | CG27: 1506960 | CH27: 742948 | CI27: 17553 | CJ27: 77828 | CK27: 200744 | CL27: 0 | CM27: 200807 | CN27: 267080 | CO27: =SUM(CH27:CN27) -> 1506960 | CQ27: 0.823 | CR27: =CF27 -> 1973 | CS27: =(CG27-BK27)/BK27 -> 0.1239738 | CT27: =(CN27-BJ27)/BJ27 -> -9.3596151e-05
A28: =P28 -> Grant | B28: =L28 -> 1974 | C28: =M28 -> 350390 | D28: =N28 -> 1107885 | E28: =LN(D28/C28) -> 1.1511613 | F28: =A28 -> Grant | G28: 7258.634 | H28: =R28 -> 350315 | I28: =AA28 -> 958767.8 | J28: =LN(I28/H28) -> 1.0068162 | K28: =J28-(aa-bb*H28) -> 0.093436078 | L28: 1974 | M28: 350390 | N28: 1107885 | P28: =CE28 -> Grant | Q28: =CF28 -> 1974 | R28: =CN28 -> 350315 | S28: =CG28 -> 717854 | T28: =1-R28/S28 -> 0.51199687 | U28: =S28-R28 -> 367539 | W28: =$S31*W$2 -> 216760.8 | X28: =$S32*X$2 -> 711133.8 | Y28: =$S33*Y$2 -> 30873.2 | Z28: =$S34*Z$2 -> 0 | AA28: =SUM(W28:Z28) -> 958767.8 | AF28: =AA28 -> 958767.8 | AG28: =B28 -> 1974 | AH28: =W28/$AA28 -> 0.22608269 | AI28: =X28/$AA28 -> 0.7417164 | AJ28: =Y28/$AA28 -> 0.032200915 | AM28: =B28 -> 1974 | AN28: =AH25*AQ25+AI24*AQ24+AJ23*AQ23 -> 1143734 | AO28: =CHOOSE(umethod,T28,retroU,MAX(0,cslope*(AN28-nlim)/AN28)) -> 0.5 | AP28: =AN28*(1-AO28) -> 571867.02 | AQ28: =AP28*EXP(aa-bb*AP28+K28) -> 1365564.6 | AR28: =AN28-AP28 -> 571867.02 | AZ28: Cass | BA28: 1974 | BB28: 101667 | BC28: N/A | BD28: 28013 | BE28: 145411 | BF28: 1279 | BG28: 108257 | BH28: 384627 | BI28: 0.52 | BJ28: 350390 | BK28: 735017 | BL28: =BH28/BK28 -> 0.52328994 | BM28: =BB28/BK28 -> 0.13831925 | BN28: =BD28/(BK28-BB28) -> 0.044229889 | BO28: =BG28/(BK28-BB28-BD28-BF28) -> 0.17921623 | BP28: =BH28/BK28 -> 0.52328994 | BQ28: =BJ28*BP28/(1-BP28) -> 384627 | BS28: =BM28/(SUM($BM28:$BO28)) -> 0.38234519 | BT28: =BN28/(SUM($BM28:$BO28)) -> 0.12226126 | BU28: =BO28/(SUM($BM28:$BO28)) -> 0.49539356 | CE28: Grant | CF28: 1974 | CG28: 717854 | CH28: 87421 | CI28: 1151 | CJ28: 25560 | CK28: 145411 | CL28: 0 | CM28: 107996 | CN28: 350315 | CO28: =SUM(CH28:CN28) -> 717854 | CQ28: 0.512 | CR28: =CF28 -> 1974 | CS28: =(CG28-BK28)/BK28 -> -0.02335048 | CT28: =(CN28-BJ28)/BJ28 -> -0.0002140472
A29: =P29 -> Grant | B29: =L29 -> 1975 | C29: =M29 -> 191445 | D29: =N29 -> 527760 | E29: =LN(D29/C29) -> 1.0140411 | F29: =A29 -> Grant | G29: 7384.5171 | H29: =R29 -> 191420 | I29: =AA29 -> 631741.4 | J29: =LN(I29/H29) -> 1.1940102 | K29: =J29-(aa-bb*H29) -> 0.18280571 | L29: 1975 | M29: 191445 | N29: 527760 | P29: =CE29 -> Grant | Q29: =CF29 -> 1975 | R29: =CN29 -> 191420 | S29: =CG29 -> 486199 | T29: =1-R29/S29 -> 0.6062929 | U29: =S29-R29 -> 294779 | W29: =$S32*W$2 -> 355566.9 | X29: =$S33*X$2 -> 185239.2 | Y29: =$S34*Y$2 -> 90935.3 | Z29: =$S35*Z$2 -> 0 | AA29: =SUM(W29:Z29) -> 631741.4 | AF29: =AA29 -> 631741.4 | AG29: =B29 -> 1975 | AH29: =W29/$AA29 -> 0.56283615 | AI29: =X29/$AA29 -> 0.29321998 | AJ29: =Y29/$AA29 -> 0.14394387 | AM29: =B29 -> 1975 | AN29: =AH26*AQ26+AI25*AQ25+AJ24*AQ24 -> 641145.97 | AO29: =CHOOSE(umethod,T29,retroU,MAX(0,cslope*(AN29-nlim)/AN29)) -> 0.5 | AP29: =AN29*(1-AO29) -> 320572.99 | AQ29: =AP29*EXP(aa-bb*AP29+K29) -> 977117.17 | AR29: =AN29-AP29 -> 320572.99 | AZ29: Cass | BA29: 1975 | BB29: 144527 | BC29: N/A | BD29: 17876 | BE29: 69307 | BF29: 262 | BG29: 80560 | BH29: 312533 | BI29: 0.62 | BJ29: 191445 | BK29: 503978 | BL29: =BH29/BK29 -> 0.62013223 | BM29: =BB29/BK29 -> 0.28677244 | BN29: =BD29/(BK29-BB29) -> 0.049731396 | BO29: =BG29/(BK29-BB29-BD29-BF29) -> 0.23602969 | BP29: =BH29/BK29 -> 0.62013223 | BQ29: =BJ29*BP29/(1-BP29) -> 312533 | BS29: =BM29/(SUM($BM29:$BO29)) -> 0.50088323 | BT29: =BN29/(SUM($BM29:$BO29)) -> 0.086861981 | BU29: =BO29/(SUM($BM29:$BO29)) -> 0.41225479 | CE29: Grant | CF29: 1975 | CG29: 486199 | CH29: 124247 | CI29: 3950 | CJ29: 16433 | CK29: 69307 | CL29: 0 | CM29: 80842 | CN29: 191420 | CO29: =SUM(CH29:CN29) -> 486199 | CQ29: 0.606 | CR29: =CF29 -> 1975 | CS29: =(CG29-BK29)/BK29 -> -0.035277334 | CT29: =(CN29-BJ29)/BJ29 -> -0.00013058581
A30: =P30 -> Grant | B30: =L30 -> 1976 | C30: =M30 -> 340467 | D30: =N30 -> 761292 | E30: =LN(D30/C30) -> 0.80469879 | F30: =A30 -> Grant | G30: 7520.4064 | H30: =R30 -> 340517 | I30: =AA30 -> 688258.5 | J30: =LN(I30/H30) -> 0.70369944 | K30: =J30-(aa-bb*H30) -> -0.21571283 | L30: 1976 | M30: 340467 | N30: 761292 | P30: =CE30 -> Grant | Q30: =CF30 -> 1976 | R30: =CN30 -> 340517 | S30: =CG30 -> 1003722 | T30: =1-R30/S30 -> 0.6607457 | U30: =S30-R30 -> 663205 | W30: =$S33*W$2 -> 92619.6 | X30: =$S34*X$2 -> 545611.8 | Y30: =$S35*Y$2 -> 50027.1 | Z30: =$S36*Z$2 -> 0 | AA30: =SUM(W30:Z30) -> 688258.5 | AF30: =AA30 -> 688258.5 | AG30: =B30 -> 1976 | AH30: =W30/$AA30 -> 0.13457095 | AI30: =X30/$AA30 -> 0.79274255 | AJ30: =Y30/$AA30 -> 0.072686498 | AM30: =B30 -> 1976 | AN30: =AH27*AQ27+AI26*AQ26+AJ25*AQ25 -> 1880664.8 | AO30: =CHOOSE(umethod,T30,retroU,MAX(0,cslope*(AN30-nlim)/AN30)) -> 0.5 | AP30: =AN30*(1-AO30) -> 940332.38 | AQ30: =AP30*EXP(aa-bb*AP30+K30) -> 1313767.2 | AR30: =AN30-AP30 -> 940332.38 | AV30: Approx. | AW30: Approx. | AX30: Approx. | AZ30: Cass | BA30: 1976 | BB30: 343629 | BC30: N/A | BD30: 49645 | BE30: 191507 | BF30: 1126 | BG30: 187661 | BH30: 773568 | BI30: 0.69 | BJ30: 340467 | BK30: 1114035 | BL30: =BH30/BK30 -> 0.69438393 | BM30: =BB30/BK30 -> 0.3084544 | BN30: =BD30/(BK30-BB30) -> 0.064440048 | BO30: =BG30/(BK30-BB30-BD30-BF30) -> 0.26077247 | BP30: =BH30/BK30 -> 0.69438393 | BQ30: =BJ30*BP30/(1-BP30) -> 773568 | BS30: =BM30/(SUM($BM30:$BO30)) -> 0.48677687 | BT30: =BN30/(SUM($BM30:$BO30)) -> 0.10169388 | BU30: =BO30/(SUM($BM30:$BO30)) -> 0.41152925 | CE30: Grant | CF30: 1976 | CG30: 1003722 | CH30: 237524 | CI30: 4559 | CJ30: 43244 | CK30: 191507 | CL30: 0 | CM30: 186371 | CN30: 340517 | CO30: =SUM(CH30:CN30) -> 1003722 | CQ30: 0.661 | CR30: =CF30 -> 1976 | CS30: =(CG30-BK30)/BK30 -> -0.099021126 | CT30: =(CN30-BJ30)/BJ30 -> 0.00014685711
A31: =P31 -> Grant | B31: =L31 -> 1977 | C31: =M31 -> 599371 | D31: =N31 -> 583647 | E31: =LN(D31/C31) -> -0.026584424 | F31: =A31 -> Grant | G31: 7667.097 | H31: =R31 -> 599341 | I31: =AA31 -> 645369.6 | J31: =LN(I31/H31) -> 0.073992458 | K31: =J31-(aa-bb*H31) -> -0.68607375 | L31: 1977 | M31: 599371 | N31: 583647 | P31: =CE31 -> Grant | Q31: =CF31 -> 1977 | R31: =CN31 -> 599341 | S31: =CG31 -> 722536 | T31: =1-R31/S31 -> 0.17050362 | U31: =S31-R31 -> 123195 | W31: =$S34*W$2 -> 272805.9 | X31: =$S35*X$2 -> 300162.6 | Y31: =$S36*Y$2 -> 72401.1 | Z31: =$S37*Z$2 -> 0 | AA31: =SUM(W31:Z31) -> 645369.6 | AF31: =AA31 -> 645369.6 | AG31: =B31 -> 1977 | AH31: =W31/$AA31 -> 0.42271266 | AI31: =X31/$AA31 -> 0.46510186 | AJ31: =Y31/$AA31 -> 0.11218548 | AM31: =B31 -> 1977 | AN31: =AH28*AQ28+AI27*AQ27+AJ26*AQ26 -> 1543191.2 | AO31: =CHOOSE(umethod,T31,retroU,MAX(0,cslope*(AN31-nlim)/AN31)) -> 0.5 | AP31: =AN31*(1-AO31) -> 771595.61 | AQ31: =AP31*EXP(aa-bb*AP31+K31) -> 747252.98 | AR31: =AN31-AP31 -> 771595.61 | AS31: Source | AU31: Fraser R | AV31: Fraser R | AW31: Total HR | AX31: total return | AY31: %dif with Grant | AZ31: Cass | BA31: 1977 | BB31: 42066 | BC31: N/A | BD31: 8228 | BE31: 38846 | BF31: 626 | BG31: 23728 | BH31: 113494 | BI31: 0.16 | BJ31: 599371 | BK31: 712865 | BL31: =BH31/BK31 -> 0.15920827 | BM31: =BB31/BK31 -> 0.05900977 | BN31: =BD31/(BK31-BB31) -> 0.012265969 | BO31: =BG31/(BK31-BB31-BD31-BF31) -> 0.035845878 | BP31: =BH31/BK31 -> 0.15920827 | BQ31: =BJ31*BP31/(1-BP31) -> 113494 | BS31: =BM31/(SUM($BM31:$BO31)) -> 0.55086706 | BT31: =BN31/(SUM($BM31:$BO31)) -> 0.11450508 | BU31: =BO31/(SUM($BM31:$BO31)) -> 0.33462787 | CE31: Grant | CF31: 1977 | CG31: 722536 | CH31: 54997 | CI31: 0 | CJ31: 6358 | CK31: 36660 | CL31: 0 | CM31: 25180 | CN31: 599341 | CO31: =SUM(CH31:CN31) -> 722536 | CQ31: 0.171 | CR31: =CF31 -> 1977 | CS31: =(CG31-BK31)/BK31 -> 0.013566384 | CT31: =(CN31-BJ31)/BJ31 -> -5.0052472e-05
A32: =P32 -> Grant | B32: =L32 -> 1978 | C32: =M32 -> 359065 | D32: =N32 -> 635560 | E32: =LN(D32/C32) -> 0.57100307 | F32: =A32 -> Grant | G32: 7825.4477 | H32: =R32 -> 358990 | I32: =AA32 -> 631498 | J32: =LN(I32/H32) -> 0.56480024 | K32: =J32-(aa-bb*H32) -> -0.34323905 | L32: 1978 | M32: 359065 | N32: 635560 | P32: =CE32 -> Grant | Q32: =CF32 -> 1978 | R32: =CN32 -> 358990 | S32: =CG32 -> 1185223 | T32: =1-R32/S32 -> 0.69711185 | U32: =S32-R32 -> 826233 | W32: =$S35*W$2 -> 150081.3 | X32: =$S36*X$2 -> 434406.6 | Y32: =$S37*Y$2 -> 47010.1 | Z32: =$S38*Z$2 -> 0 | AA32: =SUM(W32:Z32) -> 631498 | AF32: =AA32 -> 631498 | AG32: =B32 -> 1978 | AH32: =W32/$AA32 -> 0.23765918 | AI32: =X32/$AA32 -> 0.68789862 | AJ32: =Y32/$AA32 -> 0.074442199 | AM32: =B32 -> 1978 | AN32: =AH29*AQ29+AI28*AQ28+AJ27*AQ27 -> 1867507.6 | AO32: =CHOOSE(umethod,T32,retroU,MAX(0,cslope*(AN32-nlim)/AN32)) -> 0.5 | AP32: =AN32*(1-AO32) -> 933753.8 | AQ32: =AP32*EXP(aa-bb*AP32+K32) -> 1153040.2 | AR32: =AN32-AP32 -> 933753.8 | AT32: broodyear | AU32: spawners | AV32: total catch | AW32: HR | AZ32: Cass | BA32: 1978 | BB32: 485439 | BC32: N/A | BD32: 12318 | BE32: 295733 | BF32: 277 | BG32: 134260 | BH32: 928027 | BI32: 0.72 | BJ32: 359065 | BK32: 1287092 | BL32: =BH32/BK32 -> 0.72102616 | BM32: =BB32/BK32 -> 0.37715952 | BN32: =BD32/(BK32-BB32) -> 0.015365751 | BO32: =BG32/(BK32-BB32-BD32-BF32) -> 0.17015226 | BP32: =BH32/BK32 -> 0.72102616 | BQ32: =BJ32*BP32/(1-BP32) -> 928027 | BS32: =BM32/(SUM($BM32:$BO32)) -> 0.67029426 | BT32: =BN32/(SUM($BM32:$BO32)) -> 0.027308271 | BU32: =BO32/(SUM($BM32:$BO32)) -> 0.30239746 | CE32: Grant | CF32: 1978 | CG32: 1185223 | CH32: 405890 | CI32: 729 | CJ32: 11113 | CK32: 273516 | CL32: 0 | CM32: 134985 | CN32: 358990 | CO32: =SUM(CH32:CN32) -> 1185223 | CQ32: 0.697 | CR32: =CF32 -> 1978 | CS32: =(CG32-BK32)/BK32 -> -0.079146634 | CT32: =(CN32-BJ32)/BJ32 -> -0.00020887583 | CW32: broodyear | CX32: spawners | CY32: recruits | CZ32: %dif Spa | DA32: %dif Rec
A33: =P33 -> Grant | B33: =L33 -> 1979 | C33: =M33 -> 255634 | D33: =N33 -> 510199 | E33: =LN(D33/C33) -> 0.69105411 | F33: =A33 -> Grant | G33: 7996.3852 | H33: =R33 -> 255634 | I33: =AA33 -> 560544.2 | J33: =LN(I33/H33) -> 0.78516136 | K33: =J33-(aa-bb*H33) -> -0.18650947 | L33: 1979 | M33: 255634 | N33: 510199 | P33: =CE33 -> Grant | Q33: =CF33 -> 1979 | R33: =CN33 -> 255634 | S33: =CG33 -> 308732 | T33: =1-R33/S33 -> 0.17198735 | U33: =S33-R33 -> 53098 | W33: =$S36*W$2 -> 217203.3 | X33: =$S37*X$2 -> 282060.6 | Y33: =$S38*Y$2 -> 61280.3 | Z33: =$S39*Z$2 -> 0 | AA33: =SUM(W33:Z33) -> 560544.2 | AF33: =AA33 -> 560544.2 | AG33: =B33 -> 1979 | AH33: =W33/$AA33 -> 0.38748648 | AI33: =X33/$AA33 -> 0.50319065 | AJ33: =Y33/$AA33 -> 0.10932287 | AM33: =B33 -> 1979 | AN33: =AH30*AQ30+AI29*AQ29+AJ28*AQ28 -> 507277.61 | AO33: =CHOOSE(umethod,T33,retroU,MAX(0,cslope*(AN33-nlim)/AN33)) -> 0.5 | AP33: =AN33*(1-AO33) -> 253638.8 | AQ33: =AP33*EXP(aa-bb*AP33+K33) -> 556852.8 | AR33: =AN33-AP33 -> 253638.8 | AS33: Cass | AT33: 1979 | AU33: 255634 | AV33: =BH33 -> 42262 | AW33: =AV33/(AU33+AV33) -> 0.1418683 | AX33: =AU33+AV33 -> 297896 | AY33: =(AX33-CG33)/CG33 -> -0.035098402 | AZ33: Cass | BA33: 1979 | BB33: 20326 | BC33: N/A | BD33: 2105 | BE33: 3455 | BF33: 403 | BG33: 15973 | BH33: 42262 | BI33: 0.14 | BJ33: 255634 | BK33: 297896 | BL33: =BH33/BK33 -> 0.1418683 | BM33: =BB33/BK33 -> 0.068231866 | BN33: =BD33/(BK33-BB33) -> 0.0075836726 | BO33: =BG33/(BK33-BB33-BD33-BF33) -> 0.058070544 | BP33: =BH33/BK33 -> 0.1418683 | BQ33: =BJ33*BP33/(1-BP33) -> 42262 | BR33: Harvest Rate | BS33: =BM33/(SUM($BM33:$BO33)) -> 0.50962628 | BT33: =BN33/(SUM($BM33:$BO33)) -> 0.056642725 | BU33: =BO33/(SUM($BM33:$BO33)) -> 0.433731 | BW33: Year | BX33: Spawners | BY33: Harvest | BZ33: Harvest Rate d2 | CA33: Returns | CC33: Harvest Rate d1 | CE33: Grant | CF33: 1979 | CG33: 308732 | CH33: 31093 | CI33: 0 | CJ33: 1381 | CK33: 3321 | CL33: 0 | CM33: 17304 | CN33: 255634 | CO33: =SUM(CH33:CN33) -> 308733 | CQ33: 0.172 | CR33: =CF33 -> 1979 | CS33: =(CG33-BK33)/BK33 -> 0.036375111 | CT33: =(CN33-BJ33)/BJ33 -> 0 | CW33: 1979 | CX33: 255634 | CY33: 510199 | CZ33: =(CX33-R33)/R33 -> 0 | DA33: =(CY33-AF33)/AF33 -> -0.089814862
A34: =P34 -> Grant | B34: =L34 -> 1980 | C34: =M34 -> 312182 | D34: =N34 -> 655505 | E34: =LN(D34/C34) -> 0.74181958 | F34: =A34 -> Grant | G34: 8180.9099 | H34: =R34 -> 314011 | I34: =AA34 -> 692616.5 | J34: =LN(I34/H34) -> 0.79104844 | K34: =J34-(aa-bb*H34) -> -0.14468236 | L34: 1980 | M34: 312182 | N34: 655505 | P34: =CE34 -> Grant | Q34: =CF34 -> 1980 | R34: =CN34 -> 314011 | S34: =CG34 -> 909353 | T34: =1-R34/S34 -> 0.65468745 | U34: =S34-R34 -> 595342 | W34: =$S37*W$2 -> 141030.3 | X34: =$S38*X$2 -> 367681.8 | Y34: =$S39*Y$2 -> 183904.4 | Z34: =$S40*Z$2 -> 0 | AA34: =SUM(W34:Z34) -> 692616.5 | AF34: =AA34 -> 692616.5 | AG34: =B34 -> 1980 | AH34: =W34/$AA34 -> 0.20361961 | AI34: =X34/$AA34 -> 0.53085914 | AJ34: =Y34/$AA34 -> 0.26552125 | AM34: =B34 -> 1980 | AN34: =AH31*AQ31+AI30*AQ30+AJ29*AQ29 -> 1498002.5 | AO34: =CHOOSE(umethod,T34,retroU,MAX(0,cslope*(AN34-nlim)/AN34)) -> 0.5 | AP34: =AN34*(1-AO34) -> 749001.26 | AQ34: =AP34*EXP(aa-bb*AP34+K34) -> 1263935.5 | AR34: =AN34-AP34 -> 749001.26 | AS34: Cass | AT34: 1980 | AU34: 312182 | AV34: =BH34 -> 594711 | AW34: =AV34/(AU34+AV34) -> 0.65576755 | AX34: =AU34+AV34 -> 906893 | AY34: =(AX34-CG34)/CG34 -> -0.0027052201 | AZ34: Cass | BA34: 1980 | BB34: 243146 | BC34: N/A | BD34: 13550 | BE34: 245019 | BF34: 3666 | BG34: 89330 | BH34: 594711 | BI34: =BH34/BK34 -> 0.65576755 | BJ34: 312182 | BK34: 906893 | BL34: =BH34/BK34 -> 0.65576755 | BM34: =BB34/BK34 -> 0.26810881 | BN34: =BD34/(BK34-BB34) -> 0.020414405 | BO34: =BG34/(BK34-BB34-BD34-BF34) -> 0.13816816 | BP34: =BH34/BK34 -> 0.65576755 | BQ34: =BJ34*BP34/(1-BP34) -> 594711 | BR34: 0.51937603 | BS34: =BM34/(SUM($BM34:$BO34)) -> 0.62834363 | BT34: =BN34/(SUM($BM34:$BO34)) -> 0.047843491 | BU34: =BO34/(SUM($BM34:$BO34)) -> 0.32381288 | BW34: 1980 | BX34: 1373377 | BY34: 1162099.8 | BZ34: 0.45833581 | CA34: 2535476.8 | CC34: =BI34 -> 0.65576755 | CE34: Grant | CF34: 1980 | CG34: 909353 | CH34: 242556 | CI34: 8546 | CJ34: 12026 | CK34: 241835 | CL34: 0 | CM34: 90380 | CN34: 314011 | CO34: =SUM(CH34:CN34) -> 909354 | CQ34: 0.655 | CR34: =CF34 -> 1980 | CS34: =(CG34-BK34)/BK34 -> 0.0027125582 | CT34: =(CN34-BJ34)/BJ34 -> 0.0058587619 | CW34: 1980 | CX34: 312182 | CY34: 655505 | CZ34: =(CX34-R34)/R34 -> -0.0058246367 | DA34: =(CY34-AF34)/AF34 -> -0.0535816
A35: =P35 -> Grant | B35: =L35 -> 1981 | C35: =M35 -> 435345 | D35: =N35 -> 1492293 | E35: =LN(D35/C35) -> 1.2319303 | F35: =A35 -> Grant | G35: 8380.1021 | H35: =R35 -> 436996 | I35: =AA35 -> 1445354.1 | J35: =LN(I35/H35) -> 1.1961856 | K35: =J35-(aa-bb*H35) -> 0.33617101 | L35: 1981 | M35: 435345 | N35: 1492293 | P35: =CE35 -> Grant | Q35: =CF35 -> 1981 | R35: =CN35 -> 436996 | S35: =CG35 -> 500271 | T35: =1-R35/S35 -> 0.12648145 | U35: =S35-R35 -> 63275 | W35: =$S38*W$2 -> 183840.9 | X35: =$S39*X$2 -> 1103426.4 | Y35: =$S40*Y$2 -> 158086.8 | Z35: =$S41*Z$2 -> 0 | AA35: =SUM(W35:Z35) -> 1445354.1 | AF35: =AA35 -> 1445354.1 | AG35: =B35 -> 1981 | AH35: =W35/$AA35 -> 0.12719437 | AI35: =X35/$AA35 -> 0.76342981 | AJ35: =Y35/$AA35 -> 0.10937583 | AM35: =B35 -> 1981 | AN35: =AH32*AQ32+AI31*AQ31+AJ30*AQ30 -> 717072.47 | AO35: =CHOOSE(umethod,T35,retroU,MAX(0,cslope*(AN35-nlim)/AN35)) -> 0.5 | AP35: =AN35*(1-AO35) -> 358536.24 | AQ35: =AP35*EXP(aa-bb*AP35+K35) -> 1244537.7 | AR35: =AN35-AP35 -> 358536.24 | AS35: Cass | AT35: 1981 | AU35: 435345 | AV35: =BH35 -> 56270 | AW35: =AV35/(AU35+AV35) -> 0.11445949 | AX35: =AU35+AV35 -> 491615 | AY35: =(AX35-CG35)/CG35 -> -0.017302622 | AZ35: Cass | BA35: 1981 | BB35: 26519 | BC35: N/A | BD35: 3205 | BE35: 5814 | BF35: 771 | BG35: 19961 | BH35: 56270 | BI35: =BH35/BK35 -> 0.11445949 | BJ35: 435345 | BK35: 491615 | BL35: =BH35/BK35 -> 0.11445949 | BM35: =BB35/BK35 -> 0.053942618 | BN35: =BD35/(BK35-BB35) -> 0.0068910504 | BO35: =BG35/(BK35-BB35-BD35-BF35) -> 0.043288081 | BP35: =BH35/BK35 -> 0.11445949 | BQ35: =BJ35*BP35/(1-BP35) -> 56270 | BR35: 0.1414136 | BS35: =BM35/(SUM($BM35:$BO35)) -> 0.51807253 | BT35: =BN35/(SUM($BM35:$BO35)) -> 0.066182623 | BU35: =BO35/(SUM($BM35:$BO35)) -> 0.41574485 | BW35: 1981 | BX35: 1302540 | BY35: 185726.45 | BZ35: 0.12479381 | CA35: 1488266.4 | CC35: =BI35 -> 0.11445949 | CE35: Grant | CF35: 1981 | CG35: 500271 | CH35: 30394 | CI35: 3370 | CJ35: 2288 | CK35: 5814 | CL35: 0 | CM35: 21408 | CN35: 436996 | CO35: =SUM(CH35:CN35) -> 500270 | CQ35: 0.126 | CR35: =CF35 -> 1981 | CS35: =(CG35-BK35)/BK35 -> 0.017607274 | CT35: =(CN35-BJ35)/BJ35 -> 0.0037923945 | CW35: 1981 | CX35: 435345 | CY35: 1492293 | CZ35: =(CX35-R35)/R35 -> -0.0037780666 | DA35: =(CY35-AF35)/AF35 -> 0.03247571
A36: =P36 -> Grant | B36: =L36 -> 1982 | C36: =M36 -> 322286 | D36: =N36 -> 1416221 | E36: =LN(D36/C36) -> 1.480308 | F36: =A36 -> Grant | G36: 8595.1274 | H36: =R36 -> 326439 | I36: =AA36 -> 1548341.6 | J36: =LN(I36/H36) -> 1.5566966 | K36: =J36-(aa-bb*H36) -> 0.62861715 | L36: 1982 | M36: 322286 | N36: 1416221 | P36: =CE36 -> Grant | Q36: =CF36 -> 1982 | R36: =CN36 -> 326439 | S36: =CG36 -> 724011 | T36: =1-R36/S36 -> 0.54912425 | U36: =S36-R36 -> 397572 | W36: =$S39*W$2 -> 551713.2 | X36: =$S40*X$2 -> 948520.8 | Y36: =$S41*Y$2 -> 48107.6 | Z36: =$S42*Z$2 -> 0 | AA36: =SUM(W36:Z36) -> 1548341.6 | AF36: =AA36 -> 1548341.6 | AG36: =B36 -> 1982 | AH36: =W36/$AA36 -> 0.35632525 | AI36: =X36/$AA36 -> 0.61260435 | AJ36: =Y36/$AA36 -> 0.031070405 | AM36: =B36 -> 1982 | AN36: =AH33*AQ33+AI32*AQ32+AJ31*AQ31 -> 1092778.6 | AO36: =CHOOSE(umethod,T36,retroU,MAX(0,cslope*(AN36-nlim)/AN36)) -> 0.5 | AP36: =AN36*(1-AO36) -> 546389.3 | AQ36: =AP36*EXP(aa-bb*AP36+K36) -> 2263381.1 | AR36: =AN36-AP36 -> 546389.3 | AS36: Cass | AT36: 1982 | AU36: 322286 | AV36: =BH36 -> 383164 | AW36: =AV36/(AU36+AV36) -> 0.54314835 | AX36: =AU36+AV36 -> 705450 | AY36: =(AX36-CG36)/CG36 -> -0.025636351 | AZ36: Cass | BA36: 1982 | BB36: 235914 | BC36: N/A | BD36: 8527 | BE36: 54570 | BF36: 1649 | BG36: 82505 | BH36: 383164 | BI36: =BH36/BK36 -> 0.54314835 | BJ36: 322286 | BK36: 705450 | BL36: =BH36/BK36 -> 0.54314835 | BM36: =BB36/BK36 -> 0.33441633 | BN36: =BD36/(BK36-BB36) -> 0.018160482 | BO36: =BG36/(BK36-BB36-BD36-BF36) -> 0.17960859 | BP36: =BH36/BK36 -> 0.54314835 | BQ36: =BJ36*BP36/(1-BP36) -> 383164 | BR36: 0.57254889 | BS36: =BM36/(SUM($BM36:$BO36)) -> 0.62838314 | BT36: =BN36/(SUM($BM36:$BO36)) -> 0.034124352 | BU36: =BO36/(SUM($BM36:$BO36)) -> 0.33749251 | BW36: 1982 | BX36: 1453419 | BY36: 1484320.9 | BZ36: 0.50525946 | CA36: 2937739.9 | CC36: =BI36 -> 0.54314835 | CE36: Grant | CF36: 1982 | CG36: 724011 | CH36: 240409 | CI36: 12660 | CJ36: 7095 | CK36: 54508 | CL36: 0 | CM36: 82899 | CN36: 326439 | CO36: =SUM(CH36:CN36) -> 724010 | CQ36: 0.549 | CR36: =CF36 -> 1982 | CS36: =(CG36-BK36)/BK36 -> 0.026310865 | CT36: =(CN36-BJ36)/BJ36 -> 0.01288607 | CW36: 1982 | CX36: 322286 | CY36: 1416221 | CZ36: =(CX36-R36)/R36 -> -0.012722132 | DA36: =(CY36-AF36)/AF36 -> -0.085330395
A37: =P37 -> Grant | B37: =L37 -> 1983 | C37: =M37 -> 367363 | D37: =N37 -> 795564 | E37: =LN(D37/C37) -> 0.77270084 | F37: =A37 -> Grant | G37: 8827.2444 | H37: =R37 -> 371770 | I37: =AA37 -> 866417.1 | J37: =LN(I37/H37) -> 0.84609105 | K37: =J37-(aa-bb*H37) -> -0.054080182 | L37: 1983 | M37: 367363 | N37: 795564 | P37: =CE37 -> Grant | Q37: =CF37 -> 1983 | R37: =CN37 -> 371770 | S37: =CG37 -> 470101 | T37: =1-R37/S37 -> 0.20916994 | U37: =S37-R37 -> 98331 | W37: =$S40*W$2 -> 474260.4 | X37: =$S41*X$2 -> 288645.6 | Y37: =$S42*Y$2 -> 103511.1 | Z37: =$S43*Z$2 -> 0 | AA37: =SUM(W37:Z37) -> 866417.1 | AF37: =AA37 -> 866417.1 | AG37: =B37 -> 1983 | AH37: =W37/$AA37 -> 0.54738116 | AI37: =X37/$AA37 -> 0.33314855 | AJ37: =Y37/$AA37 -> 0.11947029 | AM37: =B37 -> 1983 | AN37: =AH34*AQ34+AI33*AQ33+AJ32*AQ32 -> 623400.02 | AO37: =CHOOSE(umethod,T37,retroU,MAX(0,cslope*(AN37-nlim)/AN37)) -> 0.5 | AP37: =AN37*(1-AO37) -> 311700.01 | AQ37: =AP37*EXP(aa-bb*AP37+K37) -> 753790.6 | AR37: =AN37-AP37 -> 311700.01 | AS37: Cass | AT37: 1983 | AU37: 367363 | AV37: =BH37 -> 88034 | AW37: =AV37/(AU37+AV37) -> 0.19331265 | AX37: =AU37+AV37 -> 455397 | AY37: =(AX37-CG37)/CG37 -> -0.031278385 | AZ37: Cass | BA37: 1983 | BB37: 56191 | BC37: N/A | BD37: 81 | BE37: 1671 | BF37: 4899 | BG37: 25194 | BH37: 88034 | BI37: =BH37/BK37 -> 0.19331265 | BJ37: 367363 | BK37: 455397 | BL37: =BH37/BK37 -> 0.19331265 | BM37: =BB37/BK37 -> 0.12338904 | BN37: =BD37/(BK37-BB37) -> 0.00020290276 | BO37: =BG37/(BK37-BB37-BD37-BF37) -> 0.063907505 | BP37: =BH37/BK37 -> 0.19331265 | BQ37: =BJ37*BP37/(1-BP37) -> 88034 | BR37: 0.23086634 | BS37: =BM37/(SUM($BM37:$BO37)) -> 0.65807682 | BT37: =BN37/(SUM($BM37:$BO37)) -> 0.0010821512 | BU37: =BO37/(SUM($BM37:$BO37)) -> 0.34084102 | BW37: 1983 | BX37: 1196968 | BY37: 306257.42 | BZ37: 0.20373353 | CA37: 1503225.4 | CC37: =BI37 -> 0.19331265 | CE37: Grant | CF37: 1983 | CG37: 470101 | CH37: 60431 | CI37: 14683 | CJ37: 20 | CK37: 1602 | CL37: 0 | CM37: 21595 | CN37: 371770 | CO37: =SUM(CH37:CN37) -> 470101 | CQ37: 0.209 | CR37: =CF37 -> 1983 | CS37: =(CG37-BK37)/BK37 -> 0.032288311 | CT37: =(CN37-BJ37)/BJ37 -> 0.011996309 | CW37: 1983 | CX37: 367363 | CY37: 795564 | CZ37: =(CX37-R37)/R37 -> -0.011854103 | DA37: =(CY37-AF37)/AF37 -> -0.081777126
A38: =P38 -> Grant | B38: =L38 -> 1984 | C38: =M38 -> 540265 | D38: =N38 -> 1061099 | E38: =LN(D38/C38) -> 0.67500068 | F38: =A38 -> Grant | G38: 9077.8117 | H38: =R38 -> 541478 | I38: =AA38 -> 874855.5 | J38: =LN(I38/H38) -> 0.47975629 | K38: =J38-(aa-bb*H38) -> -0.31593351 | L38: 1984 | M38: 540265 | N38: 1061099 | P38: =CE38 -> Grant | Q38: =CF38 -> 1984 | R38: =CN38 -> 541478 | S38: =CG38 -> 612803 | T38: =1-R38/S38 -> 0.1163914 | U38: =S38-R38 -> 71325 | W38: =$S41*W$2 -> 144322.8 | X38: =$S42*X$2 -> 621066.6 | Y38: =$S43*Y$2 -> 109466.1 | Z38: =$S44*Z$2 -> 0 | AA38: =SUM(W38:Z38) -> 874855.5 | AF38: =AA38 -> 874855.5 | AG38: =B38 -> 1984 | AH38: =W38/$AA38 -> 0.16496759 | AI38: =X38/$AA38 -> 0.70990764 | AJ38: =Y38/$AA38 -> 0.12512478 | AM38: =B38 -> 1984 | AN38: =AH35*AQ35+AI34*AQ34+AJ33*AQ33 -> 890146.65 | AO38: =CHOOSE(umethod,T38,retroU,MAX(0,cslope*(AN38-nlim)/AN38)) -> 0.5 | AP38: =AN38*(1-AO38) -> 445073.32 | AQ38: =AP38*EXP(aa-bb*AP38+K38) -> 763068.09 | AR38: =AN38-AP38 -> 445073.32 | AS38: Cass | AT38: 1984 | AU38: 540265 | AV38: =BH38 -> 65644 | AW38: =AV38/(AU38+AV38) -> 0.1083397 | AX38: =AU38+AV38 -> 605909 | AY38: =(AX38-CG38)/CG38 -> -0.011249945 | AZ38: Cass | BA38: 1984 | BB38: 19746 | BC38: N/A | BD38: 6131 | BE38: 1192 | BF38: 4846 | BG38: 337299 | BH38: 65644 | BI38: =BH38/BK38 -> 0.1083397 | BJ38: 540265 | BK38: 605909 | BL38: =BH38/BK38 -> 0.1083397 | BM38: =BB38/BK38 -> 0.032589052 | BN38: =BD38/(BK38-BB38) -> 0.010459548 | BO38: =BG38/(BK38-BB38-BD38-BF38) -> 0.58641726 | BP38: =BH38/BK38 -> 0.1083397 | BQ38: =BJ38*BP38/(1-BP38) -> 65644 | BR38: 0.1743125 | BS38: =BM38/(SUM($BM38:$BO38)) -> 0.051772549 | BT38: =BN38/(SUM($BM38:$BO38)) -> 0.016616545 | BU38: =BO38/(SUM($BM38:$BO38)) -> 0.93161091 | BW38: 1984 | BX38: 1627518 | BY38: 295867.09 | BZ38: 0.15382624 | CA38: 1923385.1 | CC38: =BI38 -> 0.1083397 | CE38: Grant | CF38: 1984 | CG38: 612803 | CH38: 30552 | CI38: 17335 | CJ38: 1 | CK38: 1192 | CL38: 0 | CM38: 22246 | CN38: 541478 | CO38: =SUM(CH38:CN38) -> 612804 | CQ38: 0.116 | CR38: =CF38 -> 1984 | CS38: =(CG38-BK38)/BK38 -> 0.011377946 | CT38: =(CN38-BJ38)/BJ38 -> 0.0022451945 | CW38: 1984 | CX38: 540265 | CY38: 1061099 | CZ38: =(CX38-R38)/R38 -> -0.0022401649 | DA38: =(CY38-AF38)/AF38 -> 0.21288487
A39: =P39 -> Grant | B39: =L39 -> 1985 | C39: =M39 -> 1147702 | D39: =N39 -> 1010518 | E39: =LN(D39/C39) -> -0.12729861 | F39: =A39 -> Grant | G39: 9348.2958 | H39: =R39 -> 1383808 | I39: =AA39 -> 1126818.4 | J39: =LN(I39/H39) -> -0.20544103 | K39: =J39-(aa-bb*H39) -> -0.4825469 | L39: 1985 | M39: 1147702 | N39: 1010518 | P39: =CE39 -> Grant | Q39: =CF39 -> 1985 | R39: =CN39 -> 1383808 | S39: =CG39 -> 1839044 | T39: =1-R39/S39 -> 0.24753948 | U39: =S39-R39 -> 455236 | W39: =$S42*W$2 -> 310533.3 | X39: =$S43*X$2 -> 656796.6 | Y39: =$S44*Y$2 -> 159488.5 | Z39: =$S45*Z$2 -> 0 | AA39: =SUM(W39:Z39) -> 1126818.4 | AF39: =AA39 -> 1126818.4 | AG39: =B39 -> 1985 | AH39: =W39/$AA39 -> 0.27558416 | AI39: =X39/$AA39 -> 0.58287706 | AJ39: =Y39/$AA39 -> 0.14153878 | AM39: =B39 -> 1985 | AN39: =AH36*AQ36+AI35*AQ35+AJ34*AQ34 -> 2092218.7 | AO39: =CHOOSE(umethod,T39,retroU,MAX(0,cslope*(AN39-nlim)/AN39)) -> 0.5 | AP39: =AN39*(1-AO39) -> 1046109.3 | AQ39: =AP39*EXP(aa-bb*AP39+K39) -> 1048690.7 | AR39: =AN39-AP39 -> 1046109.3 | AS39: Cass | AT39: 1985 | AU39: 1147702 | AV39: =BH39 -> 604708 | AW39: =AV39/(AU39+AV39) -> 0.34507221 | AX39: =AU39+AV39 -> 1752410 | AY39: =(AX39-CG39)/CG39 -> -0.047108171 | AZ39: Cass | BA39: 1985 | BB39: 242114 | BC39: 36552 | BD39: 128032 | BE39: 124160 | BF39: 15449 | BG39: 58400 | BH39: 604708 | BI39: =BH39/BK39 -> 0.34507221 | BJ39: 1147702 | BK39: 1752410 | BL39: =BH39/BK39 -> 0.34507221 | BM39: =BB39/BK39 -> 0.13816059 | BN39: =BD39/(BK39-BB39) -> 0.084772786 | BO39: =BG39/(BK39-BB39-BD39-BF39) -> 0.04272707 | BP39: =BH39/BK39 -> 0.34507221 | BQ39: =BJ39*BP39/(1-BP39) -> 604708 | BR39: 0.38 | BS39: =BM39/(SUM($BM39:$BO39)) -> 0.52006459 | BT39: =BN39/(SUM($BM39:$BO39)) -> 0.31910202 | BU39: =BO39/(SUM($BM39:$BO39)) -> 0.16083339 | BW39: 1985 | BX39: 2969439 | BY39: 1733316.5 | BZ39: 0.36857466 | CA39: 4702755.5 | CC39: =BI39 -> 0.34507221 | CE39: Grant | CF39: 1985 | CG39: 1839044 | CH39: 248099 | CI39: 23242 | CJ39: 2142 | CK39: 124098 | CL39: 0 | CM39: 57656 | CN39: 1383808 | CO39: =SUM(CH39:CN39) -> 1839045 | CQ39: 0.248 | CR39: =CF39 -> 1985 | CS39: =(CG39-BK39)/BK39 -> 0.049437061 | CT39: =(CN39-BJ39)/BJ39 -> 0.20572065 | CW39: 1985 | CX39: 1147702 | CY39: 1010518 | CZ39: =(CX39-R39)/R39 -> -0.17062049 | DA39: =(CY39-AF39)/AF39 -> -0.10321131
A40: =P40 -> Grant | B40: =L40 -> 1986 | C40: =M40 -> 833591 | D40: =N40 -> 1322564 | E40: =LN(D40/C40) -> 0.46158468 | F40: =A40 -> Grant | G40: 9640.2799 | H40: =R40 -> 997327 | I40: =AA40 -> 1430746.2 | J40: =LN(I40/H40) -> 0.36087271 | K40: =J40-(aa-bb*H40) -> -0.15417178 | L40: 1986 | M40: 833591 | N40: 1322564 | P40: =CE40 -> Grant | Q40: =CF40 -> 1986 | R40: =CN40 -> 997327 | S40: =CG40 -> 1580868 | T40: =1-R40/S40 -> 0.36912696 | U40: =S40-R40 -> 583541 | W40: =$S43*W$2 -> 328398.3 | X40: =$S44*X$2 -> 956931 | Y40: =$S45*Y$2 -> 145416.9 | Z40: =$S46*Z$2 -> 0 | AA40: =SUM(W40:Z40) -> 1430746.2 | AF40: =AA40 -> 1430746.2 | AG40: =B40 -> 1986 | AH40: =W40/$AA40 -> 0.22952939 | AI40: =X40/$AA40 -> 0.66883351 | AJ40: =Y40/$AA40 -> 0.1016371 | AM40: =B40 -> 1986 | AN40: =AH37*AQ37+AI36*AQ36+AJ35*AQ35 -> 1935290.2 | AO40: =CHOOSE(umethod,T40,retroU,MAX(0,cslope*(AN40-nlim)/AN40)) -> 0.5 | AP40: =AN40*(1-AO40) -> 967645.1 | AQ40: =AP40*EXP(aa-bb*AP40+K40) -> 1413765.3 | AR40: =AN40-AP40 -> 967645.1 | AS40: Cass | AT40: 1986 | AU40: 833591 | AV40: =BH40 -> 622194 | AW40: =AV40/(AU40+AV40) -> 0.42739416 | AX40: =AU40+AV40 -> 1455785 | AY40: =(AX40-CG40)/CG40 -> -0.079122988 | AZ40: Cass | BA40: 1986 | BB40: 342548 | BC40: 61331 | BD40: 17228 | BE40: 68213 | BF40: 17213 | BG40: 115661 | BH40: 622194 | BI40: =BH40/BK40 -> 0.42739416 | BJ40: 833591 | BK40: 1455785 | BL40: =BH40/BK40 -> 0.42739416 | BM40: =BB40/BK40 -> 0.23530123 | BN40: =BD40/(BK40-BB40) -> 0.015475591 | BO40: =BG40/(BK40-BB40-BD40-BF40) -> 0.10721304 | BP40: =BH40/BK40 -> 0.42739416 | BQ40: =BJ40*BP40/(1-BP40) -> 622194 | BR40: 0.5 | BS40: =BM40/(SUM($BM40:$BO40)) -> 0.65728462 | BT40: =BN40/(SUM($BM40:$BO40)) -> 0.043229131 | BU40: =BO40/(SUM($BM40:$BO40)) -> 0.29948625 | BW40: 1986 | BX40: 2321907 | BY40: 1888703.2 | BZ40: 0.44855808 | CA40: 4210610.2 | CC40: =BI40 -> 0.42739416 | CE40: Grant | CF40: 1986 | CG40: 1580868 | CH40: 346413 | CI40: 54696 | CJ40: 1188 | CK40: 67221 | CL40: 0 | CM40: 114023 | CN40: 997327 | CO40: =SUM(CH40:CN40) -> 1580868 | CQ40: 0.369 | CR40: =CF40 -> 1986 | CS40: =(CG40-BK40)/BK40 -> 0.085921341 | CT40: =(CN40-BJ40)/BJ40 -> 0.19642247 | CW40: 1986 | CX40: 833591 | CY40: 1322564 | CZ40: =(CX40-R40)/R40 -> -0.16417484 | DA40: =(CY40-AF40)/AF40 -> -0.075612432
A41: =P41 -> Grant | B41: =L41 -> 1987 | C41: =M41 -> 430000 | D41: =N41 -> 1116839 | E41: =LN(D41/C41) -> 0.95447244 | F41: =A41 -> Grant | G41: 9955.473 | H41: =R41 -> 363671 | I41: =AA41 -> 1506538.7 | J41: =LN(I41/H41) -> 1.4213204 | K41: =J41-(aa-bb*H41) -> 0.51616302 | L41: 1987 | M41: 430000 | N41: 1116839 | P41: =CE41 -> Grant | Q41: =CF41 -> 1987 | R41: =CN41 -> 363671 | S41: =CG41 -> 481076 | T41: =1-R41/S41 -> 0.24404668 | U41: =S41-R41 -> 117405 | W41: =$S44*W$2 -> 478465.5 | X41: =$S45*X$2 -> 872501.4 | Y41: =$S46*Y$2 -> 155571.8 | Z41: =$S47*Z$2 -> 0 | AA41: =SUM(W41:Z41) -> 1506538.7 | AF41: =AA41 -> 1506538.7 | AG41: =B41 -> 1987 | AH41: =W41/$AA41 -> 0.31759257 | AI41: =X41/$AA41 -> 0.57914304 | AJ41: =Y41/$AA41 -> 0.10326439 | AM41: =B41 -> 1987 | AN41: =AH38*AQ38+AI37*AQ37+AJ36*AQ36 -> 447329.91 | AO41: =CHOOSE(umethod,T41,retroU,MAX(0,cslope*(AN41-nlim)/AN41)) -> 0.5 | AP41: =AN41*(1-AO41) -> 223664.96 | AQ41: =AP41*EXP(aa-bb*AP41+K41) -> 1009958.9 | AR41: =AN41-AP41 -> 223664.96 | AS41: Cass | AT41: 1987 | AU41: 430000 | AV41: =BH41 -> 136674 | AW41: =AV41/(AU41+AV41) -> 0.24118629 | AX41: =AU41+AV41 -> 566674 | AY41: =(AX41-CG41)/CG41 -> 0.17793031 | AZ41: Cass | BA41: 1987 | BB41: 17868 | BC41: 26729 | BD41: 22999 | BE41: 18649 | BF41: 14081 | BG41: 36348 | BH41: 136674 | BI41: =BH41/BK41 -> 0.24118629 | BJ41: 430000 | BK41: 566674 | BL41: =BH41/BK41 -> 0.24118629 | BM41: =BB41/BK41 -> 0.031531357 | BN41: =BD41/(BK41-BB41) -> 0.041907341 | BO41: =BG41/(BK41-BB41-BD41-BF41) -> 0.0710302 | BP41: =BH41/BK41 -> 0.24118629 | BQ41: =BJ41*BP41/(1-BP41) -> 136674 | BR41: 0.52 | BS41: =BM41/(SUM($BM41:$BO41)) -> 0.21825706 | BT41: =BN41/(SUM($BM41:$BO41)) -> 0.29007864 | BU41: =BO41/(SUM($BM41:$BO41)) -> 0.4916643 | BW41: 1987 | BX41: 1317145 | BY41: 638770.32 | BZ41: 0.32658383 | CA41: 1955915.3 | CC41: =BI41 -> 0.24118629 | CE41: Grant | CF41: 1987 | CG41: 481076 | CH41: 22167 | CI41: 25236 | CJ41: 10167 | CK41: 21984 | CL41: 0 | CM41: 37852 | CN41: 363671 | CO41: =SUM(CH41:CN41) -> 481077 | CQ41: 0.244 | CR41: =CF41 -> 1987 | CS41: =(CG41-BK41)/BK41 -> -0.15105334 | CT41: =(CN41-BJ41)/BJ41 -> -0.15425349 | CW41: 1987 | CX41: 430000 | CY41: 1116839 | CZ41: =(CX41-R41)/R41 -> 0.18238738 | DA41: =(CY41-AF41)/AF41 -> -0.25867221
A42: =P42 -> Grant | B42: =L42 -> 1988 | C42: =M42 -> 488070 | D42: =N42 -> 406805 | E42: =LN(D42/C42) -> -0.18212488 | F42: =A42 -> Grant | G42: 10295.72 | H42: =R42 -> 528467 | I42: =AA42 -> 1517347.8 | J42: =LN(I42/H42) -> 1.0547389 | K42: =J42-(aa-bb*H42) -> 0.25103878 | L42: 1988 | M42: 488070 | N42: 406805 | P42: =CE42 -> Grant | Q42: =CF42 -> 1988 | R42: =CN42 -> 528467 | S42: =CG42 -> 1035111 | T42: =1-R42/S42 -> 0.48945862 | U42: =S42-R42 -> 506644 | W42: =$S45*W$2 -> 436250.7 | X42: =$S46*X$2 -> 933430.8 | Y42: =$S47*Y$2 -> 147666.3 | Z42: =$S48*Z$2 -> 0 | AA42: =SUM(W42:Z42) -> 1517347.8 | AB42: =$S45*$W$2 -> 436250.7 | AC42: =$S46*$X$2 -> 933430.8 | AD42: =$S47*$Y$2 -> 147666.3 | AE42: =$S48*$Z$2 -> 0 | AF42: =SUM(AB42:AE42) -> 1517347.8 | AG42: =B42 -> 1988 | AH42: =W42/$AA42 -> 0.2875087 | AI42: =X42/$AA42 -> 0.61517261 | AJ42: =Y42/$AA42 -> 0.09731869 | AM42: =B42 -> 1988 | AN42: =AH39*AQ39+AI38*AQ38+AJ37*AQ37 -> 920765.99 | AO42: =CHOOSE(umethod,T42,retroU,MAX(0,cslope*(AN42-nlim)/AN42)) -> 0.5 | AP42: =AN42*(1-AO42) -> 460382.99 | AQ42: =AP42*EXP(aa-bb*AP42+K42) -> 1378448.4 | AR42: =AN42-AP42 -> 460382.99 | AS42: Cass | AT42: 1988 | AU42: 488070 | AV42: =BH42 -> 685238 | AW42: =AV42/(AU42+AV42) -> 0.58402227 | AX42: =AU42+AV42 -> 1173308 | AY42: =(AX42-CG42)/CG42 -> 0.13350935 | AZ42: Cass | BA42: 1988 | BB42: 250953 | BC42: 4743 | BD42: 196360 | BE42: 96300 | BF42: 30719 | BG42: 106162 | BH42: 685238 | BI42: =BH42/BK42 -> 0.58402227 | BJ42: 488070 | BK42: 1173308 | BL42: =BH42/BK42 -> 0.58402227 | BM42: =BB42/BK42 -> 0.21388502 | BN42: =BD42/(BK42-BB42) -> 0.21288983 | BO42: =BG42/(BK42-BB42-BD42-BF42) -> 0.15269044 | BP42: =BH42/BK42 -> 0.58402227 | BQ42: =BJ42*BP42/(1-BP42) -> 685238 | BR42: 0.56 | BS42: =BM42/(SUM($BM42:$BO42)) -> 0.36910755 | BT42: =BN42/(SUM($BM42:$BO42)) -> 0.36739014 | BU42: =BO42/(SUM($BM42:$BO42)) -> 0.26350231 | BW42: 1988 | BX42: 1634560 | BY42: 1788874.1 | BZ42: 0.52253791 | CA42: 3423434.1 | CC42: =BI42 -> 0.58402227 | CE42: Grant | CF42: 1988 | CG42: 1035111 | CH42: 296424 | CI42: 3964 | CJ42: 1537 | CK42: 96892 | CL42: 0 | CM42: 107827 | CN42: 528467 | CO42: =SUM(CH42:CN42) -> 1035111 | CQ42: 0.489 | CR42: =CF42 -> 1988 | CS42: =(CG42-BK42)/BK42 -> -0.11778408 | CT42: =(CN42-BJ42)/BJ42 -> 0.082768865 | CW42: 1988 | CX42: 488070 | CY42: 406805 | CZ42: =(CX42-R42)/R42 -> -0.076441859 | DA42: =(CY42-AF42)/AF42 -> -0.73189733
A43: =P43 -> Grant | B43: =L43 -> 1989 | C43: =M43 -> 523657 | D43: =AA43 -> 1582242 | E43: =LN(D43/C43) -> 1.1057612 | F43: =A43 -> Grant | G43: 10663.012 | H43: =R43 -> 739647 | I43: =AA43 -> 1582242 | J43: =LN(I43/H43) -> 0.76042506 | K43: =J43-(aa-bb*H43) -> 0.086738822 | L43: 1989 | M43: 523657 | N43: =NA() -> #N/A | P43: =CE43 -> Grant | Q43: =CF43 -> 1989 | R43: =CN43 -> 739647 | S43: =CG43 -> 1094661 | T43: =1-R43/S43 -> 0.3243141 | U43: =S43-R43 -> 355014 | W43: =$S46*W$2 -> 466715.4 | X43: =$S47*X$2 -> 885997.8 | Y43: =$S48*Y$2 -> 229528.8 | Z43: =$S49*Z$2 -> 0 | AA43: =SUM(W43:Z43) -> 1582242 | AB43: =$S46*$W$2 -> 466715.4 | AC43: =$S47*$X$2 -> 885997.8 | AD43: =$S48*$Y$2 -> 229528.8 | AE43: =$S49*$Z$2 -> 0 | AF43: =SUM(AB43:AE43) -> 1582242 | AG43: =B43 -> 1989 | AH43: =W43/$AA43 -> 0.29497093 | AI43: =X43/$AA43 -> 0.55996352 | AJ43: =Y43/$AA43 -> 0.14506555 | AM43: =B43 -> 1989 | AN43: =AH40*AQ40+AI39*AQ39+AJ38*AQ38 -> 1031237.2 | AO43: =CHOOSE(umethod,T43,retroU,MAX(0,cslope*(AN43-nlim)/AN43)) -> 0.5 | AP43: =AN43*(1-AO43) -> 515618.59 | AQ43: =AP43*EXP(aa-bb*AP43+K43) -> 1266125.1 | AR43: =AN43-AP43 -> 515618.59 | AT43: 1989 | AZ43: Cass | BA43: 1989 | BB43: 256398 | BC43: 8017 | BD43: 25786 | BE43: 55544 | BF43: 16769 | BG43: 37156 | BH43: 399670 | BI43: =BH43/BK43 -> 0.43093335 | BJ43: 527782 | BK43: 927452 | BL43: =BH43/BK43 -> 0.43093335 | BM43: =BB43/BK43 -> 0.2764542 | BN43: =BD43/(BK43-BB43) -> 0.038426118 | BO43: =BG43/(BK43-BB43-BD43-BF43) -> 0.05911863 | BP43: =BH43/BK43 -> 0.43093335 | BQ43: =BJ43*BP43/(1-BP43) -> 399670 | BR43: 0.56 | BS43: =BM43/(SUM($BM43:$BO43)) -> 0.73918443 | BT43: =BN43/(SUM($BM43:$BO43)) -> 0.10274392 | BU43: =BO43/(SUM($BM43:$BO43)) -> 0.15807165 | BW43: 1989 | BX43: 1029563 | BY43: 822368.74 | BZ43: 0.44405996 | CA43: 1851931.7 | CC43: =BI43 -> 0.43093335 | CE43: Grant | CF43: 1989 | CG43: 1094661 | CH43: 244269 | CI43: 6323 | CJ43: 9749 | CK43: 55358 | CL43: 0 | CM43: 39315 | CN43: 739647 | CO43: =SUM(CH43:CN43) -> 1094661 | CQ43: 0.324 | CR43: =CF43 -> 1989 | CS43: =(CG43-BK43)/BK43 -> 0.18028858 | CT43: =(CN43-BJ43)/BJ43 -> 0.40142521 | CW43: 1989
A44: =P44 -> Grant | B44: =L44 -> 1990 | C44: =M44 -> 736039 | D44: =AA44 -> 2004615.8 | E44: =LN(D44/C44) -> 1.0019246 | F44: =A44 -> Grant | G44: 11059.499 | H44: =R44 -> 861972 | I44: =AA44 -> 2004615.8 | J44: =LN(I44/H44) -> 0.84398491 | K44: =J44-(aa-bb*H44) -> 0.24560856 | L44: 1990 | M44: 736039 | N44: =NA() -> #N/A | P44: =CE44 -> Grant | Q44: =CF44 -> 1990 | R44: =CN44 -> 861972 | S44: =CG44 -> 1594885 | T44: =1-R44/S44 -> 0.45953972 | U44: =S44-R44 -> 732913 | W44: =$S47*W$2 -> 442998.9 | X44: =$S48*X$2 -> 1377172.8 | Y44: =$S49*Y$2 -> 184444.1 | Z44: =$S50*Z$2 -> 0 | AA44: =SUM(W44:Z44) -> 2004615.8 | AB44: =$S47*$W$2 -> 442998.9 | AC44: =$S48*$X$2 -> 1377172.8 | AD44: =$S49*$Y$2 -> 184444.1 | AE44: =$V50*$Z$2 -> 0 | AF44: =SUM(AB44:AE44) -> 2004615.8 | AG44: =B44 -> 1990 | AH44: =W44/$AA44 -> 0.22098943 | AI44: =X44/$AA44 -> 0.68700087 | AJ44: =Y44/$AA44 -> 0.092009701 | AM44: =B44 -> 1990 | AN44: =AH41*AQ41+AI40*AQ40+AJ39*AQ39 -> 1414759.5 | AO44: =CHOOSE(umethod,T44,retroU,MAX(0,cslope*(AN44-nlim)/AN44)) -> 0.5 | AP44: =AN44*(1-AO44) -> 707379.74 | AQ44: =AP44*EXP(aa-bb*AP44+K44) -> 1809359 | AR44: =AN44-AP44 -> 707379.74 | AT44: 1990 | AZ44: Cass | BA44: 1990 | BB44: 437784 | BC44: 8274 | BD44: 1988 | BE44: 143511 | BF44: 15719 | BG44: 127188 | BH44: 734464 | BI44: =BH44/BK44 -> 0.49435486 | BJ44: 751239 | BK44: 1485702 | BL44: =BH44/BK44 -> 0.49435486 | BM44: =BB44/BK44 -> 0.29466474 | BN44: =BD44/(BK44-BB44) -> 0.001897095 | BO44: =BG44/(BK44-BB44-BD44-BF44) -> 0.1234582 | BP44: =BH44/BK44 -> 0.49435486 | BQ44: =BJ44*BP44/(1-BP44) -> 734464.98 | BR44: 0.57 | BS44: =BM44/(SUM($BM44:$BO44)) -> 0.70154924 | BT44: =BN44/(SUM($BM44:$BO44)) -> 0.0045166773 | BU44: =BO44/(SUM($BM44:$BO44)) -> 0.29393408 | BW44: 1990 | BX44: 1743112 | BY44: 1884857.3 | BZ44: 0.51953507 | CA44: 3627969.3 | CC44: =BI44 -> 0.49435486 | CE44: Grant | CF44: 1990 | CG44: 1594885 | CH44: 451937 | CI44: 16682 | CJ44: 4 | CK44: 144478 | CL44: 0 | CM44: 119812 | CN44: 861972 | CO44: =SUM(CH44:CN44) -> 1594885 | CQ44: 0.46 | CR44: =CF44 -> 1990 | CS44: =(CG44-BK44)/BK44 -> 0.073489165 | CT44: =(CN44-BJ44)/BJ44 -> 0.14740049 | CW44: 1990
A45: =P45 -> Grant | B45: =L45 -> 1991 | C45: =M45 -> 790060 | D45: =AA45 -> 1920095.3 | E45: =LN(D45/C45) -> 0.8880212 | F45: =A45 -> Grant | G45: 11487.501 | H45: =R45 -> 1106348 | I45: =AA45 -> 1920095.3 | J45: =LN(I45/H45) -> 0.55131032 | K45: =J45-(aa-bb*H45) -> 0.10338506 | L45: 1991 | M45: 790060 | N45: =NA() -> #N/A | P45: =CE45 -> Grant | Q45: =CF45 -> 1991 | R45: =CN45 -> 1106348 | S45: =CG45 -> 1454169 | T45: =1-R45/S45 -> 0.23918884 | U45: =S45-R45 -> 347821 | W45: =$S48*W$2 -> 688586.4 | X45: =$S49*X$2 -> 1106664.6 | Y45: =$S50*Y$2 -> 124844.29 | Z45: =$S51*Z$2 -> 0 | AA45: =SUM(W45:Z45) -> 1920095.3 | AB45: =$S48*$W$2 -> 688586.4 | AC45: =$S49*$X$2 -> 1106664.6 | AD45: =$V50*$Y$2 -> 124844.29 | AE45: =$V51*$Z$2 -> 0 | AF45: =SUM(AB45:AE45) -> 1920095.3 | AG45: =B45 -> 1991 | AH45: =W45/$AA45 -> 0.35862095 | AI45: =X45/$AA45 -> 0.57635921 | AJ45: =Y45/$AA45 -> 0.065019843 | AM45: =B45 -> 1991 | AN45: =AH42*AQ42+AI41*AQ41+AJ40*AQ40 -> 1124917.6 | AO45: =CHOOSE(umethod,T45,retroU,MAX(0,cslope*(AN45-nlim)/AN45)) -> 0.5 | AP45: =AN45*(1-AO45) -> 562458.8 | AQ45: =AP45*EXP(aa-bb*AP45+K45) -> 1364407.9 | AR45: =AN45-AP45 -> 562458.8 | AT45: 1991 | BA45: 1991 | BI45: =BR45 -> 0.42 | BR45: 0.42 | CE45: Grant | CF45: 1991 | CG45: 1454169 | CH45: 104533 | CI45: 54637 | CJ45: 78 | CK45: 110837 | CL45: 0 | CM45: 77737 | CN45: 1106348 | CO45: =SUM(CH45:CN45) -> 1454170 | CQ45: 0.239 | CW45: 1991
A46: =P46 -> Grant | B46: =L46 -> 1992 | C46: =M46 -> 757025 | D46: =AA46 -> 1415807.9 | E46: =LN(D46/C46) -> 0.62605933 | F46: =A46 -> Grant | G46: 11949.524 | H46: =R46 -> 1035859 | I46: =AA46 -> 1415807.9 | J46: =LN(I46/H46) -> 0.31246929 | K46: =J46-(aa-bb*H46) -> -0.17885281 | L46: 1992 | M46: 757025 | N46: =NA() -> #N/A | P46: =CE46 -> Grant | Q46: =CF46 -> 1992 | R46: =CN46 -> 1035859 | S46: =CG46 -> 1555718 | T46: =1-R46/S46 -> 0.33416018 | U46: =S46-R46 -> 519859 | W46: =$S49*W$2 -> 553332.3 | X46: =$S50*X$2 -> 749065.77 | Y46: =$S51*Y$2 -> 113409.84 | Z46: =$S52*Z$2 -> 0 | AA46: =SUM(W46:Z46) -> 1415807.9 | AB46: =$S49*$W$2 -> 553332.3 | AC46: =$V50*$X$2 -> 749065.77 | AD46: =$V51*$Y$2 -> 113409.84 | AE46: =$V52*$Z$2 -> 0 | AF46: =SUM(AB46:AE46) -> 1415807.9 | AG46: =B46 -> 1992 | AH46: =W46/$AA46 -> 0.39082442 | AI46: =X46/$AA46 -> 0.52907302 | AJ46: =Y46/$AA46 -> 0.080102562 | AM46: =B46 -> 1992 | AN46: =AH43*AQ43+AI42*AQ42+AJ41*AQ41 -> 1325746.6 | AO46: =CHOOSE(umethod,T46,retroU,MAX(0,cslope*(AN46-nlim)/AN46)) -> 0.5 | AP46: =AN46*(1-AO46) -> 662873.29 | AQ46: =AP46*EXP(aa-bb*AP46+K46) -> 1139885.8 | AR46: =AN46-AP46 -> 662873.29 | AT46: 1992 | BA46: 1992 | BI46: =BR46 -> 0.53 | BR46: 0.53 | CE46: Grant | CF46: 1992 | CG46: 1555718 | CH46: 309541 | CI46: 48931 | CJ46: 57 | CK46: 90015 | CL46: 0 | CM46: 71317 | CN46: 1035859 | CO46: =SUM(CH46:CN46) -> 1555720 | CQ46: 0.334 | CW46: 1992
A47: =P47 -> Grant | B47: =L47 -> 1993 | C47: =M47 -> 788831 | D47: =N47 -> 1361315 | E47: =LN(D47/C47) -> 0.54565432 | F47: =A47 -> Grant | G47: 12448.272 | H47: =R47 -> 985479 | I47: =AA47 -> 1461960 | J47: =LN(I47/H47) -> 0.39440543 | K47: =J47-(aa-bb*H47) -> -0.12793333 | L47: 1993 | M47: 788831 | N47: 1361315 | P47: =CE47 -> Grant | Q47: =AT47 -> 1993 | R47: =CN47 -> 985479 | S47: =CG47 -> 1476663 | T47: =1-R47/S47 -> 0.33263107 | U47: =S47-R47 -> 491184 | W47: =$S50*W$2 -> 374532.88 | X47: =$S51*X$2 -> 680459.05 | Y47: =$S52*Y$2 -> 406968.02 | Z47: =$S53*Z$2 -> 0 | AA47: =SUM(W47:Z47) -> 1461960 | AB47: =$V50*$W$2 -> 374532.88 | AC47: =$V51*$X$2 -> 680459.05 | AD47: =$V52*$Y$2 -> 406968.02 | AE47: =$V53*$Z$2 -> 0 | AF47: =SUM(AB47:AE47) -> 1461960 | AG47: =B47 -> 1993 | AH47: =W47/$AA47 -> 0.25618546 | AI47: =X47/$AA47 -> 0.46544302 | AJ47: =Y47/$AA47 -> 0.27837152 | AM47: =B47 -> 1993 | AN47: =AH44*AQ44+AI43*AQ43+AJ42*AQ42 -> 1242981.9 | AO47: =CHOOSE(umethod,T47,retroU,MAX(0,cslope*(AN47-nlim)/AN47)) -> 0.5 | AP47: =AN47*(1-AO47) -> 621490.93 | AQ47: =AP47*EXP(aa-bb*AP47+K47) -> 1153570.9 | AR47: =AN47-AP47 -> 621490.93 | AS47: Brittany | AT47: 1993 | AU47: 788831 | AV47: =AU47*BI47/(1-BI47) -> 854566.92 | AW47: =AV47/(AU47+AV47) -> 0.52 | AX47: =AU47+AV47 -> 1643397.9 | AY47: =(AX47-CG47)/CG47 -> 0.11291332 | BA47: 1993 | BI47: =BR47 -> 0.52 | BR47: 0.52 | CE47: Grant | CF47: 1993 | CG47: 1476663 | CH47: 250194 | CI47: 26665 | CJ47: 28 | CK47: 98891 | CL47: 0 | CM47: 115406 | CN47: 985479 | CO47: =SUM(CH47:CN47) -> 1476663 | CQ47: 0.333 | CW47: 1993 | CX47: 788831 | CY47: 1361315 | CZ47: =(CX47-R47)/R47 -> -0.1995456 | DA47: =(CY47-AF47)/AF47 -> -0.068842482
A48: =P48 -> Grant | B48: =L48 -> 1994 | C48: =R48 -> 1666079 | D48: =N48 -> 3442899 | E48: =LN(D48/C48) -> 0.72584089 | F48: =A48 -> Grant | G48: 12986.664 | H48: =R48 -> 1666079 | I48: =AA48 -> 3090405.4 | J48: =LN(I48/H48) -> 0.61782931 | K48: =J48-(aa-bb*H48) -> 0.51450475 | L48: 1994 | M48: =NA() -> #N/A | N48: 3442899 | P48: =CE48 -> Grant | Q48: =CF48 -> 1994 | R48: =CN48 -> 1666079 | S48: =CG48 -> 2295288 | T48: =1-R48/S48 -> 0.27413074 | U48: =S48-R48 -> 629209 | W48: =$S51*W$2 -> 340229.52 | X48: =$S52*X$2 -> 2441808.1 | Y48: =$S53*Y$2 -> 308367.73 | Z48: =$S54*Z$2 -> 0 | AA48: =SUM(W48:Z48) -> 3090405.4 | AB48: =$V51*$W$2 -> 340229.52 | AC48: =$V52*$X$2 -> 2441808.1 | AD48: =$V53*$Y$2 -> 308367.73 | AE48: =$V54*$Z$2 -> 0 | AF48: =SUM(AB48:AE48) -> 3090405.4 | AG48: =B48 -> 1994 | AH48: =W48/$AA48 -> 0.1100922 | AI48: =X48/$AA48 -> 0.79012551 | AJ48: =Y48/$AA48 -> 0.099782291 | AM48: =B48 -> 1994 | AN48: =AH45*AQ45+AI44*AQ44+AJ43*AQ43 -> 1916007.6 | AO48: =CHOOSE(umethod,T48,retroU,MAX(0,cslope*(AN48-nlim)/AN48)) -> 0.5 | AP48: =AN48*(1-AO48) -> 958003.79 | AQ48: =AP48*EXP(aa-bb*AP48+K48) -> 2747950 | AR48: =AN48-AP48 -> 958003.79 | AS48: Brittany | AT48: 1994 | AW48: =BI48 -> 0.44 | BA48: 1994 | BI48: =BR48 -> 0.44 | BR48: 0.44 | CE48: Grant | CF48: 1994 | CG48: 2295288 | CH48: 335201 | CI48: 24576 | CJ48: 0 | CK48: 54975 | CL48: 0 | CM48: 214456 | CN48: 1666079 | CO48: =SUM(CH48:CN48) -> 2295287 | CQ48: 0.274 | CW48: 1994 | DK48: Digitized from DFO 2023 slide set
A49: =P49 -> Grant | B49: =L49 -> 1995 | C49: =R49 -> 1628542 | D49: =N49 -> 3112653 | E49: =LN(D49/C49) -> 0.64779028 | F49: =A49 -> Grant | G49: 13567.851 | H49: =R49 -> 1628542 | I49: =AA49 -> 3153242.8 | J49: =LN(I49/H49) -> 0.66074626 | K49: =J49-(aa-bb*H49) -> 0.53431188 | L49: 1995 | M49: =NA() -> #N/A | N49: 3112653 | P49: =CE49 -> Grant | Q49: =AT49 -> 1995 | R49: =CN49 -> 1628542 | S49: =CG49 -> 1844441 | T49: =1-R49/S49 -> 0.11705389 | U49: =S49-R49 -> 215899 | V49: Brittany tot. stock | W49: =$S52*$W$2 -> 1220904.1 | X49: =$S53*$X$2 -> 1850206.4 | Y49: =$S54*$Y$2 -> 82132.389 | Z49: =$S55*$Z$2 -> 0 | AA49: =SUM(W49:Z49) -> 3153242.8 | AB49: =$V52*$W$2 -> 1220904.1 | AC49: =$V53*$X$2 -> 1850206.4 | AD49: =$V54*$Y$2 -> 82132.389 | AE49: =$V55*$Z$2 -> 0 | AF49: =SUM(AB49:AE49) -> 3153242.8 | AG49: =B49 -> 1995 | AH49: =W49/$AA49 -> 0.38718999 | AI49: =X49/$AA49 -> 0.58676305 | AJ49: =Y49/$AA49 -> 0.02604696 | AM49: =B49 -> 1995 | AN49: =AH46*AQ46+AI45*AQ45+AJ44*AQ44 -> 1398362.8 | AO49: =CHOOSE(umethod,T49,retroU,MAX(0,cslope*(AN49-nlim)/AN49)) -> 0.5 | AP49: =AN49*(1-AO49) -> 699181.41 | AQ49: =AP49*EXP(aa-bb*AP49+K49) -> 2399033.4 | AR49: =AN49-AP49 -> 699181.41 | AS49: Brittany | AT49: 1995 | AW49: =BI49 -> 0.28 | BA49: 1995 | BI49: =BR49 -> 0.28 | BR49: 0.28 | CE49: Grant | CF49: 1995 | CG49: 1844441 | CH49: 94747 | CI49: 2224 | CJ49: 507 | CK49: 31940 | CL49: 0 | CM49: 86480 | CN49: 1628542 | CO49: =SUM(CH49:CN49) -> 1844440 | CQ49: 0.117 | CW49: 1995 | DI49: Year | DJ49: total Run | DK49: spawners | DL49: catch | DM49: harvest rate | DO49: %dif spawn | DP49: %dif hr
A50: Haley | B50: =L50 -> 1996 | C50: =M50 -> 1186180 | D50: =N50 -> 1431408 | E50: =LN(D50/C50) -> 0.18792052 | F50: Murdoch | G50: 14195.235 | H50: =R50 -> 1186180 | I50: =AA50 -> 1757511.3 | J50: =LN(I50/H50) -> 0.39316069 | K50: =J50-(aa-bb*H50) -> -0.0056156666 | L50: 1996 | M50: 1186180 | N50: 1431408 | P50: =AS50 -> Brittany | Q50: =AT50 -> 1996 | R50: =AU50 -> 1186180 | S50: =AX50 -> 1248442.9 | T50: =1-R50/S50 -> 0.04987248 | U50: =S50-R50 -> 62262.946 | V50: =S50 -> 1248442.9 | W50: =$S53*$W$2 -> 925103.19 | X50: =$S54*$X$2 -> 492794.34 | Y50: =$S55*$Y$2 -> 339613.74 | Z50: =$S56*$Z$2 -> 0 | AA50: =SUM(W50:Z50) -> 1757511.3 | AB50: =$V53*$W$2 -> 925103.19 | AC50: =$V54*$X$2 -> 492794.34 | AD50: =$V55*$Y$2 -> 339613.74 | AE50: =$V56*$Z$2 -> 0 | AF50: =SUM(AB50:AE50) -> 1757511.3 | AG50: =B50 -> 1996 | AH50: =W50/$AA50 -> 0.52637113 | AI50: =X50/$AA50 -> 0.28039327 | AJ50: =Y50/$AA50 -> 0.1932356 | AM50: =B50 -> 1996 | AN50: =AH47*AQ47+AI46*AQ46+AJ45*AQ45 -> 987324.48 | AO50: =CHOOSE(umethod,T50,retroU,MAX(0,cslope*(AN50-nlim)/AN50)) -> 0.5 | AP50: =AN50*(1-AO50) -> 493662.24 | AQ50: =AP50*EXP(aa-bb*AP50+K50) -> 1120313.3 | AR50: =AN50-AP50 -> 493662.24 | AS50: Brittany | AT50: 1996 | AU50: 1186180 | AV50: =AX50-AU50 -> 62262.946 | AW50: =AV50/AX50 -> 0.04987248 | AX50: 1248442.9 | AY50: =(AX50-CG50)/CG50 -> 0.4084213 | BA50: 1996 | BI50: =BR50 -> 0.27 | BR50: 0.27 | CE50: Grant | CF50: 1996 | CG50: 886413 | CH50: 24816 | CI50: 0 | CJ50: 0 | CK50: 81 | CL50: 0 | CM50: 16175 | CN50: 845342 | CO50: =SUM(CH50:CN50) -> 886414 | CQ50: 0.046 | CW50: 1996 | CX50: 1186180 | CY50: 1431408 | CZ50: =(CX50-R50)/R50 -> 0 | DA50: =(CY50-AF50)/AF50 -> -0.18554832 | DI50: 1996 | DJ50: 1253503.3 | DK50: 1123652.9 | DL50: =DJ50-DK50 -> 129850.39 | DM50: =DL50/DJ50 -> 0.10358999 | DO50: =(M50-DK50)/DJ50 -> 0.049881843 | DP50: =(AW50-DM50)/DM50 -> -0.51855887
A51: Haley | B51: =L51 -> 1997 | C51: =M51 -> 1045815 | D51: =N51 -> 2858328 | E51: =LN(D51/C51) -> 1.0054404 | F51: Murdoch | G51: 14872.488 | H51: =R51 -> 1045815 | I51: =AA51 -> 2557187.9 | J51: =LN(I51/H51) -> 0.89411171 | K51: =J51-(aa-bb*H51) -> 0.40891906 | L51: 1997 | M51: 1045815 | N51: 2858328 | P51: =AS51 -> Brittany | Q51: =AT51 -> 1997 | R51: =AU51 -> 1045815 | S51: =AX51 -> 1134098.4 | T51: =1-R51/S51 -> 0.07784458 | U51: =S51-R51 -> 88283.415 | V51: =S51 -> 1134098.4 | W51: =$S54*$W$2 -> 246397.17 | X51: =$S55*$X$2 -> 2037682.4 | Y51: =$S56*$Y$2 -> 270192.25 | Z51: =$S57*$DF57 -> 2916.114 | AA51: =SUM(W51:Z51) -> 2557187.9 | AB51: =$V54*$W$2 -> 246397.17 | AC51: =$V55*$X$2 -> 2037682.4 | AD51: =$V56*$Y$2 -> 270192.25 | AE51: =$V57*$Z$2 -> 0 | AF51: =SUM(AB51:AE51) -> 2554271.8 | AG51: =B51 -> 1997 | AH51: =W51/$AA51 -> 0.096354736 | AI51: =X51/$AA51 -> 0.79684499 | AJ51: =Y51/$AA51 -> 0.10565991 | AM51: =B51 -> 1997 | AN51: =AH48*AQ48+AI47*AQ47+AJ46*AQ46 -> 930757.13 | AO51: =CHOOSE(umethod,T51,retroU,MAX(0,cslope*(AN51-nlim)/AN51)) -> 0.5 | AP51: =AN51*(1-AO51) -> 465378.56 | AQ51: =AP51*EXP(aa-bb*AP51+K51) -> 1626703.7 | AR51: =AN51-AP51 -> 465378.56 | AS51: Brittany | AT51: 1997 | AU51: 1045815 | AV51: =AX51-AU51 -> 88283.415 | AW51: =AV51/AX51 -> 0.07784458 | AX51: 1134098.4 | AY51: =(AX51-CG51)/CG51 -> -0.32886159 | BA51: 1997 | BI51: =BR51 -> 0.18 | BR51: 0.18 | CE51: Grant | CF51: 1997 | CG51: 1689813 | CH51: 38231 | CI51: 0 | CJ51: 20 | CK51: 191 | CL51: 0 | CM51: 31764 | CN51: 1619608 | CO51: =SUM(CH51:CN51) -> 1689814 | CQ51: 0.042 | CW51: 1997 | CX51: 1045815 | CY51: 2858328 | CZ51: =(CX51-R51)/R51 -> 0 | DA51: =(CY51-AF51)/AF51 -> 0.1190383 | DI51: 1997 | DJ51: 1137153.1 | DK51: 955315.2 | DL51: =DJ51-DK51 -> 181837.92 | DM51: =DL51/DJ51 -> 0.15990627 | DO51: =(M51-DK51)/DJ51 -> 0.079584532 | DP51: =(AW51-DM51)/DM51 -> -0.51318621
A52: Haley | B52: =L52 -> 1998 | C52: =M52 -> 3561043 | D52: =N52 -> 2785129 | E52: =LN(D52/C52) -> -0.24575929 | F52: Murdoch | G52: 15603.574 | H52: =R52 -> 3561043 | I52: =AA52 -> 2766942 | J52: =LN(I52/H52) -> -0.25231074 | K52: =J52-(aa-bb*H52) -> 0.81100709 | L52: 1998 | M52: 3561043 | N52: 2785129 | P52: =AS52 -> Brittany | Q52: =AT52 -> 1998 | R52: =AU52 -> 3561043 | S52: =AX52 -> 4069680.2 | T52: =1-R52/S52 -> 0.1249821 | U52: =S52-R52 -> 508637.2 | V52: =S52 -> 4069680.2 | W52: =$S55*$W$2 -> 1018841.2 | X52: =$S56*$X$2 -> 1621153.5 | Y52: =$S57*$DE57 -> 122476.79 | Z52: =$S58*DF58 -> 4470.4815 | AA52: =SUM(W52:Z52) -> 2766942 | AB52: =$V55*$W$2 -> 1018841.2 | AC52: =$V56*$X$2 -> 1621153.5 | AD52: =$V57*$Y$2 -> 200628.64 | AE52: =$V58*$Z$2 -> 0 | AF52: =SUM(AB52:AE52) -> 2840623.4 | AG52: =B52 -> 1998 | AH52: =W52/$AA52 -> 0.36821921 | AI52: =X52/$AA52 -> 0.5859008 | AJ52: =Y52/$AA52 -> 0.044264313 | AM52: =B52 -> 1998 | AN52: =AH49*AQ49+AI48*AQ48+AJ47*AQ47 -> 3421228.4 | AO52: =CHOOSE(umethod,T52,retroU,MAX(0,cslope*(AN52-nlim)/AN52)) -> 0.5 | AP52: =AN52*(1-AO52) -> 1710614.2 | AQ52: =AP52*EXP(aa-bb*AP52+K52) -> 4152729.6 | AR52: =AN52-AP52 -> 1710614.2 | AS52: Brittany | AT52: 1998 | AU52: 3561043 | AV52: =AX52-AU52 -> 508637.2 | AW52: =AV52/AX52 -> 0.1249821 | AX52: 4069680.2 | AY52: =(AX52-CG52)/CG52 -> -0.0057344078 | BA52: 1998 | BI52: =BR52 -> 0.36 | BR52: 0.36 | CE52: Grant | CF52: 1998 | CG52: 4093152 | CH52: 334938 | CI52: 80296 | CJ52: 0 | CK52: 26006 | CL52: 0 | CM52: 28281 | CN52: 3623631 | CO52: =SUM(CH52:CN52) -> 4093152 | CQ52: 0.115 | CW52: 1998 | CX52: 3561043 | CY52: 2785129 | CZ52: =(CX52-R52)/R52 -> 0 | DA52: =(CY52-AF52)/AF52 -> -0.019535981 | DI52: 1998 | DJ52: 4085678.8 | DK52: 3384399.8 | DL52: =DJ52-DK52 -> 701278.96 | DM52: =DL52/DJ52 -> 0.1716432 | DO52: =(M52-DK52)/DJ52 -> 0.043234727 | DP52: =(AW52-DM52)/DM52 -> -0.27184935
A53: Haley | B53: =L53 -> 1999 | C53: =M53 -> 2987256 | D53: =N53 -> 2232718 | E53: =LN(D53/C53) -> -0.29113556 | F53: Murdoch | G53: 16392.771 | H53: =R53 -> 2987256 | I53: =AA53 -> 3598370.9 | J53: =LN(I53/H53) -> 0.18612596 | K53: =J53-(aa-bb*H53) -> 0.89618946 | L53: 1999 | M53: 2987256 | N53: 2232718 | P53: =AS53 -> Brittany | Q53: =AT53 -> 1999 | R53: =AU53 -> 2987256 | S53: =AX53 -> 3083677.3 | T53: =1-R53/S53 -> 0.031268283 | U53: =S53-R53 -> 96421.294 | V53: =S53 -> 3083677.3 | W53: =$S56*$W$2 -> 810576.76 | X53: =$S57*$DD57 -> 1825487.3 | Y53: =$S58*DE58 -> 952212.55 | Z53: =$S59*DF59 -> 10094.194 | AA53: =SUM(W53:Z53) -> 3598370.9 | AB53: =$V56*$W$2 -> 810576.76 | AC53: =$V57*$X$2 -> 1203771.8 | AD53: =$V58*$Y$2 -> 335286.11 | AE53: =$V59*$Z$2 -> 0 | AF53: =SUM(AB53:AE53) -> 2349634.7 | AG53: =B53 -> 1999 | AH53: =W53/$AA53 -> 0.22526215 | AI53: =X53/$AA53 -> 0.5073094 | AJ53: =Y53/$AA53 -> 0.26462324 | AM53: =B53 -> 1999 | AN53: =AH50*AQ50+AI49*AQ49+AJ48*AQ48 -> 2271561.5 | AO53: =CHOOSE(umethod,T53,retroU,MAX(0,cslope*(AN53-nlim)/AN53)) -> 0.5 | AP53: =AN53*(1-AO53) -> 1135780.7 | AQ53: =AP53*EXP(aa-bb*AP53+K53) -> 4277268.6 | AR53: =AN53-AP53 -> 1135780.7 | AS53: Brittany | AT53: 1999 | AU53: 2987256 | AV53: =AX53-AU53 -> 96421.294 | AW53: =AV53/AX53 -> 0.031268283 | AX53: 3083677.3 | AY53: =(AX53-CG53)/CG53 -> 0.0094269836 | BA53: 1999 | BI53: =BR53 -> 0.15 | BR53: 0.15 | CE53: Grant | CF53: 1999 | CG53: 3054879 | CH53: 15202 | CI53: 0 | CJ53: 0 | CK53: 71 | CL53: 0 | CM53: 54640 | CN53: 2984966 | CO53: =SUM(CH53:CN53) -> 3054879 | CQ53: 0.023 | CW53: 1999 | CX53: 2987256 | CY53: 2232718 | CZ53: =(CX53-R53)/R53 -> 0 | DA53: =(CY53-AF53)/AF53 -> -0.049759529 | DI53: 1999 | DJ53: 3086172.2 | DK53: 2774503.6 | DL53: =DJ53-DK53 -> 311668.57 | DM53: =DL53/DJ53 -> 0.10098872 | DO53: =(M53-DK53)/DJ53 -> 0.068937303 | DP53: =(AW53-DM53)/DM53 -> -0.69037846
A54: Haley | B54: =L54 -> 2000 | C54: =M54 -> 699976 | D54: =N54 -> 2988615 | E54: =LN(D54/C54) -> 1.4515193 | F54: Murdoch | G54: 17244.7 | H54: =R54 -> 699976 | I54: =AA54 -> 2282485.9 | J54: =LN(I54/H54) -> 1.1819744 | K54: =J54-(aa-bb*H54) -> 0.48386455 | L54: 2000 | M54: 699976 | N54: 2988615 | P54: =AS54 -> Brittany | Q54: =AT54 -> 2000 | R54: =AU54 -> 699976 | S54: =AX54 -> 821323.89 | T54: =1-R54/S54 -> 0.1477467 | U54: =S54-R54 -> 121347.89 | V54: =S54 -> 821323.89 | W54: =$S57*$DC57 -> 55406.166 | X54: =$S58*DD58 -> 1926777.5 | Y54: =$S59*DE59 -> 300302.26 | Z54: =$S60*DF60 -> 0 | AA54: =SUM(W54:Z54) -> 2282485.9 | AB54: =$V57*$W$2 -> 601885.92 | AC54: =$V58*$X$2 -> 2011716.7 | AD54: =$V59*$Y$2 -> 180433.71 | AE54: =$V60*$Z$2 -> 0 | AF54: =SUM(AB54:AE54) -> 2794036.3 | AG54: =B54 -> 2000 | AH54: =W54/$AA54 -> 0.024274483 | AI54: =X54/$AA54 -> 0.84415745 | AJ54: =Y54/$AA54 -> 0.13156807 | AM54: =B54 -> 2000 | AN54: =AH51*AQ51+AI50*AQ50+AJ49*AQ49 -> 533356.45 | AO54: =CHOOSE(umethod,T54,retroU,MAX(0,cslope*(AN54-nlim)/AN54)) -> 0.5 | AP54: =AN54*(1-AO54) -> 266678.22 | AQ54: =AP54*EXP(aa-bb*AP54+K54) -> 1135443.7 | AR54: =AN54-AP54 -> 266678.22 | AS54: Brittany | AT54: 2000 | AU54: 699976 | AV54: =AX54-AU54 -> 121347.89 | AW54: =AV54/AX54 -> 0.1477467 | AX54: 821323.89 | AY54: =(AX54-CG54)/CG54 -> 0.018010685 | BA54: 2000 | BI54: =BR54 -> 0.31 | BR54: 0.31 | CE54: Grant | CF54: 2000 | CG54: 806793 | CH54: 59602 | CI54: 17 | CJ54: 4 | CK54: 243 | CL54: 0 | CM54: 24188 | CN54: 722739 | CO54: =SUM(CH54:CN54) -> 806793 | CQ54: 0.104 | CW54: 2000 | CX54: 699976 | CY54: 2988615 | CZ54: =(CX54-R54)/R54 -> 0 | DA54: =(CY54-AF54)/AF54 -> 0.06964072 | DI54: 2000 | DJ54: 813977.82 | DK54: 697074.96 | DL54: =DJ54-DK54 -> 116902.85 | DM54: =DL54/DJ54 -> 0.14361921 | DO54: =(M54-DK54)/DJ54 -> 0.0035640265 | DP54: =(AW54-DM54)/DM54 -> 0.02873909
A55: Haley | B55: =L55 -> 2001 | C55: =M55 -> 3151893 | D55: =N55 -> 2160110 | E55: =LN(D55/C55) -> -0.37784408 | F55: Murdoch | G55: 18164.345 | H55: =R55 -> 3151893 | I55: =AA55 -> 1868662.1 | J55: =LN(I55/H55) -> -0.52278052 | K55: =J55-(aa-bb*H55) -> 0.28864243 | L55: 2001 | M55: 3151893 | N55: 2160110 | P55: =AS55 -> Brittany | Q55: =AT55 -> 2001 | R55: =AU55 -> 3151893 | S55: =AX55 -> 3396137.4 | T55: =1-R55/S55 -> 0.071918279 | U55: =S55-R55 -> 244244.36 | V55: =S55 -> 3396137.4 | W55: =$S58*DC58 -> 469400.55 | X55: =$S59*DD59 -> 1332433.6 | Y55: =$S60*DE60 -> 66827.95 | Z55: =$S61*DF61 -> 0 | AA55: =SUM(W55:Z55) -> 1868662.1 | AB55: =$V58*$W$2 -> 1005858.3 | AC55: =$V59*$X$2 -> 1082602.3 | AD55: =$V60*$Y$2 -> 268366.98 | AE55: =$V61*$Z$2 -> 0 | AF55: =SUM(AB55:AE55) -> 2356827.6 | AG55: =B55 -> 2001 | AH55: =W55/$AA55 -> 0.25119606 | AI55: =X55/$AA55 -> 0.71304148 | AJ55: =Y55/$AA55 -> 0.035762459 | AM55: =B55 -> 2001 | AN55: =AH52*AQ52+AI51*AQ51+AJ50*AQ50 -> 3041830 | AO55: =CHOOSE(umethod,T55,retroU,MAX(0,cslope*(AN55-nlim)/AN55)) -> 0.5 | AP55: =AN55*(1-AO55) -> 1520915 | AQ55: =AP55*EXP(aa-bb*AP55+K55) -> 2461202.2 | AR55: =AN55-AP55 -> 1520915 | AS55: Brittany | AT55: 2001 | AU55: 3151893 | AV55: =AX55-AU55 -> 244244.36 | AW55: =AV55/AX55 -> 0.071918279 | AX55: 3396137.4 | AY55: =(AX55-CG55)/CG55 -> -0.0011710311 | BA55: 2001 | BI55: =BR55 -> 0.32 | BR55: 0.32 | CE55: Grant | CF55: 2001 | CG55: 3400119 | CH55: 79639 | CI55: 6221 | CJ55: 541 | CK55: 2163 | CL55: 0 | CM55: 103574 | CN55: 3207981 | CO55: =SUM(CH55:CN55) -> 3400119 | CQ55: 0.057 | CW55: 2001 | CX55: 3151893 | CY55: 2160110 | CZ55: =(CX55-R55)/R55 -> 0 | DA55: =(CY55-AF55)/AF55 -> -0.083467111 | DI55: 2001 | DJ55: 3398886.8 | DK55: 3035230.7 | DL55: =DJ55-DK55 -> 363656.1 | DM55: =DL55/DJ55 -> 0.10699271 | DO55: =(M55-DK55)/DJ55 -> 0.034323671 | DP55: =(AW55-DM55)/DM55 -> -0.32782073
A56: Haley | B56: =L56 -> 2002 | C56: =M56 -> 2302250 | D56: =N56 -> 2425524 | E56: =LN(D56/C56) -> 0.052160678 | F56: Murdoch | G56: 19157.091 | H56: =R56 -> 2302250 | I56: =AA56 -> 2826467.2 | J56: =LN(I56/H56) -> 0.20514068 | K56: =J56-(aa-bb*H56) -> 0.49347741 | L56: 2002 | M56: 2302250 | N56: 2425524 | P56: =AS56 -> Brittany | Q56: =AT56 -> 2002 | R56: =AU56 -> 2302250 | S56: =AX56 -> 2701922.5 | T56: =1-R56/S56 -> 0.14792154 | U56: =S56-R56 -> 399672.53 | V56: =S56 -> 2701922.5 | W56: =$S59*DC59 -> 161507.1 | X56: =$S60*DD60 -> 2500772.2 | Y56: =$S61*DE61 -> 164187.82 | Z56: =$S62*DF62 -> 0 | AA56: =SUM(W56:Z56) -> 2826467.2 | AB56: =$V59*$W$2 -> 541301.14 | AC56: =$V60*$X$2 -> 1610201.9 | AD56: =$V61*$Y$2 -> 138263.43 | AE56: =$V62*$Z$2 -> 0 | AF56: =SUM(AB56:AE56) -> 2289766.4 | AG56: =B56 -> 2002 | AH56: =W56/$AA56 -> 0.057140979 | AI56: =X56/$AA56 -> 0.88476961 | AJ56: =Y56/$AA56 -> 0.058089415 | AM56: =B56 -> 2002 | AN56: =AH53*AQ53+AI52*AQ52+AJ51*AQ51 -> 3568471.7 | AO56: =CHOOSE(umethod,T56,retroU,MAX(0,cslope*(AN56-nlim)/AN56)) -> 0.5 | AP56: =AN56*(1-AO56) -> 1784235.8 | AQ56: =AP56*EXP(aa-bb*AP56+K56) -> 3013338 | AR56: =AN56-AP56 -> 1784235.8 | AS56: Brittany | AT56: 2002 | AU56: 2302250 | AV56: =AX56-AU56 -> 399672.53 | AW56: =AV56/AX56 -> 0.14792154 | AX56: 2701922.5 | AY56: =(AX56-CG56)/CG56 -> -0.011577703 | BA56: 2002 | BI56: =BR56 -> 0.4 | BR56: 0.4 | CE56: Grant | CF56: 2002 | CG56: 2733571 | CH56: 195862 | CI56: 25755 | CJ56: 140 | CK56: 77263 | CL56: 0 | CM56: 76370 | CN56: 2358181 | CO56: =SUM(CH56:CN56) -> 2733571 | CQ56: 0.137 | CW56: 2002 | CX56: 2302250 | CY56: 2425524 | CZ56: =(CX56-R56)/R56 -> 0 | DA56: =(CY56-AF56)/AF56 -> 0.059288822 | DC56: Age 3 | DD56: Age 4 | DE56: Age 5 | DF56: Age 6 | DI56: 2002 | DJ56: 2711068.6 | DK56: 2217562.1 | DL56: =DJ56-DK56 -> 493506.49 | DM56: =DL56/DJ56 -> 0.18203394 | DO56: =(M56-DK56)/DJ56 -> 0.03123784 | DP56: =(AW56-DM56)/DM56 -> -0.18739585
A57: Haley | B57: =L57 -> 2003 | C57: =M57 -> 1494491 | D57: =N57 -> 1619282 | E57: =LN(D57/C57) -> 0.08019716 | F57: Murdoch | G57: 20228.746 | H57: =R57 -> 1494491 | I57: =AA57 -> 1321874.9 | J57: =LN(I57/H57) -> -0.12273454 | K57: =J57-(aa-bb*H57) -> -0.33169796 | L57: 2003 | M57: 1494491 | N57: 1619282 | P57: =AS57 -> Brittany | Q57: =AT57 -> 2003 | R57: =AU57 -> 1494491 | S57: =AX57 -> 2006286.4 | T57: =1-R57/S57 -> 0.25509589 | U57: =S57-R57 -> 511795.42 | V57: =S57 -> 2006286.4 | W57: =$S60*DC60 -> 116069.6 | X57: =$S61*DD61 -> 1114748.9 | Y57: =$S62*DE62 -> 91056.436 | Z57: =$S63*DF63 -> 0 | AA57: =SUM(W57:Z57) -> 1321874.9 | AB57: =$V60*$W$2 -> 805100.94 | AC57: =$V61*$X$2 -> 829580.58 | AD57: =$V62*$Y$2 -> 123194 | AE57: =$V63*$Z$2 -> 0 | AF57: =SUM(AB57:AE57) -> 1757875.5 | AG57: =B57 -> 2003 | AH57: =W57/$AA57 -> 0.087806792 | AI57: =X57/$AA57 -> 0.8433089 | AJ57: =Y57/$AA57 -> 0.068884304 | AM57: =B57 -> 2003 | AN57: =AH54*AQ54+AI53*AQ53+AJ52*AQ52 -> 2381278.6 | AO57: =CHOOSE(umethod,T57,retroU,MAX(0,cslope*(AN57-nlim)/AN57)) -> 0.5 | AP57: =AN57*(1-AO57) -> 1190639.3 | AQ57: =AP57*EXP(aa-bb*AP57+K57) -> 1269754.3 | AR57: =AN57-AP57 -> 1190639.3 | AS57: Brittany | AT57: 2003 | AU57: 1494491 | AV57: =AX57-AU57 -> 511795.42 | AW57: =AV57/AX57 -> 0.25509589 | AX57: 2006286.4 | AY57: =(AX57-CG57)/CG57 -> -0.058957592 | BA57: 2003 | BI57: =BR57 -> 0.45 | BR57: 0.45 | CE57: Grant | CF57: 2003 | CG57: 2131983 | CH57: 429450 | CI57: 5941 | CJ57: 60 | CK57: 59987 | CL57: 0 | CM57: 113264 | CN57: 1523281 | CO57: =SUM(CH57:CN57) -> 2131983 | CQ57: 0.286 | CW57: 2003 | CX57: 1494491 | CY57: 1619282 | CZ57: =(CX57-R57)/R57 -> 0 | DA57: =(CY57-AF57)/AF57 -> -0.078841488 | DB57: 2003 | DC57: 0.027616279 | DD57: 0.90988372 | DE57: 0.061046512 | DF57: 0.0014534884 | DI57: 2003 | DJ57: 2010283 | DK57: 1451821.7 | DL57: =DJ57-DK57 -> 558461.3 | DM57: =DL57/DJ57 -> 0.27780232 | DO57: =(M57-DK57)/DJ57 -> 0.021225502 | DP57: =(AW57-DM57)/DM57 -> -0.081735942
A58: Haley | B58: =L58 -> 2004 | C58: =M58 -> 2716634 | D58: =N58 -> 1231521 | E58: =LN(D58/C58) -> -0.79114362 | F58: Murdoch | G58: 21385.585 | H58: =R58 -> 2716634 | I58: =AA58 -> 1274857.4 | J58: =LN(I58/H58) -> -0.75655926 | K58: =J58-(aa-bb*H58) -> -0.21310531 | L58: 2004 | M58: 2716634 | N58: 1231521 | P58: =AS58 -> Brittany | Q58: =AT58 -> 2004 | R58: =AU58 -> 2716634 | S58: =AX58 -> 3352861.1 | T58: =1-R58/S58 -> 0.18975647 | U58: =S58-R58 -> 636227.1 | V58: =S58 -> 3352861.1 | W58: =$S61*DC61 -> 103697.57 | X58: =$S62*DD62 -> 1003406.2 | Y58: =$S63*DE63 -> 165625.87 | Z58: =$S64*DF64 -> 2127.7708 | AA58: =SUM(W58:Z58) -> 1274857.4 | AB58: =$V61*$W$2 -> 414790.29 | AC58: =$V62*$X$2 -> 739164.01 | AD58: =$V63*$Y$2 -> 81692.16 | AE58: =$V64*$Z$2 -> 0 | AF58: =SUM(AB58:AE58) -> 1235646.5 | AG58: =B58 -> 2004 | AH58: =W58/$AA58 -> 0.081340525 | AI58: =X58/$AA58 -> 0.78707328 | AJ58: =Y58/$AA58 -> 0.12991717 | AM58: =B58 -> 2004 | AN58: =AH55*AQ55+AI54*AQ54+AJ53*AQ53 -> 2708602.2 | AO58: =CHOOSE(umethod,T58,retroU,MAX(0,cslope*(AN58-nlim)/AN58)) -> 0.5 | AP58: =AN58*(1-AO58) -> 1354301.1 | AQ58: =AP58*EXP(aa-bb*AP58+K58) -> 1470278.9 | AR58: =AN58-AP58 -> 1354301.1 | AS58: Brittany | AT58: 2004 | AU58: 2716634 | AV58: =AX58-AU58 -> 636227.1 | AW58: =AV58/AX58 -> 0.18975647 | AX58: 3352861.1 | AY58: =(AX58-CG58)/CG58 -> -0.0033266123 | BA58: 2004 | BI58: =BR58 -> 0.44 | BR58: 0.44 | CE58: Grant | CF58: 2004 | CG58: 3364052 | CH58: 351817 | CI58: 14175 | CJ58: 124 | CK58: 123455 | CL58: 0 | CM58: 106393 | CN58: 2768088 | CO58: =SUM(CH58:CN58) -> 3364052 | CQ58: 0.177 | CW58: 2004 | CX58: 2716634 | CY58: 1231521 | CZ58: =(CX58-R58)/R58 -> 0 | DA58: =(CY58-AF58)/AF58 -> -0.0033387064 | DB58: 2004 | DC58: 0.14 | DD58: 0.57466667 | DE58: 0.284 | DF58: 0.0013333333 | DI58: 2004 | DJ58: 3361406.1 | DK58: 2608159.3 | DL58: =DJ58-DK58 -> 753246.75 | DM58: =DL58/DJ58 -> 0.22408681 | DO58: =(M58-DK58)/DJ58 -> 0.032270627 | DP58: =(AW58-DM58)/DM58 -> -0.15320104
A59: Haley | B59: =L59 -> 2005 | C59: =M59 -> 1331383 | D59: =N59 -> 884912 | E59: =LN(D59/C59) -> -0.40848533 | F59: Murdoch | G59: 22634.377 | H59: =R59 -> 1331383 | I59: =AA59 -> 826792.96 | J59: =LN(I59/H59) -> -0.47641922 | K59: =J59-(aa-bb*H59) -> -0.78580076 | L59: 2005 | M59: 1331383 | N59: 884912 | P59: =AS59 -> Brittany | Q59: =AT59 -> 2005 | R59: =AU59 -> 1331383 | S59: =AX59 -> 1804337.1 | T59: =1-R59/S59 -> 0.26212071 | U59: =S59-R59 -> 472954.13 | V59: =S59 -> 1804337.1 | W59: =$S62*DC62 -> 137477.36 | X59: =$S63*DD63 -> 620163.04 | Y59: =$S64*DE64 -> 69152.55 | Z59: =$S65*DF65 -> 0 | AA59: =SUM(W59:Z59) -> 826792.96 | AB59: =$V62*$W$2 -> 369582 | AC59: =$V63*$X$2 -> 490152.96 | AD59: =$V64*$Y$2 -> 66173.67 | AE59: =$V65*$Z$2 -> 0 | AF59: =SUM(AB59:AE59) -> 925908.63 | AG59: =B59 -> 2005 | AH59: =W59/$AA59 -> 0.16627786 | AI59: =X59/$AA59 -> 0.75008264 | AJ59: =Y59/$AA59 -> 0.0836395 | AM59: =B59 -> 2005 | AN59: =AH56*AQ56+AI55*AQ55+AJ54*AQ54 -> 2076512.5 | AO59: =CHOOSE(umethod,T59,retroU,MAX(0,cslope*(AN59-nlim)/AN59)) -> 0.5 | AP59: =AN59*(1-AO59) -> 1038256.2 | AQ59: =AP59*EXP(aa-bb*AP59+K59) -> 772277.06 | AR59: =AN59-AP59 -> 1038256.2 | AS59: Brittany | AT59: 2005 | AU59: 1331383 | AV59: =AX59-AU59 -> 472954.13 | AW59: =AV59/AX59 -> 0.26212071 | AX59: 1804337.1 | AY59: =(AX59-CG59)/CG59 -> 0.039479673 | BA59: 2005 | BI59: =BR59 -> 0.46 | BR59: 0.46 | CE59: Grant | CF59: 2005 | CG59: 1735808 | CH59: 176446 | CI59: 3361 | CJ59: 234 | CK59: 50487 | CL59: 0 | CM59: 77503 | CN59: 1427778 | CO59: =SUM(CH59:CN59) -> 1735809 | CQ59: 0.177 | CW59: 2005 | CX59: 1331383 | CY59: 884912 | CZ59: =(CX59-R59)/R59 -> 0 | DA59: =(CY59-AF59)/AF59 -> -0.044277191 | DB59: 2005 | DC59: 0.08951049 | DD59: 0.73846154 | DE59: 0.16643357 | DF59: 0.0055944056 | DI59: 2005 | DJ59: 1803477.7 | DK59: 1309971.2 | DL59: =DJ59-DK59 -> 493506.49 | DM59: =DL59/DJ59 -> 0.27364159 | DO59: =(M59-DK59)/DJ59 -> 0.011872515 | DP59: =(AW59-DM59)/DM59 -> -0.042102065
A60: Haley | B60: =L60 -> 2006 | C60: =M60 -> 1970621 | D60: =N60 -> 744365 | E60: =LN(D60/C60) -> -0.97357249 | F60: Murdoch | G60: 23982.432 | H60: =R60 -> 1970621 | I60: =AA60 -> 653276.45 | J60: =LN(I60/H60) -> -1.1041036 | K60: =J60-(aa-bb*H60) -> -1.0199356 | L60: 2006 | M60: 1970621 | N60: 744365 | P60: =AS60 -> Brittany | Q60: =AT60 -> 2006 | R60: =AU60 -> 1970621 | S60: =AX60 -> 2683669.8 | T60: =1-R60/S60 -> 0.26569915 | U60: =S60-R60 -> 713048.79 | V60: =S60 -> 2683669.8 | W60: =$S63*DC63 -> 31132.683 | X60: =$S64*DD64 -> 555348.17 | Y60: =$S65*DE65 -> 66795.602 | Z60: =$S66*DF66 -> 0 | AA60: =SUM(W60:Z60) -> 653276.45 | AB60: =$V63*$W$2 -> 245076.48 | AC60: =$V64*$X$2 -> 397042.02 | AD60: =$V65*$Y$2 -> 142092.46 | AE60: =$V66*$Z$2 -> 0 | AF60: =SUM(AB60:AE60) -> 784210.96 | AG60: =B60 -> 2006 | AH60: =W60/$AA60 -> 0.047656215 | AI60: =X60/$AA60 -> 0.85009672 | AJ60: =Y60/$AA60 -> 0.10224707 | AM60: =B60 -> 2006 | AN60: =AH57*AQ57+AI56*AQ56+AJ55*AQ55 -> 2865621.6 | AO60: =CHOOSE(umethod,T60,retroU,MAX(0,cslope*(AN60-nlim)/AN60)) -> 0.5 | AP60: =AN60*(1-AO60) -> 1432810.8 | AQ60: =AP60*EXP(aa-bb*AP60+K60) -> 661423.84 | AR60: =AN60-AP60 -> 1432810.8 | AS60: Brittany | AT60: 2006 | AU60: 1970621 | AV60: =AX60-AU60 -> 713048.79 | AW60: =AV60/AX60 -> 0.26569915 | AX60: 2683669.8 | AY60: =(AX60-CG60)/CG60 -> -0.050342367 | BA60: 2006 | BI60: =BR60 -> 0.44 | BR60: 0.44 | CE60: Grant | CF60: 2006 | CG60: 2825934 | CH60: 455783 | CI60: 9497 | CJ60: 122 | CK60: 75541 | CL60: 0 | CM60: 197432 | CN60: 2087558 | CO60: =SUM(CH60:CN60) -> 2825933 | CQ60: 0.261 | CW60: 2006 | CX60: 1970621 | CY60: 744365 | CZ60: =(CX60-R60)/R60 -> 0 | DA60: =(CY60-AF60)/AF60 -> -0.050810262 | DB60: 2006 | DC60: 0.043250328 | DD60: 0.93184797 | DE60: 0.024901704 | DF60: 0 | DI60: 2006 | DJ60: 2687088 | DK60: 1868906.2 | DL60: =DJ60-DK60 -> 818181.82 | DM60: =DL60/DJ60 -> 0.30448643 | DO60: =(M60-DK60)/DJ60 -> 0.037853182 | DP60: =(AW60-DM60)/DM60 -> -0.12738588
A61: Haley | B61: =L61 -> 2007 | C61: =M61 -> 1057248 | D61: =N61 -> 1296356 | E61: =LN(D61/C61) -> 0.20388795 | F61: Murdoch | G61: 25437.64 | H61: =R61 -> 1057248 | I61: =AA61 -> 1919087.4 | J61: =LN(I61/H61) -> 0.59618045 | K61: =J61-(aa-bb*H61) -> 0.11802657 | L61: 2007 | M61: 1057248 | N61: 1296356 | P61: =AS61 -> Brittany | Q61: =AT61 -> 2007 | R61: =AU61 -> 1057248 | S61: =AX61 -> 1382634.3 | T61: =1-R61/S61 -> 0.23533794 | U61: =S61-R61 -> 325386.3 | V61: =S61 -> 1382634.3 | W61: =$S64*DC64 -> 35108.217 | X61: =$S65*DD65 -> 1326803.5 | Y61: =$S66*DE66 -> 544300.78 | Z61: =$S67*DF67 -> 12874.838 | AA61: =SUM(W61:Z61) -> 1919087.4 | AB61: =$V64*$W$2 -> 198521.01 | AC61: =$V65*$X$2 -> 852554.77 | AD61: =$V66*$Y$2 -> 170201.99 | AE61: =$V67*$Z$2 -> 0 | AF61: =SUM(AB61:AE61) -> 1221277.8 | AG61: =B61 -> 2007 | AH61: =W61/$AA61 -> 0.018294226 | AI61: =X61/$AA61 -> 0.69137214 | AJ61: =Y61/$AA61 -> 0.2836248 | AM61: =B61 -> 2007 | AN61: =AH58*AQ58+AI57*AQ57+AJ56*AQ56 -> 1365431.4 | AO61: =CHOOSE(umethod,T61,retroU,MAX(0,cslope*(AN61-nlim)/AN61)) -> 0.5 | AP61: =AN61*(1-AO61) -> 682715.69 | AQ61: =AP61*EXP(aa-bb*AP61+K61) -> 1560624.5 | AR61: =AN61-AP61 -> 682715.69 | AS61: Brittany | AT61: 2007 | AU61: 1057248 | AV61: =AX61-AU61 -> 325386.3 | AW61: =AV61/AX61 -> 0.23533794 | AX61: 1382634.3 | BA61: 2007 | BI61: =BR61 -> 0.44 | BR61: 0.44 | CW61: 2007 | CX61: 1057248 | CY61: 1296356 | CZ61: =(CX61-R61)/R61 -> 0 | DA61: =(CY61-AF61)/AF61 -> 0.061475142 | DB61: 2007 | DC61: 0.075 | DD61: 0.80625 | DE61: 0.11875 | DF61: 0 | DI61: 2007 | DJ61: 1388880.1 | DK61: 1012256.7 | DL61: =DJ61-DK61 -> 376623.38 | DM61: =DL61/DJ61 -> 0.27117054 | DO61: =(M61-DK61)/DJ61 -> 0.032393912 | DP61: =(AW61-DM61)/DM61 -> -0.13214048
A62: Haley | B62: =L62 -> 2008 | C62: =M62 -> 982016 | D62: =N62 -> 1641562 | E62: =LN(D62/C62) -> 0.51379591 | F62: Murdoch | G62: 27008.517 | H62: =R62 -> 982016 | I62: =AA62 -> 1341575.5 | J62: =LN(I62/H62) -> 0.31199235 | K62: =J62-(aa-bb*H62) -> -0.21247842 | L62: 2008 | M62: 982016 | N62: 1641562 | P62: =AS62 -> Brittany | Q62: =AT62 -> 2008 | R62: =AU62 -> 982016 | S62: =AX62 -> 1231940 | T62: =1-R62/S62 -> 0.20287028 | U62: =S62-R62 -> 249924.02 | V62: =S62 -> 1231940 | W62: =$S65*DC65 -> 27325.473 | X62: =$S66*DD66 -> 976285.53 | Y62: =$S67*DE67 -> 337964.49 | Z62: =$S68*DF68 -> 0 | AA62: =SUM(W62:Z62) -> 1341575.5 | AB62: =$V65*$W$2 -> 426277.39 | AC62: =$V66*$X$2 -> 1021211.9 | AD62: =$V67*$Y$2 -> 160130.8 | AE62: =$V68*$Z$2 -> 0 | AF62: =SUM(AB62:AE62) -> 1607620.1 | AG62: =B62 -> 2008 | AH62: =W62/$AA62 -> 0.020368197 | AI62: =X62/$AA62 -> 0.72771568 | AJ62: =Y62/$AA62 -> 0.25191612 | AM62: =B62 -> 2008 | AN62: =AH59*AQ59+AI58*AQ58+AJ57*AQ57 -> 1373096 | AO62: =CHOOSE(umethod,T62,retroU,MAX(0,cslope*(AN62-nlim)/AN62)) -> 0.5 | AP62: =AN62*(1-AO62) -> 686547.99 | AQ62: =AP62*EXP(aa-bb*AP62+K62) -> 1125040.8 | AR62: =AN62-AP62 -> 686547.99 | AS62: Brittany | AT62: 2008 | AU62: 982016 | AV62: =AX62-AU62 -> 249924.02 | AW62: =AV62/AX62 -> 0.20287028 | AX62: 1231940 | BA62: 2008 | BI62: =BR62 -> 0.43 | BR62: 0.43 | CW62: 2008 | CX62: 982016 | CY62: 1641562 | CZ62: =(CX62-R62)/R62 -> 0 | DA62: =(CY62-AF62)/AF62 -> 0.021113117 | DB62: 2008 | DC62: 0.1115942 | DD62: 0.81449275 | DE62: 0.073913043 | DF62: 0 | DI62: 2008 | DJ62: 1220522.6 | DK62: 934828.09 | DL62: =DJ62-DK62 -> 285694.55 | DM62: =DL62/DJ62 -> 0.23407558 | DO62: =(M62-DK62)/DJ62 -> 0.038662052 | DP62: =(AW62-DM62)/DM62 -> -0.13331294
A63: Haley | B63: =L63 -> 2009 | C63: =M63 -> 474550 | D63: =N63 -> 1613902 | E63: =LN(D63/C63) -> 1.2240431 | F63: Murdoch | G63: 28704.26 | H63: =R63 -> 474550 | I63: =AA63 -> 1605367.1 | J63: =LN(I63/H63) -> 1.2187407 | K63: =J63-(aa-bb*H63) -> 0.38184643 | L63: 2009 | M63: 474550 | N63: 1613902 | P63: =AS63 -> Brittany | Q63: =AT63 -> 2009 | R63: =AU63 -> 474550 | S63: =AX63 -> 816921.6 | T63: =1-R63/S63 -> 0.4190997 | U63: =S63-R63 -> 342371.6 | V63: =S63 -> 816921.6 | W63: =$S66*DC66 -> 181433.59 | X63: =$S67*DD67 -> 1200578.6 | Y63: =$S68*DE68 -> 220586.48 | Z63: =$S69*DF69 -> 2768.3728 | AA63: =SUM(W63:Z63) -> 1605367.1 | AB63: =$V66*$W$2 -> 510605.97 | AC63: =$V67*$X$2 -> 960784.77 | AD63: =$V68*$Y$2 -> 150786.61 | AE63: =$V69*$Z$2 -> 0 | AF63: =SUM(AB63:AE63) -> 1622177.4 | AG63: =B63 -> 2009 | AH63: =W63/$AA63 -> 0.11301689 | AI63: =X63/$AA63 -> 0.74785303 | AJ63: =Y63/$AA63 -> 0.13740563 | AM63: =B63 -> 2009 | AN63: =AH60*AQ60+AI59*AQ59+AJ58*AQ58 -> 801807.05 | AO63: =CHOOSE(umethod,T63,retroU,MAX(0,cslope*(AN63-nlim)/AN63)) -> 0.5 | AP63: =AN63*(1-AO63) -> 400903.53 | AQ63: =AP63*EXP(aa-bb*AP63+K63) -> 1419134.3 | AR63: =AN63-AP63 -> 400903.53 | AS63: Brittany | AT63: 2009 | AU63: 474550 | AV63: =AX63-AU63 -> 342371.6 | AW63: =AV63/AX63 -> 0.4190997 | AX63: 816921.6 | BA63: 2009 | BI63: =BR63 -> 0.42 | BR63: 0.42 | CW63: 2009 | CX63: 474550 | CY63: 1613902 | CZ63: =(CX63-R63)/R63 -> 0 | DA63: =(CY63-AF63)/AF63 -> -0.0051013916 | DB63: 2009 | DC63: 0.038109756 | DD63: 0.75914634 | DE63: 0.2027439 | DF63: 0 | DI63: 2009 | DJ63: 792484.11 | DK63: 454821.77 | DL63: =DJ63-DK63 -> 337662.34 | DM63: =DL63/DJ63 -> 0.42608089 | DO63: =(M63-DK63)/DJ63 -> 0.02489416 | DP63: =(AW63-DM63)/DM63 -> -0.016384661
A64: Haley | B64: =L64 -> 2010 | C64: =M64 -> 608718 | D64: =N64 -> 1521759 | E64: =LN(D64/C64) -> 0.91626708 | F64: Murdoch | G64: 30534.791 | H64: =R64 -> 608718 | I64: =AA64 -> 1596985.4 | J64: =LN(I64/H64) -> 0.96451789 | K64: =J64-(aa-bb*H64) -> 0.21022468 | L64: 2010 | M64: 608718 | N64: 1521759 | P64: =AS64 -> Brittany | Q64: =AT64 -> 2010 | R64: =AU64 -> 608718 | S64: =AX64 -> 661736.7 | T64: =1-R64/S64 -> 0.080120544 | U64: =S64-R64 -> 53018.705 | V64: =S64 -> 661736.7 | W64: =$S67*DC67 -> 49889.997 | X64: =$S68*DD68 -> 1222679.3 | Y64: =$S69*DE69 -> 318362.87 | Z64: =$S70*DF70 -> 6053.1809 | AA64: =SUM(W64:Z64) -> 1596985.4 | AB64: =$V67*$W$2 -> 480392.39 | AC64: =$V68*$X$2 -> 904719.69 | AD64: =$V69*$Y$2 -> 145270.36 | AE64: =$V70*$Z$2 -> 0 | AF64: =SUM(AB64:AE64) -> 1530382.4 | AG64: =B64 -> 2010 | AH64: =W64/$AA64 -> 0.031240108 | AI64: =X64/$AA64 -> 0.76561711 | AJ64: =Y64/$AA64 -> 0.1993524 | AM64: =B64 -> 2010 | AN64: =AH61*AQ61+AI60*AQ60+AJ59*AQ59 -> 655417.52 | AO64: =CHOOSE(umethod,T64,retroU,MAX(0,cslope*(AN64-nlim)/AN64)) -> 0.5 | AP64: =AN64*(1-AO64) -> 327708.76 | AQ64: =AP64*EXP(aa-bb*AP64+K64) -> 1022133.8 | AR64: =AN64-AP64 -> 327708.76 | AS64: Brittany | AT64: 2010 | AU64: 608718 | AV64: =AX64-AU64 -> 53018.705 | AW64: =AV64/AX64 -> 0.080120544 | AX64: 661736.7 | BA64: 2010 | BI64: =BR64 -> 0.38 | BR64: 0.38 | CW64: 2010 | CX64: 608718 | CY64: 1521759 | CZ64: =(CX64-R64)/R64 -> 0 | DA64: =(CY64-AF64)/AF64 -> -0.0056348254 | DB64: 2010 | DC64: 0.053054662 | DD64: 0.8392283 | DE64: 0.10450161 | DF64: 0.0032154341 | DI64: 2010 | DJ64: 663107.41 | DK64: 585185.33 | DL64: =DJ64-DK64 -> 77922.078 | DM64: =DL64/DJ64 -> 0.11751049 | DO64: =(M64-DK64)/DJ64 -> 0.035488472 | DP64: =(AW64-DM64)/DM64 -> -0.31818391
A65: Haley | B65: =L65 -> 2011 | C65: =M65 -> 1079068 | D65: =N65 -> 1567636 | E65: =LN(D65/C65) -> 0.37347105 | F65: Murdoch | G65: 32510.826 | H65: =R65 -> 1079068 | I65: =AA65 -> 1137157.7 | J65: =LN(I65/H65) -> 0.052434169 | K65: =J65-(aa-bb*H65) -> -0.41228613 | L65: 2011 | M65: 1079068 | N65: 1567636 | P65: =AS65 -> Brittany | Q65: =AT65 -> 2011 | R65: =AU65 -> 1079068 | S65: =AX65 -> 1420924.6 | T65: =1-R65/S65 -> 0.24058744 | U65: =S65-R65 -> 341856.62 | V65: =S65 -> 1420924.6 | W65: =$S68*DC68 -> 64600.326 | X65: =$S69*DD69 -> 879650.46 | Y65: =$S70*DE70 -> 190675.2 | Z65: =$S71*DF71 -> 2231.6793 | AA65: =SUM(W65:Z65) -> 1137157.7 | AB65: =$V68*$W$2 -> 452359.84 | AC65: =$V69*$X$2 -> 871622.18 | AD65: =$V70*$Y$2 -> 294487.25 | AE65: =$V71*$Z$2 -> 0 | AF65: =SUM(AB65:AE65) -> 1618469.3 | AG65: =B65 -> 2011 | AH65: =W65/$AA65 -> 0.056808592 | AI65: =X65/$AA65 -> 0.77355189 | AJ65: =Y65/$AA65 -> 0.16767701 | AM65: =B65 -> 2011 | AN65: =AH62*AQ62+AI61*AQ61+AJ60*AQ60 -> 1169516 | AO65: =CHOOSE(umethod,T65,retroU,MAX(0,cslope*(AN65-nlim)/AN65)) -> 0.5 | AP65: =AN65*(1-AO65) -> 584757.99 | AQ65: =AP65*EXP(aa-bb*AP65+K65) -> 835438.07 | AR65: =AN65-AP65 -> 584757.99 | AS65: Brittany | AT65: 2011 | AU65: 1079068 | AV65: =AX65-AU65 -> 341856.62 | AW65: =AV65/AX65 -> 0.24058744 | AX65: 1420924.6 | BA65: 2011 | BI65: =BR65 -> 0.46 | BR65: 0.46 | CW65: 2011 | CX65: 1079068 | CY65: 1567636 | CZ65: =(CX65-R65)/R65 -> 0 | DA65: =(CY65-AF65)/AF65 -> -0.031408243 | DB65: 2011 | DC65: 0.019230769 | DD65: 0.93376068 | DE65: 0.047008547 | DF65: 0 | DI65: 2011 | DJ65: 1416827.9 | DK65: 1027237.2 | DL65: =DJ65-DK65 -> 389590.65 | DM65: =DL65/DJ65 -> 0.27497388 | DO65: =(M65-DK65)/DJ65 -> 0.036582284 | DP65: =(AW65-DM65)/DM65 -> -0.12505347
A66: Haley | B66: =L66 -> 2012 | C66: =M66 -> 1381072 | D66: =N66 -> 2530282 | E66: =LN(D66/C66) -> 0.60547075 | F66: Murdoch | G66: 34643.93 | H66: =R66 -> 1381072 | I66: =AA66 -> 3027578.8 | J66: =LN(I66/H66) -> 0.78490321 | K66: =J66-(aa-bb*H66) -> 0.50611292 | L66: 2012 | M66: 1381072 | N66: 2530282 | P66: =AS66 -> Brittany | Q66: =AT66 -> 2012 | R66: =AU66 -> 1381072 | S66: =AX66 -> 1702019.9 | T66: =1-R66/S66 -> 0.18856883 | U66: =S66-R66 -> 320947.91 | V66: =S66 -> 1702019.9 | W66: =$S69*DC69 -> 251921.93 | X66: =$S70*DD70 -> 2596814.6 | Y66: =$S71*DE71 -> 177418.5 | Z66: =$S72*DF72 -> 1423.7453 | AA66: =SUM(W66:Z66) -> 3027578.8 | AB66: =$V69*$W$2 -> 435811.09 | AC66: =$V70*$X$2 -> 1766923.5 | AD66: =$V71*$Y$2 -> 107232.19 | AE66: =$V72*$Z$2 -> 0 | AF66: =SUM(AB66:AE66) -> 2309966.8 | AG66: =B66 -> 2012 | AH66: =W66/$AA66 -> 0.083209041 | AI66: =X66/$AA66 -> 0.85771991 | AJ66: =Y66/$AA66 -> 0.058600788 | AM66: =B66 -> 2012 | AN66: =AH63*AQ63+AI62*AQ62+AJ61*AQ61 -> 1421727.8 | AO66: =CHOOSE(umethod,T66,retroU,MAX(0,cslope*(AN66-nlim)/AN66)) -> 0.5 | AP66: =AN66*(1-AO66) -> 710863.89 | AQ66: =AP66*EXP(aa-bb*AP66+K66) -> 2354304.4 | AR66: =AN66-AP66 -> 710863.89 | AS66: Brittany | AT66: 2012 | AU66: 1381072 | AV66: =AX66-AU66 -> 320947.91 | AW66: =AV66/AX66 -> 0.18856883 | AX66: 1702019.9 | BA66: 2012 | BI66: =BR66 -> 0.38 | BR66: 0.38 | CW66: 2012 | CX66: 1381072 | CY66: 2530282 | CZ66: =(CX66-R66)/R66 -> 0 | DA66: =(CY66-AF66)/AF66 -> 0.09537592 | DB66: 2012 | DC66: 0.10659898 | DD66: 0.57360406 | DE66: 0.31979695 | DF66: 0 | DI66: 2012 | DJ66: 1703055.3 | DK66: 1339438.7 | DL66: =DJ66-DK66 -> 363616.63 | DM66: =DL66/DJ66 -> 0.21350841 | DO66: =(M66-DK66)/DJ66 -> 0.024446254 | DP66: =(AW66-DM66)/DM66 -> -0.11680839
A67: Haley | B67: =L67 -> 2013 | C67: =M67 -> 1167839 | D67: =N67 -> 1408307 | E67: =LN(D67/C67) -> 0.18723324 | F67: Murdoch | G67: 36946.589 | H67: =R67 -> 1167839 | I67: =AA67 -> 805154.93 | J67: =LN(I67/H67) -> -0.37187559 | K67: =J67-(aa-bb*H67) -> -0.78194366 | L67: 2013 | M67: 1167839 | N67: 1408307 | P67: =AS67 -> Brittany | Q67: =AT67 -> 2013 | R67: =AU67 -> 1167839 | S67: =AX67 -> 1601308 | T67: =1-R67/S67 -> 0.27069681 | U67: =S67-R67 -> 433468.96 | V67: =S67 -> 1601308 | W67: =$S70*DC70 -> 151329.52 | X67: =$S71*DD71 -> 636028.59 | Y67: =$S72*DE72 -> 17796.817 | Z67: =$S73*DF73 -> 0 | AA67: =SUM(W67:Z67) -> 805154.93 | AB67: =$V70*$W$2 -> 883461.76 | AC67: =$V71*$X$2 -> 643393.13 | AD67: =$V72*$Y$2 -> 78946.679 | AE67: =$V73*$Z$2 -> 0 | AF67: =SUM(AB67:AE67) -> 1605801.6 | AG67: =B67 -> 2013 | AH67: =W67/$AA67 -> 0.18795081 | AI67: =X67/$AA67 -> 0.7899456 | AJ67: =Y67/$AA67 -> 0.022103593 | AM67: =B67 -> 2013 | AN67: =AH64*AQ64+AI63*AQ63+AJ62*AQ62 -> 1376651.3 | AO67: =CHOOSE(umethod,T67,retroU,MAX(0,cslope*(AN67-nlim)/AN67)) -> 0.5 | AP67: =AN67*(1-AO67) -> 688325.67 | AQ67: =AP67*EXP(aa-bb*AP67+K67) -> 637529.69 | AR67: =AN67-AP67 -> 688325.67 | AS67: Brittany | AT67: 2013 | AU67: 1167839 | AV67: =AX67-AU67 -> 433468.96 | AW67: =AV67/AX67 -> 0.27069681 | AX67: 1601308 | BA67: 2013 | BI67: =BR67 -> 0.5 | BR67: 0.5 | CW67: 2013 | CX67: 1167839 | CY67: 1408307 | CZ67: =(CX67-R67)/R67 -> 0 | DA67: =(CY67-AF67)/AF67 -> -0.12298815 | DB67: 2013 | DC67: 0.031155779 | DD67: 0.74974874 | DE67: 0.21105528 | DF67: 0.008040201 | DI67: 2013 | DJ67: 1586685.4 | DK67: 1132139.9 | DL67: =DJ67-DK67 -> 454545.45 | DM67: =DL67/DJ67 -> 0.28647485 | DO67: =(M67-DK67)/DJ67 -> 0.02249917 | DP67: =(AW67-DM67)/DM67 -> -0.055076538
A68: Haley | B68: =L68 -> 2014 | C68: =M68 -> 1165580 | D68: =N68 -> 810777 | E68: =LN(D68/C68) -> -0.36298105 | F68: Murdoch | G68: 39432.278 | H68: =R68 -> 1165580 | I68: =AA68 -> 920933.05 | J68: =LN(I68/H68) -> -0.23558676 | K68: =J68-(aa-bb*H68) -> -0.64704559 | L68: 2014 | M68: 1165580 | N68: 810777 | P68: =AS68 -> Brittany | Q68: =AT68 -> 2014 | R68: =AU68 -> 1165580 | S68: =AX68 -> 1507866.1 | T68: =1-R68/S68 -> 0.22700035 | U68: =S68-R68 -> 342286.14 | V68: =S68 -> 1507866.1 | W68: =$S71*DC71 -> 256643.12 | X68: =$S72*DD72 -> 639261.66 | Y68: =$S73*DE73 -> 25028.275 | Z68: =$S74*DF74 -> 0 | AA68: =SUM(W68:Z68) -> 920933.05 | AB68: =$V71*$W$2 -> 321696.57 | AC68: =$V72*$X$2 -> 473680.08 | AD68: =$V73*$Y$2 -> 32614.164 | AE68: =$V74*$Z$2 -> 0 | AF68: =SUM(AB68:AE68) -> 827990.81 | AG68: =B68 -> 2014 | AH68: =W68/$AA68 -> 0.27867728 | AI68: =X68/$AA68 -> 0.69414564 | AJ68: =Y68/$AA68 -> 0.027177084 | AM68: =B68 -> 2014 | AN68: =AH65*AQ65+AI64*AQ64+AJ63*AQ63 -> 1025020.2 | AO68: =CHOOSE(umethod,T68,retroU,MAX(0,cslope*(AN68-nlim)/AN68)) -> 0.5 | AP68: =AN68*(1-AO68) -> 512510.11 | AQ68: =AP68*EXP(aa-bb*AP68+K68) -> 605345.19 | AR68: =AN68-AP68 -> 512510.11 | AS68: Brittany | AT68: 2014 | AU68: 1165580 | AV68: =AX68-AU68 -> 342286.14 | AW68: =AV68/AX68 -> 0.22700035 | AX68: 1507866.1 | BA68: 2014 | BI68: =BR68 -> 0.45 | BR68: 0.45 | CW68: 2014 | CX68: 1165580 | CY68: 810777 | CZ68: =(CX68-R68)/R68 -> 0 | DA68: =(CY68-AF68)/AF68 -> -0.020789853 | DB68: 2014 | DC68: 0.042842215 | DD68: 0.81086729 | DE68: 0.14629049 | DF68: 0 | DI68: 2014 | DJ68: 1509256.7 | DK68: 1132633.3 | DL68: =DJ68-DK68 -> 376623.38 | DM68: =DL68/DJ68 -> 0.24954229 | DO68: =(M68-DK68)/DJ68 -> 0.021829736 | DP68: =(AW68-DM68)/DM68 -> -0.090333148
A69: Haley | B69: =L69 -> 2015 | C69: =M69 -> 950865 | D69: =N69 -> 438554 | E69: =LN(D69/C69) -> -0.77388915 | F69: Murdoch | G69: 39987.216 | H69: =R69 -> 950865 | I69: =AA69 -> 390127.06 | J69: =LN(I69/H69) -> -0.89089961 | K69: =J69-(aa-bb*H69) -> -1.4345486 | L69: 2015 | M69: 950865 | N69: 438554 | P69: =AS69 -> Brittany | Q69: =AT69 -> 2015 | R69: =AU69 -> 950865 | S69: =AX69 -> 1452703.6 | T69: =1-R69/S69 -> 0.34545149 | U69: =S69-R69 -> 501838.64 | V69: =S69 -> 1452703.6 | W69: =$S72*DC72 -> 130984.57 | X69: =$S73*DD73 -> 247702.51 | Y69: =$S74*DE74 -> 11439.981 | Z69: =$S75*DF75 -> 0 | AA69: =SUM(W69:Z69) -> 390127.06 | AB69: =$V72*$W$2 -> 236840.04 | AC69: =$V73*$X$2 -> 195684.98 | AD69: =$V74*$Y$2 -> 67443.889 | AE69: =$V75*$Z$2 -> 0 | AF69: =SUM(AB69:AE69) -> 499968.91 | AG69: =B69 -> 2015 | AH69: =W69/$AA69 -> 0.33574849 | AI69: =X69/$AA69 -> 0.63492778 | AJ69: =Y69/$AA69 -> 0.029323731 | AM69: =B69 -> 2015 | AN69: =AH66*AQ66+AI65*AQ65+AJ64*AQ64 -> 1045918.9 | AO69: =CHOOSE(umethod,T69,retroU,MAX(0,cslope*(AN69-nlim)/AN69)) -> 0.5 | AP69: =AN69*(1-AO69) -> 522959.47 | AQ69: =AP69*EXP(aa-bb*AP69+K69) -> 279232.89 | AR69: =AN69-AP69 -> 522959.47 | AS69: Brittany | AT69: 2015 | AU69: 950865 | AV69: =AX69-AU69 -> 501838.64 | AW69: =AV69/AX69 -> 0.34545149 | AX69: 1452703.6 | BA69: 2015 | BI69: =BR69 -> 0.52 | BR69: 0.52 | CW69: 2015 | CX69: 950865 | CY69: 438554 | CZ69: =(CX69-R69)/R69 -> 0 | DA69: =(CY69-AF69)/AF69 -> -0.12283746 | DB69: 2015 | DC69: 0.17341591 | DD69: 0.60552644 | DE69: 0.21915198 | DF69: 0.0019056694 | DI69: 2015 | DJ69: 1444834.8 | DK69: 925354.28 | DL69: =DJ69-DK69 -> 519480.52 | DM69: =DL69/DJ69 -> 0.35954319 | DO69: =(M69-DK69)/DJ69 -> 0.017656495 | DP69: =(AW69-DM69)/DM69 -> -0.039193355
A70: Haley | B70: =L70 -> 2016 | C70: =M70 -> 1975386 | D70: =N70 -> 597944 | E70: =LN(D70/C70) -> -1.195022 | F70: Murdoch | G70: 40556.313 | H70: =R70 -> 1975386 | I70: =AA70 -> 718625.96 | J70: =LN(I70/H70) -> -1.0111781 | K70: =J70-(aa-bb*H70) -> -0.92407653 | L70: 2016 | M70: 1975386 | N70: 597944 | P70: =AS70 -> Brittany | Q70: =AT70 -> 2016 | R70: =AU70 -> 1975386 | S70: =AX70 -> 2944872.5 | T70: =1-R70/S70 -> 0.32921171 | U70: =S70-R70 -> 969486.52 | V70: =S70 -> 2944872.5 | W70: =$S73*DC73 -> 53410.854 | X70: =$S74*DD74 -> 570959.06 | Y70: =$S75*DE75 -> 94256.047 | Z70: =$S76*DF76 -> 0 | AA70: =SUM(W70:Z70) -> 718625.96 | AB70: =$V73*$W$2 -> 97842.492 | AC70: =$V74*$X$2 -> 404663.33 | AD70: =$V75*$Y$2 -> 52702.7 | AE70: =$V76*$Z$2 -> 0 | AF70: =SUM(AB70:AE70) -> 555208.53 | AG70: =B70 -> 2016 | AH70: =W70/$AA70 -> 0.07432358 | AI70: =X70/$AA70 -> 0.79451494 | AJ70: =Y70/$AA70 -> 0.13116148 | AM70: =B70 -> 2016 | AN70: =AH67*AQ67+AI66*AQ66+AJ65*AQ65 -> 2279241.7 | AO70: =CHOOSE(umethod,T70,retroU,MAX(0,cslope*(AN70-nlim)/AN70)) -> 0.5 | AP70: =AN70*(1-AO70) -> 1139620.9 | AQ70: =AP70*EXP(aa-bb*AP70+K70) -> 693544.26 | AR70: =AN70-AP70 -> 1139620.9 | AS70: Brittany | AT70: 2016 | AU70: 1975386 | AV70: =AX70-AU70 -> 969486.52 | AW70: =AV70/AX70 -> 0.32921171 | AX70: 2944872.5 | BA70: 2016 | BI70: =BR70 -> 0.46 | BR70: 0.46 | CW70: 2016 | CX70: 1975386 | CY70: 597944 | CZ70: =(CX70-R70)/R70 -> 0 | DA70: =(CY70-AF70)/AF70 -> 0.076971934 | DB70: 2016 | DC70: 0.051387461 | DD70: 0.88180884 | DE70: 0.064748201 | DF70: 0.0020554985 | DI70: 2016 | DJ70: 2951821.7 | DK70: 1938834.7 | DL70: =DJ70-DK70 -> 1012987 | DM70: =DL70/DJ70 -> 0.34317351 | DO70: =(M70-DK70)/DJ70 -> 0.012382617 | DP70: =(AW70-DM70)/DM70 -> -0.040684362
A71: Haley | B71: =L71 -> 2017 | C71: =M71 -> 659667 | D71: =N71 -> 599216 | E71: =LN(D71/C71) -> -0.096113028 | F71: Murdoch | G71: 41139.928 | H71: =R71 -> 659667 | I71: =AA71 -> 465319.39 | J71: =LN(I71/H71) -> -0.34901113 | K71: =J71-(aa-bb*H71) -> -1.0719374 | L71: 2017 | M71: 659667 | N71: 599216 | P71: =AS71 -> Brittany | Q71: =AT71 -> 2017 | R71: =AU71 -> 659667 | S71: =AX71 -> 1072321.9 | T71: =1-R71/S71 -> 0.38482371 | U71: =S71-R71 -> 412654.89 | V71: =S71 -> 1072321.9 | W71: =$S74*DC74 -> 92039.849 | X71: =$S75*DD75 -> 257462.04 | Y71: =$S76*DE76 -> 115817.5 | Z71: =$S77*DF77 -> 0 | AA71: =SUM(W71:Z71) -> 465319.39 | AB71: =$V74*$W$2 -> 202331.67 | AC71: =$V75*$X$2 -> 316216.2 | AD71: =$V76*$Y$2 -> 115817.5 | AE71: =$V77*$Z$2 -> 0 | AF71: =SUM(AB71:AE71) -> 634365.37 | AG71: =B71 -> 2017 | AH71: =W71/$AA71 -> 0.1977993 | AI71: =X71/$AA71 -> 0.55330177 | AJ71: =Y71/$AA71 -> 0.24889893 | AM71: =B71 -> 2017 | AN71: =AH68*AQ68+AI67*AQ67+AJ66*AQ66 -> 810273.81 | AO71: =CHOOSE(umethod,T71,retroU,MAX(0,cslope*(AN71-nlim)/AN71)) -> 0.5 | AP71: =AN71*(1-AO71) -> 405136.91 | AQ71: =AP71*EXP(aa-bb*AP71+K71) -> 334259.09 | AR71: =AN71-AP71 -> 405136.91 | AS71: Brittany | AT71: 2017 | AU71: 659667 | AV71: =AX71-AU71 -> 412654.89 | AW71: =AV71/AX71 -> 0.38482371 | AX71: 1072321.9 | BA71: 2017 | BI71: =BR71 -> 0.56 | BR71: 0.56 | CW71: 2017 | CX71: 659667 | CY71: 599216 | CZ71: =(CX71-R71)/R71 -> 0 | DA71: =(CY71-AF71)/AF71 -> -0.055408711 | DB71: 2017 | DC71: 0.23933403 | DD71: 0.59313215 | DE71: 0.16545265 | DF71: 0.0020811655 | DI71: 2017 | DJ71: 1056231 | DK71: 640646.59 | DL71: =DJ71-DK71 -> 415584.42 | DM71: =DL71/DJ71 -> 0.39345978 | DO71: =(M71-DK71)/DJ71 -> 0.018007815 | DP71: =(AW71-DM71)/DM71 -> -0.021949044
A72: Haley | B72: =L72 -> 2018 | C72: =M72 -> 684875 | H72: =R72 -> 684875 | J72: 0.95 | K72: =J72-(aa-bb*H72) -> 0.24259315 | L72: 2018 | M72: 684875 | P72: =AS72 -> Brittany | Q72: =AT72 -> 2018 | R72: =AU72 -> 684875 | S72: =AX72 -> 789466.79 | T72: =1-R72/S72 -> 0.13248409 | U72: =S72-R72 -> 104591.79 | V72: =S72 -> 789466.79 | W72: =$S75*DC75 -> 175308.91 | X72: =$S76*DD76 -> 694905 | Y72: =$S77*DE77 -> 0 | Z72: =$S78*DF78 -> 0 | AB72: =$V75*$W$2 -> 158108.1 | AC72: =$V76*$X$2 -> 694905 | AD72: =$V77*$Y$2 -> 0 | AE72: =$V78*$Z$2 -> 0 | AF72: =NA() -> #N/A | AG72: =B72 -> 2018 | AH72: =AH71 -> 0.1977993 | AI72: =AI71 -> 0.55330177 | AJ72: =AJ71 -> 0.24889893 | AM72: =B72 -> 2018 | AN72: =AH69*AQ69+AI68*AQ68+AJ67*AQ67 -> 528041.44 | AO72: =CHOOSE(umethod,T72,retroU,MAX(0,cslope*(AN72-nlim)/AN72)) -> 0.5 | AP72: =AN72*(1-AO72) -> 264020.72 | AQ72: =AP72*EXP(aa-bb*AP72+K72) -> 884593.53 | AR72: =AN72-AP72 -> 264020.72 | AS72: Brittany | AT72: 2018 | AU72: 684875 | AV72: =AX72-AU72 -> 104591.79 | AW72: =AV72/AX72 -> 0.13248409 | AX72: 789466.79 | BA72: 2018 | BI72: =BR72 -> 0.36 | BR72: 0.36 | CW72: 2018 | DB72: 2018 | DC72: 0.16591524 | DD72: 0.8097385 | DE72: 0.022542831 | DF72: 0.0018034265 | DI72: 2018 | DJ72: 771029.88 | DK72: 654127.03 | DL72: =DJ72-DK72 -> 116902.85 | DM72: =DL72/DJ72 -> 0.1516191 | DO72: =(M72-DK72)/DJ72 -> 0.039879093 | DP72: =(AW72-DM72)/DM72 -> -0.12620443
A73: Haley | B73: =L73 -> 2019 | C73: =M73 -> 300279 | H73: =R73 -> 300279 | J73: 0 | K73: =J73-(aa-bb*H73) -> -0.94418496 | L73: 2019 | M73: 300279 | P73: =AS73 -> Brittany | Q73: =AT73 -> 2019 | R73: =AU73 -> 300279 | S73: =AX73 -> 326141.64 | T73: =1-R73/S73 -> 0.079298798 | U73: =S73-R73 -> 25862.64 | V73: =S73 -> 326141.64 | W73: =$S76*DC76 -> 347452.5 | X73: =$S77*DD77 -> 0 | Y73: =$S78*DE78 -> 0 | Z73: =$S79*DF79 -> 0 | AB73: =$V76*$W$2 -> 347452.5 | AC73: =$V77*$X$2 -> 0 | AD73: =$V78*$Y$2 -> 0 | AE73: =$V79*$Z$2 -> 0 | AF73: =NA() -> #N/A | AG73: =B73 -> 2019 | AH73: =AH72 -> 0.1977993 | AI73: =AI72 -> 0.55330177 | AJ73: =AJ72 -> 0.24889893 | AM73: =B73 -> 2019 | AN73: =AH70*AQ70+AI69*AQ69+AJ68*AQ68 -> 245290.93 | AO73: =CHOOSE(umethod,T73,retroU,MAX(0,cslope*(AN73-nlim)/AN73)) -> 0.5 | AP73: =AN73*(1-AO73) -> 122645.46 | AQ73: =AP73*EXP(aa-bb*AP73+K73) -> 136818.96 | AR73: =AN73-AP73 -> 122645.46 | AS73: Brittany | AT73: 2019 | AU73: 300279 | AV73: =AX73-AU73 -> 25862.64 | AW73: =AV73/AX73 -> 0.079298798 | AX73: 326141.64 | BA73: 2019 | BI73: =BR73 -> 0.25 | BR73: 0.25 | CW73: 2019 | DB73: 2019 | DC73: 0.16376582 | DD73: 0.75949367 | DE73: 0.076740506 | DF73: 0 | DI73: 2019 | DJ73: 329945.13 | DK73: 303971.1 | DL73: =DJ73-DK73 -> 25974.026 | DM73: =DL73/DJ73 -> 0.078722259 | DO73: =(M73-DK73)/DJ73 -> -0.011190057 | DP73: =(AW73-DM73)/DM73 -> 0.0073237117
A74: Haley | B74: =L74 -> 2020 | C74: =M74 -> 597731 | H74: =R74 -> 597731 | J74: 0 | K74: =J74-(aa-bb*H74) -> -0.76105741 | L74: 2020 | M74: 597731 | P74: =AS74 -> Brittany | Q74: =AT74 -> 2020 | R74: =AU74 -> 597731 | S74: =AX74 -> 674438.89 | T74: =1-R74/S74 -> 0.11373586 | U74: =S74-R74 -> 76707.89 | V74: =S74 -> 674438.89 | W74: =$S77*DC77 -> 0 | X74: =$S78*DD78 -> 0 | Y74: =$S79*DE79 -> 0 | Z74: =$S80*DF80 -> 0 | AB74: =$V77*$DC77 -> 0 | AC74: =$V78*$DD78 -> 0 | AD74: =$V79*$DE79 -> 0 | AE74: =$V80*$DF80 -> 0 | AF74: =NA() -> #N/A | AG74: =B74 -> 2020 | AH74: =AH73 -> 0.1977993 | AI74: =AI73 -> 0.55330177 | AJ74: =AJ73 -> 0.24889893 | AM74: =B74 -> 2020 | AN74: =AH71*AQ71+AI70*AQ70+AJ69*AQ69 -> 625335.64 | AO74: =CHOOSE(umethod,T74,retroU,MAX(0,cslope*(AN74-nlim)/AN74)) -> 0.5 | AP74: =AN74*(1-AO74) -> 312667.82 | AQ74: =AP74*EXP(aa-bb*AP74+K74) -> 372650.76 | AR74: =AN74-AP74 -> 312667.82 | AS74: Brittany | AT74: 2020 | AU74: 597731 | AV74: =AX74-AU74 -> 76707.89 | AW74: =AV74/AX74 -> 0.11373586 | AX74: 674438.89 | BA74: 2020 | BI74: =BR74 -> 0.30774843 | BR74: 0.30774843 | CW74: 2020 | DB74: 2020 | DC74: 0.13646877 | DD74: 0.84656901 | DE74: 0.016962221 | DF74: 0 | DI74: 2020 | DJ74: 668100.9 | DK74: 525243.75 | DL74: =DJ74-DK74 -> 142857.14 | DM74: =DL74/DJ74 -> 0.2138257 | DO74: =(M74-DK74)/DJ74 -> 0.10849745 | DP74: =(AW74-DM74)/DM74 -> -0.46809077
A75: Haley | B75: =L75 -> 2021 | C75: =M75 -> 532609 | H75: =R75 -> 532609 | J75: 0 | K75: =J75-(aa-bb*H75) -> -0.80115004 | L75: 2021 | M75: 532609 | P75: =AS75 -> Brittany | Q75: =AT75 -> 2021 | R75: =AU75 -> 532609 | S75: =AX75 -> 527027 | T75: =1-R75/S75 -> -0.010591488 | U75: =S75-R75 -> -5582 | V75: =S75 -> 527027 | W75: =$S78*DC78 -> 0 | X75: =$S79*DD79 -> 0 | Y75: =$S80*DE80 -> 0 | Z75: =$S81*DF81 -> 0 | AB75: =$V78*$DC78 -> 0 | AC75: =$V79*$DD79 -> 0 | AD75: =$V80*$DE80 -> 0 | AE75: =$V81*$DF81 -> 0 | AF75: =NA() -> #N/A | AG75: =B75 -> 2021 | AH75: =AH74 -> 0.1977993 | AI75: =AI74 -> 0.55330177 | AJ75: =AJ74 -> 0.24889893 | AM75: =B75 -> 2021 | AN75: =AH72*AQ72+AI71*AQ71+AJ70*AQ70 -> 450884.42 | AO75: =CHOOSE(umethod,T75,retroU,MAX(0,cslope*(AN75-nlim)/AN75)) -> 0.5 | AP75: =AN75*(1-AO75) -> 225442.21 | AQ75: =AP75*EXP(aa-bb*AP75+K75) -> 272372.97 | AR75: =AN75-AP75 -> 225442.21 | AS75: Brittany | AT75: 2021 | AU75: 532609 | AV75: =AX75-AU75 -> -5582 | AW75: =AV75/AX75 -> -0.010591488 | AX75: 527027 | BA75: 2021 | BI75: =AVERAGE($BI$72:$BI$74) -> 0.30591614 | CW75: 2021 | DB75: 2021 | DC75: 0.33263744 | DD75: 0.48851775 | DE75: 0.17884482 | DF75: 0 | DI75: 2021 | DJ75: 538743.93 | DK75: 499782.89 | DL75: =DJ75-DK75 -> 38961.039 | DM75: =DL75/DJ75 -> 0.072318288 | DO75: =(M75-DK75)/DJ75 -> 0.060930817 | DP75: =(AW75-DM75)/DM75 -> -1.1464566
A76: Haley | B76: =L76 -> 2022 | C76: =M76 -> 1134524 | H76: =R76 -> 1134524 | J76: 0 | K76: =J76-(aa-bb*H76) -> -0.43057859 | L76: 2022 | M76: 1134524 | P76: =AS76 -> Brittany | Q76: =AT76 -> 2022 | R76: =AU76 -> 1134524 | S76: =AX76 -> 1158175 | T76: =1-R76/S76 -> 0.020420921 | U76: =S76-R76 -> 23651 | V76: =S76 -> 1158175 | W76: =$S79*DC79 -> 0 | X76: =$S80*DD80 -> 0 | Y76: =$S81*DE81 -> 0 | Z76: =$S82*DF82 -> 0 | AB76: =$V79*$DC79 -> 0 | AC76: =$V80*$DD80 -> 0 | AD76: =$V81*$DE81 -> 0 | AE76: =$V82*$DF82 -> 0 | AF76: =NA() -> #N/A | AG76: =B76 -> 2022 | AH76: =AH75 -> 0.1977993 | AI76: =AI75 -> 0.55330177 | AJ76: =AJ75 -> 0.24889893 | AM76: =B76 -> 2022 | AN76: =AH73*AQ73+AI72*AQ72+AJ71*AQ71 -> 599706.59 | AO76: =CHOOSE(umethod,T76,retroU,MAX(0,cslope*(AN76-nlim)/AN76)) -> 0.5 | AP76: =AN76*(1-AO76) -> 299853.3 | AQ76: =AP76*EXP(aa-bb*AP76+K76) -> 501278.48 | AR76: =AN76-AP76 -> 299853.3 | AS76: Brittany | AT76: 2022 | AU76: 1134524 | AV76: =AX76-AU76 -> 23651 | AW76: =AV76/AX76 -> 0.020420921 | AX76: 1158175 | BA76: 2022 | BI76: =AVERAGE($BI$72:$BI$74) -> 0.30591614 | DB76: 2022 | DC76: =W$2 -> 0.3 | DD76: =X$2 -> 0.6 | DE76: =Y$2 -> 0.1 | DF76: =Z$2 -> 0 | DI76: 2022 | DJ76: 1162614 | DK76: 1019756.8 | DL76: =DJ76-DK76 -> 142857.14 | DM76: =DL76/DJ76 -> 0.12287582 | DO76: =(M76-DK76)/DJ76 -> 0.098714761 | DP76: =(AW76-DM76)/DM76 -> -0.83380846
B77: =L77 -> 2023 | C77: =M77 -> 620382 | H77: 620382 | L77: 2023 | M77: 620382 | U77: =S77-R77 -> 0 | AG77: =B77 -> 2023 | AH77: =AH76 -> 0.1977993 | AI77: =AI76 -> 0.55330177 | AJ77: =AJ76 -> 0.24889893 | AT77: 2023 | AU77: 620382 | DB77: 2023 | DC77: =W$2 -> 0.3 | DD77: =X$2 -> 0.6 | DE77: =Y$2 -> 0.1 | DF77: =Z$2 -> 0
B78: =L78 -> 2024 | C78: =M78 -> 1872824 | H78: 1872824 | L78: 2024 | M78: 1872824 | AT78: 2024 | AU78: 1872824 | DB78: 2024 | DC78: =W$2 -> 0.3 | DD78: =X$2 -> 0.6 | DE78: =Y$2 -> 0.1 | DF78: =Z$2 -> 0
DB79: 2025 | DC79: =W$2 -> 0.3 | DD79: =X$2 -> 0.6 | DE79: =Y$2 -> 0.1 | DF79: =Z$2 -> 0
DB80: 2026 | DC80: =W$2 -> 0.3 | DD80: =X$2 -> 0.6 | DE80: =Y$2 -> 0.1 | DF80: =Z$2 -> 0
DB81: 2027 | DC81: =W$2 -> 0.3 | DD81: =X$2 -> 0.6 | DE81: =Y$2 -> 0.1 | DF81: =Z$2 -> 0

Sheet policy compare
C1: Policy | D1: code | E1: Yield | F1: Utility | I1: 0 | J1: 0.5 | L1: 0 | M1: 0 | O1: 0 | P1: 0 | R1: ='Orig data'!AM4 -> year | S1: retro run | T1: Historical U
C2: Historical | D2: hist | E2: 26591286 | F2: 146494.56 | I2: 4000000 | J2: 0.5 | L2: 841001 | M2: 0 | O2: 487692 | P2: 0 | R2: ='Orig data'!AM5 -> 1951 | S2: 1187739 | T2: 0.85541857
C3: constant U at Umsy | D3: umsy | E3: 51361564 | F3: 226111.49 | L3: =L2+250000 -> 1091001 | M3: =1.017*(L3-841001)/L3 -> 0.23304287 | O3: =O2+250000 -> 737692 | P3: =0.776*(O3-487692)/O3 -> 0.26298238 | R3: ='Orig data'!AM6 -> 1952 | S3: 927000 | T3: 0.80987055
C4: Maximum yield | D4: maxY | E4: 62669272 | F4: 222904.9 | L4: =L3+250000 -> 1341001 | M4: =1.017*(L4-841001)/L4 -> 0.37919435 | O4: =O3+250000 -> 987692 | P4: =0.776*(O4-487692)/O4 -> 0.39283501 | R4: ='Orig data'!AM7 -> 1953 | S4: 918122 | T4: 0.85010162
C5: Maximum utility | D5: maxU | E5: 59304112 | F5: 235487.7 | L5: =L4+250000 -> 1591001 | M5: =1.017*(L5-841001)/L5 -> 0.47941516 | O5: =O4+250000 -> 1237692 | P5: =0.776*(O5-487692)/O5 -> 0.47023007 | R5: ='Orig data'!AM8 -> 1954 | S5: 1096517 | T5: 0.92122785
D6: max | E6: =MAX(E2:E5) -> 62669272 | F6: =MAX(F2:F5) -> 235487.7 | L6: =L5+250000 -> 1841001 | M6: =1.017*(L6-841001)/L6 -> 0.55241686 | O6: =O5+250000 -> 1487692 | P6: =0.776*(O6-487692)/O6 -> 0.52161334 | R6: ='Orig data'!AM9 -> 1955 | S6: 357389.1 | T6: 0.72173186
D7: loss | E7: =E3-E2 -> 24770278 | L7: =L6+250000 -> 2091001 | M7: =1.017*(L7-841001)/L7 -> 0.60796241 | O7: =O6+250000 -> 1737692 | P7: =0.776*(O7-487692)/O7 -> 0.5582117 | R7: ='Orig data'!AM10 -> 1956 | S7: 282627 | T7: 0.88341524
C8: relative values | L8: =L7+250000 -> 2341001 | M8: =1.017*(L8-841001)/L8 -> 0.65164432 | O8: =O7+250000 -> 1987692 | P8: =0.776*(O8-487692)/O8 -> 0.58560381 | R8: ='Orig data'!AM11 -> 1957 | S8: 308363 | T8: 0.72546966
C9: Policy | D9: code | E9: Yield | F9: Utility | L9: =L8+250000 -> 2591001 | M9: =1.017*(L9-841001)/L9 -> 0.68689669 | O9: =O8+250000 -> 2237692 | P9: =0.776*(O9-487692)/O9 -> 0.6068753 | R9: ='Orig data'!AM12 -> 1958 | S9: 544065.93 | T9: 0.84030838
C10: Historical | D10: hist | E10: =E2/E$6 -> 0.4243114 | F10: =F2/F$6 -> 0.62209008 | L10: =L9+250000 -> 2841001 | M10: =1.017*(L10-841001)/L10 -> 0.71594484 | O10: =O9+250000 -> 2487692 | P10: =0.776*(O10-487692)/O10 -> 0.62387144 | R10: ='Orig data'!AM13 -> 1959 | S10: 614926.64 | T10: 0.76627554
C11: constant U at Umsy | D11: umsy | E11: =E3/E$6 -> 0.81956536 | F11: =F3/F$6 -> 0.96018385 | L11: =L10+250000 -> 3091001 | M11: =1.017*(L11-841001)/L11 -> 0.74029416 | O11: =O10+250000 -> 2737692 | P11: =0.776*(O11-487692)/O11 -> 0.63776349 | R11: ='Orig data'!AM14 -> 1960 | S11: 387046.9 | T11: 0.62944251
C12: Maximum yield | D12: maxY | E12: =E4/E$6 -> 1 | F12: =F4/F$6 -> 0.94656707 | L12: =L11+250000 -> 3341001 | M12: =1.017*(L12-841001)/L12 -> 0.76099947 | O12: =O11+250000 -> 2987692 | P12: =0.776*(O12-487692)/O12 -> 0.64933065 | R12: ='Orig data'!AM15 -> 1961 | S12: 251616.14 | T12: 0.59029191
C13: Maximum utility | D13: maxU | E13: =E5/E$6 -> 0.94630287 | F13: =F5/F$6 -> 1 | L13: =L12+250000 -> 3591001 | M13: =1.017*(L13-841001)/L13 -> 0.77882184 | O13: =O12+250000 -> 3237692 | P13: =0.776*(O13-487692)/O13 -> 0.65911149 | R13: ='Orig data'!AM16 -> 1962 | S13: 241416.6 | T13: 0.47697993
L14: =L13+250000 -> 3841001 | M14: =1.017*(L14-841001)/L14 -> 0.79432419 | O14: =O13+250000 -> 3487692 | P14: =0.776*(O14-487692)/O14 -> 0.66749013 | R14: ='Orig data'!AM17 -> 1963 | S14: 327640.49 | T14: 0.43438055
L15: =L14+250000 -> 4091001 | M15: =1.017*(L15-841001)/L15 -> 0.80793185 | O15: =O14+250000 -> 3737692 | P15: =0.776*(O15-487692)/O15 -> 0.67474795 | R15: ='Orig data'!AM18 -> 1964 | S15: 366907.12 | T15: 0.33592514
O16: =O15+250000 -> 3987692 | P16: =0.776*(O16-487692)/O16 -> 0.68109573 | R16: ='Orig data'!AM19 -> 1965 | S16: 168080.15 | T16: 0.24058496
R17: ='Orig data'!AM20 -> 1966 | S17: 408137.85 | T17: 0.14043535
R18: ='Orig data'!AM21 -> 1967 | S18: 314854.74 | T18: 0.33786064
R19: ='Orig data'!AM22 -> 1968 | S19: 1137747.3 | T19: 0.41875228
R20: ='Orig data'!AM23 -> 1969 | S20: 569626.99 | T20: 0.46547322
R21: ='Orig data'!AM24 -> 1970 | S21: 723902.38 | T21: 0.61554328
R22: ='Orig data'!AM25 -> 1971 | S22: 369685 | T22: 0.22913722
R23: ='Orig data'!AM26 -> 1972 | S23: 1335366.4 | T23: 0.68641004
R24: ='Orig data'!AM27 -> 1973 | S24: 1486678 | T24: 0.82276902
R25: ='Orig data'!AM28 -> 1974 | S25: 706353.48 | T25: 0.51199687
R26: ='Orig data'!AM29 -> 1975 | S26: 479931.48 | T26: 0.6062929
I27: loss of 11 million fish from the catch since the late 1990s | R27: ='Orig data'!AM30 -> 1976 | S27: 994075.49 | T27: 0.6607457
I28: has led to a loss in income to fishermen of 11 x 12=$132 million | R28: ='Orig data'!AM31 -> 1977 | S28: 714340.45 | T28: 0.17050362
I29: assuming average price/kg near $2.00 and 6kg/fish | R29: ='Orig data'!AM32 -> 1978 | S29: 1170866 | T29: 0.69711185
R30: ='Orig data'!AM33 -> 1979 | S30: 305527.5 | T30: 0.17198735
R31: ='Orig data'!AM34 -> 1980 | S31: 902200.16 | T31: 0.65468745
R32: ='Orig data'!AM35 -> 1981 | S32: 496309.57 | T32: 0.12648145
R33: ='Orig data'!AM36 -> 1982 | S33: 717475.27 | T33: 0.54912425
R34: ='Orig data'!AM37 -> 1983 | S34: 466288.34 | T34: 0.20916994
R35: ='Orig data'!AM38 -> 1984 | S35: 608862.3 | T35: 0.1163914
R36: ='Orig data'!AM39 -> 1985 | S36: 1827484.6 | T36: 0.24753948
R37: ='Orig data'!AM40 -> 1986 | S37: 1570122.7 | T37: 0.36912696
R38: ='Orig data'!AM41 -> 1987 | S38: 478298.9 | T38: 0.24404668
R39: ='Orig data'!AM42 -> 1988 | S39: 1031497.7 | T39: 0.48945862
R40: ='Orig data'!AM43 -> 1989 | S40: 1092698.5 | T40: 0.3243141
R41: ='Orig data'!AM44 -> 1990 | S41: 1590057.2 | T41: 0.45953972
... R73: ='Orig data'!AM76 -> 2022 | S73: 1154090.6 | T73: 0.087425475

Sheet regression
C1: Year | D1: SSL numbers | E1: Spawners (D) | F1: ln(R/S)(D) | G1: recruits | H1: by | I1: Mdensity | J1: Mssl | K1: Mssl+density | L1: Wt | P1: x1,x2 corr: | Q1: =CORREL(D2:D68,E2:E68) -> 0.31770436
C2: ='Orig data'!B5 -> 1951 | D2: ='Orig data'!G5 -> 17243.254 | E2: ='Orig data'!H5 -> 171725 | F2: ='Orig data'!J5 -> 1.2434687 | G2: =E2*EXP(F2) -> 595477.2 | H2: =C2 -> 1951 | I2: =-N$19*E2 -> 0.092122314 | J2: =-N$18*D2 -> 0.35285289 | K2: =I2+J2 -> 0.44497521 | L2: =F2-(N$17-J2-I2) -> 0.29487808 | P2: var(wt) | Q2: =VAR(L2:L68) -> 0.22634919
C3: ='Orig data'!B6 -> 1952 | D3: ='Orig data'!G6 -> 17747.773 | E3: ='Orig data'!H6 -> 176250 | F3: ='Orig data'!J6 -> 0.5949859 | G3: =E3*EXP(F3) -> 319542.2 | H3: =C3 -> 1952 | I3: =-N$19*E3 -> 0.094549762 | J3: =-N$18*D3 -> 0.36317698 | K3: =I3+J3 -> 0.45772674 | L3: =F3-(N$17-J3-I3) -> -0.34085322 | P3: sd w | Q3: =SQRT(Q2) -> 0.4757617
C4: ='Orig data'!B7 -> 1953 | D4: ='Orig data'!G7 -> 18200.243 | E4: ='Orig data'!H7 -> 137625 | F4: ='Orig data'!J7 -> 0.86171672 | G4: =E4*EXP(F4) -> 325788.8 | H4: =C4 -> 1953 | I4: =-N$19*E4 -> 0.073829282 | J4: =-N$18*D4 -> 0.37243599 | K4: =I4+J4 -> 0.44626527 | L4: =F4-(N$17-J4-I4) -> -0.085583872 | N4: 0.73953667
C5: ='Orig data'!B8 -> 1954 | D5: ='Orig data'!G8 -> 18877.276 | E5: ='Orig data'!H8 -> 86375 | F5: ='Orig data'!J8 -> 1.7429634 | G5: =E5*EXP(F5) -> 493568.5 | H5: =C5 -> 1954 | I5: =-N$19*E5 -> 0.046336089 | J5: =-N$18*D5 -> 0.38629028 | K5: =I5+J5 -> 0.43262637 | L5: =F5-(N$17-J5-I5) -> 0.78202387 | N5: 0.54691448
C6: ='Orig data'!B9 -> 1955 | D6: ='Orig data'!G9 -> 19634.011 | E6: ='Orig data'!H9 -> 110500 | F6: ='Orig data'!J9 -> 1.688564 | G6: =E6*EXP(F6) -> 597993.3 | H6: =C6 -> 1955 | I6: =-N$19*E6 -> 0.059278007 | J6: =-N$18*D6 -> 0.40177553 | K6: =I6+J6 -> 0.46105354 | L6: =F6-(N$17-J6-I6) -> 0.7560517 | N6: 0.53275556
C7: ='Orig data'!B10 -> 1956 | D7: ='Orig data'!G10 -> 20266.027 | E7: ='Orig data'!H10 -> 32950 | F7: ='Orig data'!J10 -> 2.62592 | G7: =E7*EXP(F7) -> 455279.4 | H7: =C7 -> 1956 | I7: =-N$19*E7 -> 0.017676112 | J7: =-N$18*D7 -> 0.41470863 | K7: =I7+J7 -> 0.43238474 | L7: =F7-(N$17-J7-I7) -> 1.6647389 | N7: 0.48313829
C8: ='Orig data'!B11 -> 1957 | D8: ='Orig data'!G11 -> 20594.875 | E8: ='Orig data'!H11 -> 84655 | F8: ='Orig data'!J11 -> 1.2460987 | G8: =E8*EXP(F8) -> 294324.5 | H8: =C8 -> 1957 | I8: =-N$19*E8 -> 0.045413391 | J8: =-N$18*D8 -> 0.42143793 | K8: =I8+J8 -> 0.46685132 | L8: =F8-(N$17-J8-I8) -> 0.31938418 | N8: 67
C9: ='Orig data'!B12 -> 1958 | D9: ='Orig data'!G12 -> 20038.595 | E9: ='Orig data'!H12 -> 89400 | F9: ='Orig data'!J12 -> 1.0661176 | G9: =E9*EXP(F9) -> 259625 | H9: =C9 -> 1958 | I9: =-N$19*E9 -> 0.047958858 | J9: =-N$18*D9 -> 0.41005465 | K9: =I9+J9 -> 0.45801351 | L9: =F9-(N$17-J9-I9) -> 0.13056524
C10: ='Orig data'!B13 -> 1959 | D10: ='Orig data'!G13 -> 15904.252 | E10: ='Orig data'!H13 -> 152300 | F10: ='Orig data'!J13 -> 0.72943954 | G10: =E10*EXP(F10) -> 315857.7 | H10: =C10 -> 1959 | I10: =-N$19*E10 -> 0.081701724 | J10: =-N$18*D10 -> 0.32545257 | K10: =I10+J10 -> 0.40715429 | L10: =F10-(N$17-J10-I10) -> -0.25697204
C11: ='Orig data'!B14 -> 1960 | D11: ='Orig data'!G14 -> 13108.046 | E11: ='Orig data'!H14 -> 144782 | F11: ='Orig data'!J14 -> 0.85942367 | G11: =E11*EXP(F11) -> 341946 | H11: =C11 -> 1960 | I11: =-N$19*E11 -> 0.077668673 | J11: =-N$18*D11 -> 0.26823313 | K11: =I11+J11 -> 0.3459018 | L11: =F11-(N$17-J11-I11) -> -0.1882404 | N11: df | O11: SS | P11: MS | Q11: F | R11: Significance F
C12: ='Orig data'!B15 -> 1961 | D12: ='Orig data'!G15 -> 12157.238 | E12: ='Orig data'!H15 -> 103920 | F12: ='Orig data'!J15 -> 0.9004848 | G12: =E12*EXP(F12) -> 255725.9 | H12: =C12 -> 1961 | I12: =-N$19*E12 -> 0.055748149 | J12: =-N$18*D12 -> 0.24877651 | K12: =I12+J12 -> 0.30452466 | L12: =F12-(N$17-J12-I12) -> -0.18855642 | N12: 2 | O12: 18.032757 | P12: 9.0163784 | Q12: 38.626843 | R12: 9.9486881e-12
C13: ='Orig data'!B16 -> 1962 | D13: ='Orig data'!G16 -> 10463.341 | E13: ='Orig data'!H16 -> 130357 | F13: ='Orig data'!J16 -> 0.94474076 | G13: =E13*EXP(F13) -> 335297.3 | H13: =C13 -> 1962 | I13: =-N$19*E13 -> 0.069930345 | J13: =-N$18*D13 -> 0.21411389 | K13: =I13+J13 -> 0.28404423 | L13: =F13-(N$17-J13-I13) -> -0.16478087 | N13: 64 | O13: 14.939047 | P13: 0.2334226
C14: ='Orig data'!B17 -> 1963 | D14: ='Orig data'!G17 -> 9070.6091 | E14: ='Orig data'!H17 -> 192245 | F14: ='Orig data'!J17 -> 0.81670232 | G14: =E14*EXP(F14) -> 435055.2 | H14: =C14 -> 1963 | I14: =-N$19*E14 -> 0.10313032 | J14: =-N$18*D14 -> 0.18561408 | K14: =I14+J14 -> 0.2887444 | L14: =F14-(N$17-J14-I14) -> -0.28811915 | N14: 66 | O14: 32.971804
C15: ='Orig data'!B18 -> 1964 | D15: ='Orig data'!G18 -> 7710.0916 | E15: ='Orig data'!H18 -> 246741 | F15: ='Orig data'!J18 -> 1.2330124 | G15: =E15*EXP(F15) -> 846704.4 | H15: =C15 -> 1964 | I15: =-N$19*E15 -> 0.13236484 | J15: =-N$18*D15 -> 0.15777348 | K15: =I15+J15 -> 0.29013832 | L15: =F15-(N$17-J15-I15) -> 0.12958488
C16: ='Orig data'!B19 -> 1965 | D16: ='Orig data'!G19 -> 7002.9849 | E16: ='Orig data'!H19 -> 129459 | F16: ='Orig data'!J19 -> 1.7791335 | G16: =E16*EXP(F16) -> 767008.4 | H16: =C16 -> 1965 | I16: =-N$19*E16 -> 0.069448611 | J16: =-N$18*D16 -> 0.14330378 | K16: =I16+J16 -> 0.21275239 | L16: =F16-(N$17-J16-I16) -> 0.59832005 | N16: Coefficients | O16: Standard Error | P16: t Stat | Q16: P-value | R16: Lower 95% | S16: Upper 95% | T16: Lower 95.0% | U16: Upper 95.0%
C17: ='Orig data'!B20 -> 1966 | D17: ='Orig data'!G20 -> 6693.7966 | E17: ='Orig data'!H20 -> 360810 | F17: ='Orig data'!J20 -> 0.59597422 | G17: =E17*EXP(F17) -> 654797.3 | H17: =C17 -> 1966 | I17: =-N$19*E17 -> 0.19355745 | J17: =-N$18*D17 -> 0.13697679 | K17: =I17+J17 -> 0.33053423 | L17: =F17-(N$17-J17-I17) -> -0.46705742 | N17: 1.3935659 | O17: 0.11920373 | P17: 11.690623 | Q17: 1.5696474e-17 | R17: 1.155429 | S17: 1.6317027 | T17: 1.155429 | U17: 1.6317027
C18: ='Orig data'!B21 -> 1967 | D18: ='Orig data'!G21 -> 6634.8212 | E18: ='Orig data'!H21 -> 213873 | F18: ='Orig data'!J21 -> 1.0021303 | G18: =E18*EXP(F18) -> 582606.9 | H18: =C18 -> 1967 | I18: =-N$19*E18 -> 0.11473272 | J18: =-N$18*D18 -> 0.13576996 | K18: =I18+J18 -> 0.25050267 | L18: =F18-(N$17-J18-I18) -> -0.14093288 | N18: -2.0463243e-05 | O18: 6.4953983e-06 | P18: -3.1504216 | Q18: 0.0024791057 | R18: -3.3439293e-05 | S18: -7.4871932e-06 | T18: -3.3439293e-05 | U18: -7.4871932e-06
C19: ='Orig data'!B22 -> 1968 | D19: ='Orig data'!G22 -> 6677.8906 | E19: ='Orig data'!H22 -> 670328 | F19: ='Orig data'!J22 -> 0.47090986 | G19: =E19*EXP(F19) -> 1073497.2 | H19: =C19 -> 1968 | I19: =-N$19*E19 -> 0.35959917 | J19: =-N$18*D19 -> 0.1366513 | K19: =I19+J19 -> 0.49625046 | L19: =F19-(N$17-J19-I19) -> -0.42640554 | N19: -5.3645255e-07 | O19: 7.913014e-08 | P19: -6.7793707 | Q19: 4.5301129e-09 | R19: -6.9453318e-07 | S19: -3.7837192e-07 | T19: -6.9453318e-07 | U19: -3.7837192e-07
C20: ='Orig data'!B23 -> 1969 | D20: ='Orig data'!G23 -> 6755.3387 | E20: ='Orig data'!H23 -> 309220 | F20: ='Orig data'!J23 -> 1.4964431 | G20: =E20*EXP(F20) -> 1380907.4 | H20: =C20 -> 1969 | I20: =-N$19*E20 -> 0.16588186 | J20: =-N$18*D20 -> 0.13823614 | K20: =I20+J20 -> 0.304118 | L20: =F20-(N$17-J20-I20) -> 0.40699523 | P20: bounds for max ssl effect
C21: ='Orig data'!B24 -> 1970 | D21: ='Orig data'!G24 -> 6841.2164 | E21: ='Orig data'!H24 -> 284250 | F21: ='Orig data'!J24 -> 1.1868565 | G21: =E21*EXP(F21) -> 931420.3 | H21: =C21 -> 1970 | I21: =-N$19*E21 -> 0.15248664 | J21: =-N$18*D21 -> 0.13999347 | K21: =I21+J21 -> 0.29248011 | L21: =F21-(N$17-J21-I21) -> 0.085770738 | N21: max predn | O21: =-N18*D68 -> 0.84185634 | P21: =-R18*D68 -> 1.3756901 | Q21: =-S18*D68 -> 0.30802259
C22: ='Orig data'!B25 -> 1971 | D22: ='Orig data'!G25 -> 6933.9203 | E22: ='Orig data'!H25 -> 290125 | F22: ='Orig data'!J25 -> 0.73895438 | G22: =E22*EXP(F22) -> 607447.8 | H22: =C22 -> 1971 | I22: =-N$19*E22 -> 0.1556383 | J22: =-N$18*D22 -> 0.1418905 | K22: =I22+J22 -> 0.29752879 | L22: =F22-(N$17-J22-I22) -> -0.35708269 | N22: density effect | O22: =-N19*O24 -> 1.3935659 | P22: =-R19*P24 -> 1.155429 | Q22: =-S19*Q24 -> 1.6317027 | R22: baranov equation
C23: ='Orig data'!B26 -> 1972 | D23: ='Orig data'!G26 -> 7033.993 | E23: ='Orig data'!H26 -> 423290 | F23: ='Orig data'!J26 -> 0.66166929 | G23: =E23*EXP(F23) -> 820346.5 | H23: =C23 -> 1972 | I23: =-N$19*E23 -> 0.227075 | J23: =-N$18*D23 -> 0.14393831 | K23: =I23+J23 -> 0.37101331 | L23: =F23-(N$17-J23-I23) -> -0.36088327 | R23: Q=R*MP/Z*(1-exp(-Z))
C24: ='Orig data'!B27 -> 1973 | D24: ='Orig data'!G27 -> 7142.0201 | E24: ='Orig data'!H27 -> 267080 | F24: ='Orig data'!J27 -> 1.1613995 | G24: =E24*EXP(F24) -> 853160.5 | H24: =C24 -> 1973 | I24: =-N$19*E24 -> 0.14327575 | J24: =-N$18*D24 -> 0.14614889 | K24: =I24+J24 -> 0.28942464 | L24: =F24-(N$17-J24-I24) -> 0.057258223 | N24: unfished So | O24: =-N17/N19 -> 2597743 | P24: =-R17/R19 -> 1663605.3 | Q24: =-S17/S19 -> 4312430.7 | R24: MP | S24: =AVERAGE(J63:J68) -> 0.7936541
C25: ='Orig data'!B28 -> 1974 | D25: ='Orig data'!G28 -> 7258.634 | E25: ='Orig data'!H28 -> 350315 | F25: ='Orig data'!J28 -> 1.0068162 | G25: =E25*EXP(F25) -> 958767.8 | H25: =C25 -> 1974 | I25: =-N$19*E25 -> 0.18792738 | J25: =-N$18*D25 -> 0.14853519 | K25: =I25+J25 -> 0.33646257 | L25: =F25-(N$17-J25-I25) -> -0.050287132 | R25: Z | S25: 2
C26: ='Orig data'!B29 -> 1975 | D26: ='Orig data'!G29 -> 7384.5171 | E26: ='Orig data'!H29 -> 191420 | F26: ='Orig data'!J29 -> 1.1940102 | G26: =E26*EXP(F26) -> 631741.4 | H26: =C26 -> 1975 | I26: =-N$19*E26 -> 0.10268775 | J26: =-N$18*D26 -> 0.15111117 | K26: =I26+J26 -> 0.25379892 | L26: =F26-(N$17-J26-I26) -> 0.054243215 | R26: Q | S26: =AVERAGE(G63:G68)*S24/S25*(1-EXP(-S25)) -> 361864.79 | T26: =S24/S25*(1-EXP(-S25)) -> 0.34312235 | U26: Q/recruitment
C27: ='Orig data'!B30 -> 1976 | D27: ='Orig data'!G30 -> 7520.4064 | E27: ='Orig data'!H30 -> 340517 | F27: ='Orig data'!J30 -> 0.70369944 | G27: =E27*EXP(F27) -> 688258.5 | H27: =C27 -> 1976 | I27: =-N$19*E27 -> 0.18267121 | J27: =-N$18*D27 -> 0.1538919 | K27: =I27+J27 -> 0.33656312 | L27: =F27-(N$17-J27-I27) -> -0.35330331 | R27: Q/SSL | S27: =S26/D68 -> 8.7959511 | T27: over 3 yrs?
C28: ='Orig data'!B31 -> 1977 | D28: ='Orig data'!G31 -> 7667.097 | E28: ='Orig data'!H31 -> 599341 | F28: ='Orig data'!J31 -> 0.073992458 | G28: =E28*EXP(F28) -> 645369.6 | H28: =C28 -> 1977 | I28: =-N$19*E28 -> 0.32151801 | J28: =-N$18*D28 -> 0.15689367 | K28: =I28+J28 -> 0.47841168 | L28: =F28-(N$17-J28-I28) -> -0.84116173
C29: ='Orig data'!B32 -> 1978 | D29: ='Orig data'!G32 -> 7825.4477 | E29: ='Orig data'!H32 -> 358990 | F29: ='Orig data'!J32 -> 0.56480024 | G29: =E29*EXP(F29) -> 631498 | H29: =C29 -> 1978 | I29: =-N$19*E29 -> 0.1925811 | J29: =-N$18*D29 -> 0.16013404 | K29: =I29+J29 -> 0.35271514 | L29: =F29-(N$17-J29-I29) -> -0.47605049 | R29: Fraser averages 6% of coastwide total catches (see npafc 2024 chum spreadsheet)
C30: ='Orig data'!B33 -> 1979 | D30: ='Orig data'!G33 -> 7996.3852 | E30: ='Orig data'!H33 -> 255634 | F30: ='Orig data'!J33 -> 0.78516136 | G30: =E30*EXP(F30) -> 560544.2 | H30: =C30 -> 1979 | I30: =-N$19*E30 -> 0.13713551 | J30: =-N$18*D30 -> 0.16363197 | K30: =I30+J30 -> 0.30076748 | L30: =F30-(N$17-J30-I30) -> -0.30763702 | R30: implies Q | S30: =S27/0.06/3 -> 48.866395 | T30: chum/ssl/yr coastwide
C31: ='Orig data'!B34 -> 1980 | D31: ='Orig data'!G34 -> 8180.9099 | E31: ='Orig data'!H34 -> 314011 | F31: ='Orig data'!J34 -> 0.79104844 | G31: =E31*EXP(F31) -> 692616.5 | H31: =C31 -> 1980 | I31: =-N$19*E31 -> 0.168452 | J31: =-N$18*D31 -> 0.16740795 | K31: =I31+J31 -> 0.33585995 | L31: =F31-(N$17-J31-I31) -> -0.26665748 | R31: wt | S31: 5 | T31: kg
C32: ='Orig data'!B35 -> 1981 | D32: ='Orig data'!G35 -> 8380.1021 | E32: ='Orig data'!H35 -> 436996 | F32: ='Orig data'!J35 -> 1.1961856 | G32: =E32*EXP(F32) -> 1445354.1 | H32: =C32 -> 1981 | I32: =-N$19*E32 -> 0.23442762 | J32: =-N$18*D32 -> 0.17148406 | K32: =I32+J32 -> 0.40591168 | L32: =F32-(N$17-J32-I32) -> 0.2085314 | R32: sslq/yr | S32: =365*17 -> 6205 | T32: kg
C33: ='Orig data'!B36 -> 1982 | D33: ='Orig data'!G36 -> 8595.1274 | E33: ='Orig data'!H36 -> 326439 | F33: ='Orig data'!J36 -> 1.5566966 | G33: =E33*EXP(F33) -> 1548341.6 | H33: =C33 -> 1982 | I33: =-N$19*E33 -> 0.17511903 | J33: =-N$18*D33 -> 0.17588418 | K33: =I33+J33 -> 0.35100321 | L33: =F33-(N$17-J33-I33) -> 0.51413395 | O33: Harrison chinook | R33: chumq/totq | S33: =S30*S31/S32 -> 0.039376627 | T33: of total ssl diet if distributed over 3 yrs
C34: ='Orig data'!B37 -> 1983 | D34: ='Orig data'!G37 -> 8827.2444 | E34: ='Orig data'!H37 -> 371770 | F34: ='Orig data'!J37 -> 0.84609105 | G34: =E34*EXP(F34) -> 866417.1 | H34: =C34 -> 1983 | I34: =-N$19*E34 -> 0.19943697 | J34: =-N$18*D34 -> 0.18063405 | K34: =I34+J34 -> 0.38007101 | L34: =F34-(N$17-J34-I34) -> -0.16740381 | O34: lnRS | P34: Harrison chin spawners
C35: ='Orig data'!B38 -> 1984 | D35: ='Orig data'!G38 -> 9077.8117 | E35: ='Orig data'!H38 -> 541478 | F35: ='Orig data'!J38 -> 0.47975629 | G35: =E35*EXP(F35) -> 874855.5 | H35: =C35 -> 1984 | I35: =-N$19*E35 -> 0.29047725 | J35: =-N$18*D35 -> 0.18576147 | K35: =I35+J35 -> 0.47623872 | L35: =F35-(N$17-J35-I35) -> -0.43757085 | O35: 0.51358297 | P35: 121616
C36: ='Orig data'!B39 -> 1985 | D36: ='Orig data'!G39 -> 9348.2958 | E36: ='Orig data'!H39 -> 1383808 | F36: ='Orig data'!J39 -> -0.20544103 | G36: =E36*EXP(F36) -> 1126818.4 | H36: =C36 -> 1985 | I36: =-N$19*E36 -> 0.74234733 | J36: =-N$18*D36 -> 0.19129645 | K36: =I36+J36 -> 0.93364378 | L36: =F36-(N$17-J36-I36) -> -0.66536312 | O36: -0.78412904 | P36: 174839
C37: ='Orig data'!B40 -> 1986 | D37: ='Orig data'!G40 -> 9640.2799 | E37: ='Orig data'!H40 -> 997327 | F37: ='Orig data'!J40 -> 0.36087271 | G37: =E37*EXP(F37) -> 1430746.2 | H37: =C37 -> 1986 | I37: =-N$19*E37 -> 0.53501861 | J37: =-N$18*D37 -> 0.19727139 | K37: =I37+J37 -> 0.73229 | L37: =F37-(N$17-J37-I37) -> -0.30040316 | O37: 1.4488043 | P37: 162774
C38: ='Orig data'!B41 -> 1987 | D38: ='Orig data'!G41 -> 9955.473 | E38: ='Orig data'!H41 -> 363671 | F38: ='Orig data'!J41 -> 1.4213204 | G38: =E38*EXP(F38) -> 1506538.7 | H38: =C38 -> 1987 | I38: =-N$19*E38 -> 0.19509224 | J38: =-N$18*D38 -> 0.20372126 | K38: =I38+J38 -> 0.3988135 | L38: =F38-(N$17-J38-I38) -> 0.42656807 | O38: 1.0208269 | P38: 79711
C39: ='Orig data'!B42 -> 1988 | D39: ='Orig data'!G42 -> 10295.72 | E39: ='Orig data'!H42 -> 528467 | F39: ='Orig data'!J42 -> 1.0547389 | G39: =E39*EXP(F39) -> 1517347.8 | H39: =C39 -> 1988 | I39: =-N$19*E39 -> 0.28349747 | J39: =-N$18*D39 -> 0.21068382 | K39: =I39+J39 -> 0.49418129 | L39: =F39-(N$17-J39-I39) -> 0.15535428 | O39: 2.5519973 | P39: 35262
C40: ='Orig data'!B43 -> 1989 | D40: ='Orig data'!G43 -> 10663.012 | E40: ='Orig data'!H43 -> 739647 | F40: ='Orig data'!J43 -> 0.76042506 | G40: =E40*EXP(F40) -> 1582242 | H40: =C40 -> 1989 | I40: =-N$19*E40 -> 0.39678552 | J40: =-N$18*D40 -> 0.2181998 | K40: =I40+J40 -> 0.61498532 | L40: =F40-(N$17-J40-I40) -> -0.018155483 | O40: 1.626574 | P40: 75782
C41: ='Orig data'!B44 -> 1990 | D41: ='Orig data'!G44 -> 11059.499 | E41: ='Orig data'!H44 -> 861972 | F41: ='Orig data'!J44 -> 0.84398491 | G41: =E41*EXP(F41) -> 2004615.8 | H41: =C41 -> 1990 | I41: =-N$19*E41 -> 0.46240708 | J41: =-N$18*D41 -> 0.22631321 | K41: =I41+J41 -> 0.68872029 | L41: =F41-(N$17-J41-I41) -> 0.13913933 | O41: 1.1739809 | P41: 178173
C42: ='Orig data'!B45 -> 1991 | D42: ='Orig data'!G45 -> 11487.501 | E42: ='Orig data'!H45 -> 1106348 | F42: ='Orig data'!J45 -> 0.55131032 | G42: =E42*EXP(F42) -> 1920095.3 | H42: =C42 -> 1991 | I42: =-N$19*E42 -> 0.59350321 | J42: =-N$18*D42 -> 0.23507153 | K42: =I42+J42 -> 0.82857474 | L42: =F42-(N$17-J42-I42) -> -0.013680814 | O42: -0.14584017 | P42: 91810
C43: ='Orig data'!B46 -> 1992 | D43: ='Orig data'!G46 -> 11949.524 | E43: ='Orig data'!H46 -> 1035859 | F43: ='Orig data'!J46 -> 0.31246929 | G43: =E43*EXP(F43) -> 1415807.9 | H43: =C43 -> 1992 | I43: =-N$19*E43 -> 0.5556892 | J43: =-N$18*D43 -> 0.24452602 | K43: =I43+J43 -> 0.80021522 | L43: =F43-(N$17-J43-I43) -> -0.28088135 | O43: -0.82836923 | P43: 131928
C44: ='Orig data'!B47 -> 1993 | D44: ='Orig data'!G47 -> 12448.272 | E44: ='Orig data'!H47 -> 985479 | F44: ='Orig data'!J47 -> 0.39440543 | G44: =E44*EXP(F44) -> 1461960 | H44: =C44 -> 1993 | I44: =-N$19*E44 -> 0.52866272 | J44: =-N$18*D44 -> 0.25473202 | K44: =I44+J44 -> 0.78339475 | L44: =F44-(N$17-J44-I44) -> -0.21576569 | O44: -0.33494284 | P44: 120086
C45: ='Orig data'!B48 -> 1994 | D45: ='Orig data'!G48 -> 12986.664 | E45: ='Orig data'!H48 -> 1666079 | F45: ='Orig data'!J48 -> 0.61782931 | G45: =E45*EXP(F45) -> 3090405.4 | H45: =C45 -> 1994 | I45: =-N$19*E45 -> 0.89377233 | J45: =-N$18*D45 -> 0.26574927 | K45: =I45+J45 -> 1.1595216 | L45: =F45-(N$17-J45-I45) -> 0.38378504 | O45: 1.3306301 | P45: 99315
C46: ='Orig data'!B49 -> 1995 | D46: ='Orig data'!G49 -> 13567.851 | E46: ='Orig data'!H49 -> 1628542 | F46: ='Orig data'!J49 -> 0.66074626 | G46: =E46*EXP(F46) -> 3153242.8 | H46: =C46 -> 1995 | I46: =-N$19*E46 -> 0.87363551 | J46: =-N$18*D46 -> 0.27764224 | K46: =I46+J46 -> 1.1512778 | L46: =F46-(N$17-J46-I46) -> 0.41845814 | O46: 1.0524858 | P46: 28757
... C64: ='Orig data'!B67 -> 2013 | D64: ='Orig data'!G67 -> 36946.589 | E64: ='Orig data'!H67 -> 1167839 | F64: ='Orig data'!J67 -> -0.37187559 | G64: =E64*EXP(F64) -> 805154.93 | H64: =C64 -> 2013 | I64: =-N$19*E64 -> 0.62649021 | J64: =-N$18*D64 -> 0.75604702 | K64: =I64+J64 -> 1.3825372 | L64: =F64-(N$17-J64-I64) -> -0.38290422 | O64: -0.024200765 | P64: 48682
C65: ='Orig data'!B68 -> 2014 | D65: ='Orig data'!G68 -> 39432.278 | E65: ='Orig data'!H68 -> 1165580 | F65: ='Orig data'!J68 -> -0.23558676 | G65: =E65*EXP(F65) -> 920933.05 | H65: =C65 -> 2014 | I65: =-N$19*E65 -> 0.62527837 | J65: =-N$18*D65 -> 0.80691229 | K65: =I65+J65 -> 1.4321907 | L65: =F65-(N$17-J65-I65) -> -0.19696196
C66: ='Orig data'!B69 -> 2015 | D66: ='Orig data'!G69 -> 39987.216 | E66: ='Orig data'!H69 -> 950865 | F66: ='Orig data'!J69 -> -0.89089961 | G66: =E66*EXP(F66) -> 390127.06 | H66: =C66 -> 2015 | I66: =-N$19*E66 -> 0.51009396 | J66: =-N$18*D66 -> 0.81826813 | K66: =I66+J66 -> 1.3283621 | L66: =F66-(N$17-J66-I66) -> -0.95610339
C67: ='Orig data'!B70 -> 2016 | D67: ='Orig data'!G70 -> 40556.313 | E67: ='Orig data'!H70 -> 1975386 | F67: ='Orig data'!J70 -> -1.0111781 | G67: =E67*EXP(F67) -> 718625.96 | H67: =C67 -> 2016 | I67: =-N$19*E67 -> 1.0597009 | J67: =-N$18*D67 -> 0.82991368 | K67: =I67+J67 -> 1.8896145 | L67: =F67-(N$17-J67-I67) -> -0.51512943
C68: ='Orig data'!B71 -> 2017 | D68: ='Orig data'!G71 -> 41139.928 | E68: ='Orig data'!H71 -> 659667 | F68: ='Orig data'!J71 -> -0.34901113 | G68: =E68*EXP(F68) -> 465319.39 | H68: =C68 -> 2017 | I68: =-N$19*E68 -> 0.35388005 | J68: =-N$18*D68 -> 0.84185634 | K68: =I68+J68 -> 1.1957364 | L68: =F68-(N$17-J68-I68) -> -0.54684062

Sheet regression ret yr ssl
C1: from orig | D1: SSL numbers | E1: Spawners (D) | F1: ln(R/S)(D) | H1: SUMMARY OUTPUT
C2: data tab | D2: =regression!D5 -> 18877.276 | E2: ='Orig data'!H5 -> 171725 | F2: ='Orig data'!J5 -> 1.2434687
D3: =regression!D6 -> 19634.011 | E3: ='Orig data'!H6 -> 176250 | F3: ='Orig data'!J6 -> 0.5949859 | H3: Regression Statistics
D4: =regression!D7 -> 20266.027 | E4: ='Orig data'!H7 -> 137625 | F4: ='Orig data'!J7 -> 0.86171672 | H4: Multiple R | I4: 0.73789171
D5: =regression!D8 -> 20594.875 | E5: ='Orig data'!H8 -> 86375 | F5: ='Orig data'!J8 -> 1.7429634 | H5: R Square | I5: 0.54448417
D6: =regression!D9 -> 20038.595 | E6: ='Orig data'!H9 -> 110500 | F6: ='Orig data'!J9 -> 1.688564 | H6: Adjusted R Square | I6: 0.5302493
D7: =regression!D10 -> 15904.252 | E7: ='Orig data'!H10 -> 32950 | F7: ='Orig data'!J10 -> 2.62592 | H7: Standard Error | I7: 0.48443231
D8: =regression!D11 -> 13108.046 | E8: ='Orig data'!H11 -> 84655 | F8: ='Orig data'!J11 -> 1.2460987 | H8: Observations | I8: 67
D9: =regression!D12 -> 12157.238 | E9: ='Orig data'!H12 -> 89400 | F9: ='Orig data'!J12 -> 1.0661176
D10: =regression!D13 -> 10463.341 | E10: ='Orig data'!H13 -> 152300 | F10: ='Orig data'!J13 -> 0.72943954 | H10: ANOVA
D11: =regression!D14 -> 9070.6091 | E11: ='Orig data'!H14 -> 144782 | F11: ='Orig data'!J14 -> 0.85942367 | I11: df | J11: SS | K11: MS | L11: F | M11: Significance F
D12: =regression!D15 -> 7710.0916 | E12: ='Orig data'!H15 -> 103920 | F12: ='Orig data'!J15 -> 0.9004848 | H12: Regression | I12: 2 | J12: 17.952625 | K12: 8.9763125 | L12: 38.250028 | M12: 1.1806229e-11
D13: =regression!D16 -> 7002.9849 | E13: ='Orig data'!H16 -> 130357 | F13: ='Orig data'!J16 -> 0.94474076 | H13: Residual | I13: 64 | J13: 15.019179 | K13: 0.23467466
D14: =regression!D17 -> 6693.7966 | E14: ='Orig data'!H17 -> 192245 | F14: ='Orig data'!J17 -> 0.81670232 | H14: Total | I14: 66 | J14: 32.971804
D15: =regression!D18 -> 6634.8212 | E15: ='Orig data'!H18 -> 246741 | F15: ='Orig data'!J18 -> 1.2330124
D16: =regression!D19 -> 6677.8906 | E16: ='Orig data'!H19 -> 129459 | F16: ='Orig data'!J19 -> 1.7791335 | I16: Coefficients | J16: Standard Error | K16: t Stat | L16: P-value | M16: Lower 95% | N16: Upper 95% | O16: Lower 95.0% | P16: Upper 95.0%
D17: =regression!D20 -> 6755.3387 | E17: ='Orig data'!H20 -> 360810 | F17: ='Orig data'!J20 -> 0.59597422 | H17: Intercept | I17: 1.3563926 | J17: 0.11234441 | K17: 12.073521 | L17: 3.7611767e-18 | M17: 1.1319588 | N17: 1.5808263 | O17: 1.1319588 | P17: 1.5808263
D18: =regression!D21 -> 6841.2164 | E18: ='Orig data'!H21 -> 213873 | F18: ='Orig data'!J21 -> 1.0021303 | H18: SSL numbers | I18: -1.8132209e-05 | J18: 5.8733697e-06 | K18: -3.0871902 | L18: 0.0029857131 | M18: -2.9865614e-05 | N18: -6.3988047e-06 | O18: -2.9865614e-05 | P18: -6.3988047e-06
D19: =regression!D22 -> 6933.9203 | E19: ='Orig data'!H22 -> 670328 | F19: ='Orig data'!J22 -> 0.47090986 | H19: Spawners (D) | I19: -5.1187446e-07 | J19: 8.2400283e-08 | K19: -6.2120473 | L19: 4.3814105e-08 | M19: -6.7648794e-07 | N19: -3.4726097e-07 | O19: -6.7648794e-07 | P19: -3.4726097e-07
D20: =regression!D23 -> 7033.993 | E20: ='Orig data'!H23 -> 309220 | F20: ='Orig data'!J23 -> 1.4964431 | K20: bounds for max ssl effect
D21: =regression!D24 -> 7142.0201 | E21: ='Orig data'!H24 -> 284250 | F21: ='Orig data'!J24 -> 1.1868565 | I21: max predn | J21: =-I18*D68 -> 0.77968501 | K21: =-M18*D68 -> 1.2842214 | L21: =-N18*D68 -> 0.2751486
D22: =regression!D25 -> 7258.634 | E22: ='Orig data'!H25 -> 290125 | F22: ='Orig data'!J25 -> 0.73895438 | I22: density effect | J22: =-I19*J24 -> 1.3563926 | K22: =-M19*K24 -> 1.1319588 | L22: =-N19*L24 -> 1.5808263
D23: =regression!D26 -> 7384.5171 | E23: ='Orig data'!H26 -> 423290 | F23: ='Orig data'!J26 -> 0.66166929
D24: =regression!D27 -> 7520.4064 | E24: ='Orig data'!H27 -> 267080 | F24: ='Orig data'!J27 -> 1.1613995 | I24: unfished So | J24: =-I17/I19 -> 2649854 | K24: =-M17/M19 -> 1673287.5 | L24: =-N17/N19 -> 4552271.9
D25: =regression!D28 -> 7667.097 | E25: ='Orig data'!H28 -> 350315 | F25: ='Orig data'!J28 -> 1.0068162
D26: =regression!D29 -> 7825.4477 | E26: ='Orig data'!H29 -> 191420 | F26: ='Orig data'!J29 -> 1.1940102
D27: =regression!D30 -> 7996.3852 | E27: ='Orig data'!H30 -> 340517 | F27: ='Orig data'!J30 -> 0.70369944
D28: =regression!D31 -> 8180.9099 | E28: ='Orig data'!H31 -> 599341 | F28: ='Orig data'!J31 -> 0.073992458
D29: =regression!D32 -> 8380.1021 | E29: ='Orig data'!H32 -> 358990 | F29: ='Orig data'!J32 -> 0.56480024
D30: =regression!D33 -> 8595.1274 | E30: ='Orig data'!H33 -> 255634 | F30: ='Orig data'!J33 -> 0.78516136
D31: =regression!D34 -> 8827.2444 | E31: ='Orig data'!H34 -> 314011 | F31: ='Orig data'!J34 -> 0.79104844
D32: =regression!D35 -> 9077.8117 | E32: ='Orig data'!H35 -> 436996 | F32: ='Orig data'!J35 -> 1.1961856
D33: =regression!D36 -> 9348.2958 | E33: ='Orig data'!H36 -> 326439 | F33: ='Orig data'!J36 -> 1.5566966
D34: =regression!D37 -> 9640.2799 | E34: ='Orig data'!H37 -> 371770 | F34: ='Orig data'!J37 -> 0.84609105
D35: =regression!D38 -> 9955.473 | E35: ='Orig data'!H38 -> 541478 | F35: ='Orig data'!J38 -> 0.47975629
D36: =regression!D39 -> 10295.72 | E36: ='Orig data'!H39 -> 1383808 | F36: ='Orig data'!J39 -> -0.20544103
... D65: =regression!D68 -> 41139.928 | E65: ='Orig data'!H68 -> 1165580 | F65: ='Orig data'!J68 -> -0.23558676
D66: 42000 | E66: ='Orig data'!H69 -> 950865 | F66: ='Orig data'!J69 -> -0.89089961
D67: 42500 | E67: ='Orig data'!H70 -> 1975386 | F67: ='Orig data'!J70 -> -1.0111781
D68: 43000 | E68: ='Orig data'!H71 -> 659667 | F68: ='Orig data'!J71 -> -0.34901113
