Workbook
Name alphaV: 'Retrospective Run1'!$AH$9
Name ar: 'lag 1 autocorr model'!$G$2
Name br: 'lag 1 autocorr model'!$G$3
Name byrate: 'Retrospective Run1'!$AI$11
Name chilcotSSLz: covariates!$V$85
Name deltaPred: 'Retrospective Run1'!$AY$10
Name Fnbycatch: 'Retrospective Run1'!$AJ$7
Name ndata: 'Retrospective Run1'!$AY$1
Name ndatachum: 'Retrospective Run1'!$C$105
Name ndatatot: 'Retrospective Run1'!$AZ$109
Name negLL: 'lag 1 autocorr model'!$G$6
Name rho: 'lag 1 autocorr model'!$G$5
Name rundays: 'Retrospective Run1'!$FQ$8
Name sdtot: 'Retrospective Run1'!$AZ$111
Name sige: 'lag 1 autocorr model'!$G$6
Name sigev: 'lag 1 autocorr model'!$G$9
Name sigmaCH: 'Retrospective Run1'!$AY$7
Name sigmaTH: 'Retrospective Run1'!$AY$6
Name sigr: 'lag 1 autocorr model'!$G$4
Name SSLavg: covariates!$V$3
Name SSLavgCH: covariates!$AD$3
Name sslavgTH: covariates!$AC$3
Name SSLcontrol: 'Retrospective Run1'!$AI$10
Name SSLsd: covariates!$V$4
Name SSLsdCH: covariates!$AD$4
Name SSLsdTH: covariates!$AC$4
Name SSLz: 'Retrospective Run1'!$FD$9
Name sumsqchum: 'Retrospective Run1'!$C$104
Name thompSSLz: covariates!$V$84
Name Uapply: 'Retrospective Run1'!$AJ$9
Name Uhistoric: 'Retrospective Run1'!$AJ$8

Sheet Orig data
S1: Age 3 | T1: Age 4 | U1: Age 5 | V1: Age 6
G2: Best S-R data | S2: 0.10741517 | T2: 0.75930234 | U2: 0.13183604 | V2: 0.0014464538
A3: Cass, Grant, Digitized, Haley's S/R | G3: Using age prop. by yr from 1996-2017 | J3: Haley's Best S/R | P3: BEST | Q3: BEST | S3: recruits produced at age from Brood Year | AM3: Johnstone | AN3: Georgia. | AO3: West | AQ3: U.S. | AR3: All Fraser | AS3: Total | AT3: Harvest | AU3: Gross (d) | AV3: Total | AX3: Johnstone | AY3: West Coast | BD3: Johnstone | BE3: West Coast
A4: Source | B4: Brood year | C4: Spawners (D) | D4: Haley's Recruits with some infill from mkm | E4: ln(R/S)(H) | F4: Source | G4: Spawners (D) | H4: Recruits | I4: ln(R/S)(D) | J4: broodyear | K4: spawners | L4: recruits | N4: Source | O4: Year | P4: Gross Escapement | Q4: total Stock, hr from Grant then Brittany | R4: tot stock digitized from DFO 2023 | S4: Age 3 | T4: Age 4 | U4: Age 5 | V4: Age 6 | W4: Recruits | AB4: Improved recruits starting 1990 | AK4: Source | AL4: Year | AM4: Strait (a) | AN4: Strait | AO4: Coast (b) | AP4: 7&7A | AQ4: 4B,5,6C | AR4: Harvest (c) | AS4: Harvest | AT4: Rate | AU4: Escapement | AV4: Stock | AW4: HR | AX4: St. HR | AY4: HR | AZ4: Fraser R HR | BA4: hr | BB4: catch | BD4: St. HR | BE4: HR | BF4: Fraser R HR
A5: =N5 -> Cass | B5: =J5 -> 1951 | C5: =K5 -> 171725 | D5: =L5 -> 498986 | E5: =LN(D5/C5) -> 1.0666837 | F5: =A5 -> Cass | G5: =P5 -> 171725 | H5: =W5 -> 457007.21 | I5: =LN(H5/G5) -> 0.97880481 | J5: 1951 | K5: 171725 | L5: 498986 | N5: =AK5 -> Cass | O5: =AL5 -> 1951 | P5: =AU5 -> 171725 | Q5: =AV5 -> 1187739 | S5: =$Q8*S$2 -> 117782.55 | T5: =$Q9*T$2 -> 301518.2 | U5: =$Q10*U$2 -> 37260.425 | V5: =$Q11*V$2 -> 446.03283 | W5: =SUM(S5:V5) -> 457007.21 | AB5: =W5 -> 457007.21 | AK5: Cass | AL5: 1951 | AM5: 523874 | AN5: N/A | AO5: 302 | AP5: 0 | AQ5: 23 | AR5: 491815 | AS5: 1016014 | AT5: 0.86 | AU5: 171725 | AV5: 1187739 | AW5: =AS5/AV5 -> 0.85541857 | AX5: =AM5/AV5 -> 0.44106828 | AY5: =AO5/(AV5-AM5) -> 0.00045491177 | AZ5: =AR5/(AV5-AM5-AO5-AQ5) -> 0.74119872 | BA5: =AS5/AV5 -> 0.85541857 | BB5: =AU5*BA5/(1-BA5) -> 1016014 | BD5: =AX5/(SUM($AX5:$AZ5)) -> 0.37292645 | BE5: =AY5/(SUM($AX5:$AZ5)) -> 0.00038463121 | BF5: =AZ5/(SUM($AX5:$AZ5)) -> 0.62668892 | CC5: Grant vs. Cass
A6: =N6 -> Cass | B6: =J6 -> 1952 | C6: =K6 -> 176250 | D6: =L6 -> 283055 | E6: =LN(D6/C6) -> 0.47373778 | F6: =A6 -> Cass | G6: =P6 -> 176250 | H6: =W6 -> 298716.92 | I6: =LN(H6/G6) -> 0.52759293 | J6: 1952 | K6: 176250 | L6: 283055 | N6: =AK6 -> Cass | O6: =AL6 -> 1952 | P6: =AU6 -> 176250 | Q6: =AV6 -> 927000 | S6: =$Q9*S$2 -> 42654.455 | T6: =$Q10*T$2 -> 214599.34 | U6: =$Q11*U$2 -> 40653.358 | V6: =$Q12*V$2 -> 809.76678 | W6: =SUM(S6:V6) -> 298716.92 | AB6: =W6 -> 298716.92 | AK6: Cass | AL6: 1952 | AM6: 191249 | AN6: N/A | AO6: 108 | AP6: 0 | AQ6: 0 | AR6: 559393 | AS6: 750750 | AT6: 0.81 | AU6: 176250 | AV6: 927000 | AW6: =AS6/AV6 -> 0.80987055 | AX6: =AM6/AV6 -> 0.2063096 | AY6: =AO6/(AV6-AM6) -> 0.00014678879 | AZ6: =AR6/(AV6-AM6-AO6-AQ6) -> 0.76041368 | BA6: =AS6/AV6 -> 0.80987055 | BB6: =AU6*BA6/(1-BA6) -> 750750 | BD6: =AX6/(SUM($AX6:$AZ6)) -> 0.21337883 | BE6: =AY6/(SUM($AX6:$AZ6)) -> 0.00015181853 | BF6: =AZ6/(SUM($AX6:$AZ6)) -> 0.78646935 | BP6: Source | BQ6: Year | BR6: Total Returns | BS6: Areas 11 to 13 | BT6: Area 14 | BU6: Areas 20 & 21 | BV6: Areas 7 & 7a | BW6: Areas 4b, 5, 6c | BX6: Fraser | BY6: Gross Escapement | BZ6: Gross Esc+catch | CB6: Total exploitation rate | CC6: Year | CD6: %dif tot returns | CE6: %dif gross escape
A7: =N7 -> Grant | B7: =J7 -> 1953 | C7: =K7 -> 137225 | D7: =L7 -> 312122 | E7: =LN(D7/C7) -> 0.82177222 | F7: =A7 -> Grant | G7: =P7 -> 137625 | H7: =W7 -> 339247.35 | I7: =LN(H7/G7) -> 0.9021969 | J7: 1953 | K7: 137225 | L7: 312122 | N7: =BP7 -> Grant | O7: =BQ7 -> 1953 | P7: =BY7 -> 137625 | Q7: =BR7 -> 918122 | S7: =$Q10*S$2 -> 30358.426 | T7: =$Q11*T$2 -> 234140.75 | U7: =$Q12*U$2 -> 73805.64 | V7: =$Q13*V$2 -> 942.54112 | W7: =SUM(S7:V7) -> 339247.35 | AB7: =W7 -> 339247.35 | AK7: Cass | AL7: 1953 | AM7: 465021 | AN7: N/A | AO7: 404 | AP7: 0 | AQ7: 0 | AR7: 331804 | AS7: 797229 | AT7: 0.85 | AU7: 137225 | AV7: 934454 | AW7: =AS7/AV7 -> 0.85314954 | AX7: =AM7/AV7 -> 0.49763926 | AY7: =AO7/(AV7-AM7) -> 0.0008606127 | AZ7: =AR7/(AV7-AM7-AO7-AQ7) -> 0.70742747 | BA7: =AS7/AV7 -> 0.85314954 | BB7: =AU7*BA7/(1-BA7) -> 797229 | BD7: =AX7/(SUM($AX7:$AZ7)) -> 0.41266106 | BE7: =AY7/(SUM($AX7:$AZ7)) -> 0.00071365219 | BF7: =AZ7/(SUM($AX7:$AZ7)) -> 0.58662528 | BP7: Grant | BQ7: 1953 | BR7: 918122 | BS7: 434551 | BT7: 10184 | BU7: 3947 | BV7: 0 | BW7: 0 | BX7: 331815 | BY7: 137625 | BZ7: =SUM(BS7:BY7) -> 918122 | CB7: 0.85 | CC7: =BQ7 -> 1953 | CD7: =(BR7-AV7)/AV7 -> -0.017477586 | CE7: =(BY7-AU7)/AU7 -> 0.0029149208
A8: =N8 -> Grant | B8: =J8 -> 1954 | C8: =K8 -> 86375 | D8: =L8 -> 504589 | E8: =LN(D8/C8) -> 1.765046 | F8: =A8 -> Grant | G8: =P8 -> 86375 | H8: =W8 -> 544674.75 | I8: =LN(H8/G8) -> 1.8414905 | J8: 1954 | K8: 86375 | L8: 504589 | N8: =BP8 -> Grant | O8: =BQ8 -> 1954 | P8: =BY8 -> 86375 | Q8: =BR8 -> 1096517 | S8: =$Q11*S$2 -> 33122.863 | T8: =$Q12*T$2 -> 425079.47 | U8: =$Q13*U$2 -> 85907.266 | V8: =$Q14*V$2 -> 565.14975 | W8: =SUM(S8:V8) -> 544674.75 | AB8: =W8 -> 544674.75 | AK8: Cass | AL8: 1954 | AM8: 590473 | AN8: N/A | AO8: 253 | AP8: 0 | AQ8: 0 | AR8: 457750 | AS8: 1048476 | AT8: 0.92 | AU8: 86375 | AV8: 1134851 | AW8: =AS8/AV8 -> 0.92388869 | AX8: =AM8/AV8 -> 0.52030883 | AY8: =AO8/(AV8-AM8) -> 0.0004647506 | AZ8: =AR8/(AV8-AM8-AO8-AQ8) -> 0.8412589 | BA8: =AS8/AV8 -> 0.92388869 | BB8: =AU8*BA8/(1-BA8) -> 1048476 | BD8: =AX8/(SUM($AX8:$AZ8)) -> 0.38200912 | BE8: =AY8/(SUM($AX8:$AZ8)) -> 0.00034121844 | BF8: =AZ8/(SUM($AX8:$AZ8)) -> 0.61764966 | BP8: Grant | BQ8: 1954 | BR8: 1096517 | BS8: 542719 | BT8: 8768 | BU8: 1248 | BV8: 0 | BW8: 0 | BX8: 457407 | BY8: 86375 | BZ8: =SUM(BS8:BY8) -> 1096517 | CB8: 0.921 | CC8: =BQ8 -> 1954 | CD8: =(BR8-AV8)/AV8 -> -0.033778884 | CE8: =(BY8-AU8)/AU8 -> 0
A9: =N9 -> Grant | B9: =J9 -> 1955 | C9: =K9 -> 110500 | D9: =L9 -> 592568 | E9: =LN(D9/C9) -> 1.6794501 | F9: =A9 -> Grant | G9: =P9 -> 110500 | H9: =W9 -> 606789.3 | I9: =LN(H9/G9) -> 1.7031661 | J9: 1955 | K9: 110500 | L9: 592568 | N9: =BP9 -> Grant | O9: =BQ9 -> 1955 | P9: =BY9 -> 110500 | Q9: =BR9 -> 397099 | S9: =$Q12*S$2 -> 60134.125 | T9: =$Q13*T$2 -> 494778.11 | U9: =$Q14*U$2 -> 51510.188 | V9: =$Q15*V$2 -> 366.88433 | W9: =SUM(S9:V9) -> 606789.3 | AB9: =W9 -> 606789.3 | AK9: Cass | AL9: 1955 | AM9: 143565 | AN9: N/A | AO9: 759 | AP9: 0 | AQ9: 9 | AR9: 103297 | AS9: 247630 | AT9: 0.69 | AU9: 110500 | AV9: 358130 | AW9: =AS9/AV9 -> 0.69145282 | AX9: =AM9/AV9 -> 0.40087398 | AY9: =AO9/(AV9-AM9) -> 0.0035373896 | AZ9: =AR9/(AV9-AM9-AO9-AQ9) -> 0.48315458 | BA9: =AS9/AV9 -> 0.69145282 | BB9: =AU9*BA9/(1-BA9) -> 247630 | BD9: =AX9/(SUM($AX9:$AZ9)) -> 0.45165543 | BE9: =AY9/(SUM($AX9:$AZ9)) -> 0.0039854949 | BF9: =AZ9/(SUM($AX9:$AZ9)) -> 0.54435907 | BP9: Grant | BQ9: 1955 | BR9: 397099 | BS9: 174665 | BT9: 634 | BU9: 8217 | BV9: 0 | BW9: 0 | BX9: 103084 | BY9: 110500 | BZ9: =SUM(BS9:BY9) -> 397100 | CB9: 0.722 | CC9: =BQ9 -> 1955 | CD9: =(BR9-AV9)/AV9 -> 0.10881244 | CE9: =(BY9-AU9)/AU9 -> 0
A10: =N10 -> Grant | B10: =J10 -> 1956 | C10: =K10 -> 32925 | D10: =L10 -> 518932 | E10: =LN(D10/C10) -> 2.7575406 | F10: =A10 -> Grant | G10: =P10 -> 32950 | H10: =W10 -> 400464.07 | I10: =LN(H10/G10) -> 2.4976328 | J10: 1956 | K10: 32925 | L10: 518932 | N10: =BP10 -> Grant | O10: =BQ10 -> 1956 | P10: =BY10 -> 32950 | Q10: =BR10 -> 282627 | S10: =$Q13*S$2 -> 69994.085 | T10: =$Q14*T$2 -> 296670.05 | U10: =$Q15*U$2 -> 33439.421 | V10: =$Q16*V$2 -> 360.5127 | W10: =SUM(S10:V10) -> 400464.07 | AB10: =W10 -> 400464.07 | AK10: Cass | AL10: 1956 | AM10: 155668 | AN10: N/A | AO10: 61 | AP10: 0 | AQ10: 0 | AR10: 72958 | AS10: 228687 | AT10: 0.87 | AU10: 32925 | AV10: 261612 | AW10: =AS10/AV10 -> 0.87414568 | AX10: =AM10/AV10 -> 0.59503387 | AY10: =AO10/(AV10-AM10) -> 0.00057577588 | AZ10: =AR10/(AV10-AM10-AO10-AQ10) -> 0.68904357 | BA10: =AS10/AV10 -> 0.87414568 | BB10: =AU10*BA10/(1-BA10) -> 228687 | BD10: =AX10/(SUM($AX10:$AZ10)) -> 0.46318638 | BE10: =AY10/(SUM($AX10:$AZ10)) -> 0.00044819557 | BF10: =AZ10/(SUM($AX10:$AZ10)) -> 0.53636543 | BP10: Grant | BQ10: 1956 | BR10: 282627 | BS10: 175589 | BT10: 685 | BU10: 591 | BV10: 0 | BW10: 0 | BX10: 72812 | BY10: 32950 | BZ10: =SUM(BS10:BY10) -> 282627 | CB10: 0.883 | CC10: =BQ10 -> 1956 | CD10: =(BR10-AV10)/AV10 -> 0.080328884 | CE10: =(BY10-AU10)/AU10 -> 0.00075930144
A11: =N11 -> Grant | B11: =J11 -> 1957 | C11: =K11 -> 84630 | D11: =L11 -> 353281 | E11: =LN(D11/C11) -> 1.428975 | F11: =A11 -> Grant | G11: =P11 -> 84655 | H11: =W11 -> 267911.4 | I11: =LN(H11/G11) -> 1.1520722 | J11: 1957 | K11: 84630 | L11: 353281 | N11: =BP11 -> Grant | O11: =BQ11 -> 1957 | P11: =BY11 -> 84655 | Q11: =BR11 -> 308363 | S11: =$Q14*S$2 -> 41968.609 | T11: =$Q15*T$2 -> 192592.48 | U11: =$Q16*U$2 -> 32858.683 | V11: =$Q17*V$2 -> 491.6265 | W11: =SUM(S11:V11) -> 267911.4 | AB11: =W11 -> 267911.4 | AK11: Cass | AL11: 1957 | AM11: 92528 | AN11: N/A | AO11: 123 | AP11: 0 | AQ11: 48 | AR11: 124319 | AS11: 217018 | AT11: 0.72 | AU11: 84630 | AV11: 301648 | AW11: =AS11/AV11 -> 0.7194412 | AX11: =AM11/AV11 -> 0.30674163 | AY11: =AO11/(AV11-AM11) -> 0.00058817904 | AZ11: =AR11/(AV11-AM11-AO11-AQ11) -> 0.59497294 | BA11: =AS11/AV11 -> 0.7194412 | BB11: =AU11*BA11/(1-BA11) -> 217018 | BD11: =AX11/(SUM($AX11:$AZ11)) -> 0.33995423 | BE11: =AY11/(SUM($AX11:$AZ11)) -> 0.0006518644 | BF11: =AZ11/(SUM($AX11:$AZ11)) -> 0.65939391 | BP11: Grant | BQ11: 1957 | BR11: 308363 | BS11: 97399 | BT11: 600 | BU11: 1444 | BV11: 0 | BW11: 0 | BX11: 124265 | BY11: 84655 | BZ11: =SUM(BS11:BY11) -> 308363 | CB11: 0.725 | CC11: =BQ11 -> 1957 | CD11: =(BR11-AV11)/AV11 -> 0.022261046 | CE11: =(BY11-AU11)/AU11 -> 0.00029540352
A12: =N12 -> Grant | B12: =J12 -> 1958 | C12: =K12 -> 89375 | D12: =L12 -> 302174 | E12: =LN(D12/C12) -> 1.218162 | F12: =A12 -> Grant | G12: =P12 -> 89400 | H12: =W12 -> 261839.37 | I12: =LN(H12/G12) -> 1.0746105 | J12: 1958 | K12: 89375 | L12: 302174 | N12: =BP12 -> Grant | O12: =BQ12 -> 1958 | P12: =BY12 -> 89400 | Q12: =BR12 -> 559829 | S12: =$Q15*S$2 -> 27245.212 | T12: =$Q16*T$2 -> 189247.76 | U12: =$Q17*U$2 -> 44808.962 | V12: =$Q18*V$2 -> 537.43859 | W12: =SUM(S12:V12) -> 261839.37 | AB12: =W12 -> 261839.37 | AK12: Cass | AL12: 1958 | AM12: 252287 | AN12: N/A | AO12: 1178 | AP12: 0 | AQ12: 690 | AR12: 202075 | AS12: 456230 | AT12: 0.84 | AU12: 89375 | AV12: 545605 | AW12: =AS12/AV12 -> 0.83619102 | AX12: =AM12/AV12 -> 0.46239862 | AY12: =AO12/(AV12-AM12) -> 0.004016119 | AZ12: =AR12/(AV12-AM12-AO12-AQ12) -> 0.69334363 | BA12: =AS12/AV12 -> 0.83619102 | BB12: =AU12*BA12/(1-BA12) -> 456230 | BD12: =AX12/(SUM($AX12:$AZ12)) -> 0.39870255 | BE12: =AY12/(SUM($AX12:$AZ12)) -> 0.0034628929 | BF12: =AZ12/(SUM($AX12:$AZ12)) -> 0.59783455 | BP12: Grant | BQ12: 1958 | BR12: 559829 | BS12: 247648 | BT12: 8879 | BU12: 11935 | BV12: 0 | BW12: 0 | BX12: 201968 | BY12: 89400 | BZ12: =SUM(BS12:BY12) -> 559830 | CB12: 0.84 | CC12: =BQ12 -> 1958 | CD12: =(BR12-AV12)/AV12 -> 0.026070142 | CE12: =(BY12-AU12)/AU12 -> 0.00027972028
A13: =N13 -> Grant | B13: =J13 -> 1959 | C13: =K13 -> 152300 | D13: =L13 -> 361837 | E13: =LN(D13/C13) -> 0.86534157 | F13: =A13 -> Grant | G13: =P13 -> 152300 | H13: =W13 -> 334077.82 | I13: =LN(H13/G13) -> 0.78552169 | J13: 1959 | K13: 152300 | L13: 361837 | N13: =BP13 -> Grant | O13: =BQ13 -> 1959 | P13: =BY13 -> 152300 | Q13: =BR13 -> 651622 | S13: =$Q16*S$2 -> 26772.048 | T13: =$Q17*T$2 -> 258074.72 | U13: =$Q18*U$2 -> 48984.473 | V13: =$Q19*V$2 -> 246.57987 | W13: =SUM(S13:V13) -> 334077.82 | AB13: =W13 -> 334077.82 | AK13: Cass | AL13: 1959 | AM13: 218898 | AN13: N/A | AO13: 1448 | AP13: 0 | AQ13: 996 | AR13: 237091 | AS13: 458433 | AT13: 0.75 | AU13: 152300 | AV13: 610733 | AW13: =AS13/AV13 -> 0.75062752 | AX13: =AM13/AV13 -> 0.35841849 | AY13: =AO13/(AV13-AM13) -> 0.003695433 | AZ13: =AR13/(AV13-AM13-AO13-AQ13) -> 0.60887642 | BA13: =AS13/AV13 -> 0.75062752 | BB13: =AU13*BA13/(1-BA13) -> 458433 | BD13: =AX13/(SUM($AX13:$AZ13)) -> 0.36912673 | BE13: =AY13/(SUM($AX13:$AZ13)) -> 0.0038058391 | BF13: =AZ13/(SUM($AX13:$AZ13)) -> 0.62706743 | BP13: Grant | BQ13: 1959 | BR13: 651622 | BS13: 241353 | BT13: 5430 | BU13: 15632 | BV13: 0 | BW13: 0 | BX13: 236907 | BY13: 152300 | BZ13: =SUM(BS13:BY13) -> 651622 | CB13: 0.766 | CC13: =BQ13 -> 1959 | CD13: =(BR13-AV13)/AV13 -> 0.066950697 | CE13: =(BY13-AU13)/AU13 -> 0
A14: =N14 -> Grant | B14: =J14 -> 1960 | C14: =K14 -> 263700 | D14: =L14 -> 416907 | E14: =LN(D14/C14) -> 0.45805108 | F14: =A14 -> Grant | G14: =P14 -> 144782 | H14: =W14 -> 341713.55 | I14: =LN(H14/G14) -> 0.85874365 | J14: 1960 | K14: 263700 | L14: 416907 | N14: =BP14 -> Grant | O14: =BQ14 -> 1960 | P14: =BY14 -> 144782 | Q14: =BR14 -> 390714 | S14: =$Q17*S$2 -> 36508.696 | T14: =$Q18*T$2 -> 282123.34 | U14: =$Q19*U$2 -> 22474.354 | V14: =$Q20*V$2 -> 607.162 | W14: =SUM(S14:V14) -> 341713.55 | AB14: =W14 -> 341713.55 | AK14: Cass | AL14: 1960 | AM14: 146889 | AN14: N/A | AO14: 4618 | AP14: 21523 | AQ14: 185 | AR14: 77262 | AS14: 250476 | AT14: 0.49 | AU14: 263700 | AV14: 514176 | AW14: =AS14/AV14 -> 0.48714059 | AX14: =AM14/AV14 -> 0.28567844 | AY14: =AO14/(AV14-AM14) -> 0.012573274 | AZ14: =AR14/(AV14-AM14-AO14-AQ14) -> 0.21314596 | BA14: =AS14/AV14 -> 0.48714059 | BB14: =AU14*BA14/(1-BA14) -> 250476 | BD14: =AX14/(SUM($AX14:$AZ14)) -> 0.55862288 | BE14: =AY14/(SUM($AX14:$AZ14)) -> 0.024586099 | BF14: =AZ14/(SUM($AX14:$AZ14)) -> 0.41679102 | BP14: Grant | BQ14: 1960 | BR14: 390714 | BS14: 141635 | BT14: 1189 | BU14: 4310 | BV14: 21523 | BW14: 185 | BX14: 77090 | BY14: 144782 | BZ14: =SUM(BS14:BY14) -> 390714 | CB14: 0.629 | CC14: =BQ14 -> 1960 | CD14: =(BR14-AV14)/AV14 -> -0.24011622 | CE14: =(BY14-AU14)/AU14 -> -0.45095942
A15: =N15 -> Grant | B15: =J15 -> 1961 | C15: =K15 -> 172700 | D15: =L15 -> 288161 | E15: =LN(D15/C15) -> 0.51196337 | F15: =A15 -> Grant | G15: =P15 -> 103920 | H15: =W15 -> 225157.11 | I15: =LN(H15/G15) -> 0.77317706 | J15: 1961 | K15: 172700 | L15: 288161 | N15: =BP15 -> Grant | O15: =BQ15 -> 1961 | P15: =BY15 -> 103920 | Q15: =BR15 -> 253644 | S15: =$Q18*S$2 -> 39910.749 | T15: =$Q19*T$2 -> 129439.79 | U15: =$Q20*U$2 -> 55339.365 | V15: =$Q21*V$2 -> 467.20892 | W15: =SUM(S15:V15) -> 225157.11 | AB15: =W15 -> 225157.11 | AK15: Cass | AL15: 1961 | AM15: 65963 | AN15: N/A | AO15: 5894 | AP15: 15803 | AQ15: 20 | AR15: 57545 | AS15: 145224 | AT15: 0.46 | AU15: 172700 | AV15: 317924 | AW15: =AS15/AV15 -> 0.45678841 | AX15: =AM15/AV15 -> 0.2074804 | AY15: =AO15/(AV15-AM15) -> 0.023392509 | AZ15: =AR15/(AV15-AM15-AO15-AQ15) -> 0.23387808 | BA15: =AS15/AV15 -> 0.45678841 | BB15: =AU15*BA15/(1-BA15) -> 145224 | BD15: =AX15/(SUM($AX15:$AZ15)) -> 0.44643348 | BE15: =AY15/(SUM($AX15:$AZ15)) -> 0.050333425 | BF15: =AZ15/(SUM($AX15:$AZ15)) -> 0.50323309 | BP15: Grant | BQ15: 1961 | BR15: 253644 | BS15: 69640 | BT15: 1131 | BU15: 5676 | BV15: 15803 | BW15: 20 | BX15: 57454 | BY15: 103920 | BZ15: =SUM(BS15:BY15) -> 253644 | CB15: 0.59 | CC15: =BQ15 -> 1961 | CD15: =(BR15-AV15)/AV15 -> -0.20218669 | CE15: =(BY15-AU15)/AU15 -> -0.39826288
A16: =N16 -> Grant | B16: =J16 -> 1962 | C16: =K16 -> 180200 | D16: =L16 -> 423280 | E16: =LN(D16/C16) -> 0.85396655 | F16: =A16 -> Grant | G16: =P16 -> 130357 | H16: =W16 -> 381286.84 | I16: =LN(H16/G16) -> 1.0732751 | J16: 1962 | K16: 180200 | L16: 423280 | N16: =BP16 -> Grant | O16: =BQ16 -> 1962 | P16: =BY16 -> 130357 | Q16: =BR16 -> 249239 | S16: =$Q19*S$2 -> 18311.278 | T16: =$Q20*T$2 -> 318723.99 | U16: =$Q21*U$2 -> 42583.437 | V16: =$Q22*V$2 -> 1668.133 | W16: =SUM(S16:V16) -> 381286.84 | AB16: =W16 -> 381286.84 | AK16: Cass | AL16: 1962 | AM16: 36568 | AN16: N/A | AO16: 8034 | AP16: 8741 | AQ16: 33 | AR16: 58870 | AS16: 112245 | AT16: 0.38 | AU16: 180200 | AV16: 292445 | AW16: =AS16/AV16 -> 0.38381576 | AX16: =AM16/AV16 -> 0.12504232 | AY16: =AO16/(AV16-AM16) -> 0.031397898 | AZ16: =AR16/(AV16-AM16-AO16-AQ16) -> 0.23756103 | BA16: =AS16/AV16 -> 0.38381576 | BB16: =AU16*BA16/(1-BA16) -> 112245 | BD16: =AX16/(SUM($AX16:$AZ16)) -> 0.31736528 | BE16: =AY16/(SUM($AX16:$AZ16)) -> 0.079689844 | BF16: =AZ16/(SUM($AX16:$AZ16)) -> 0.60294488 | BP16: Grant | BQ16: 1962 | BR16: 249239 | BS16: 42750 | BT16: 1338 | BU16: 7155 | BV16: 8741 | BW16: 33 | BX16: 58866 | BY16: 130357 | BZ16: =SUM(BS16:BY16) -> 249240 | CB16: 0.477 | CC16: =BQ16 -> 1962 | CD16: =(BR16-AV16)/AV16 -> -0.1477406 | CE16: =(BY16-AU16)/AU16 -> -0.27659822
A17: =N17 -> Grant | B17: =J17 -> 1963 | C17: =K17 -> 214200 | D17: =L17 -> 430785 | E17: =LN(D17/C17) -> 0.69869897 | F17: =A17 -> Grant | G17: =P17 -> 192245 | H17: =W17 -> 443223.02 | I17: =LN(H17/G17) -> 0.83530247 | J17: 1963 | K17: 214200 | L17: 430785 | N17: =BP17 -> Grant | O17: =BQ17 -> 1963 | P17: =BY17 -> 192245 | Q17: =BR17 -> 339884 | S17: =$Q20*S$2 -> 45088.482 | T17: =$Q21*T$2 -> 245256.93 | U17: =$Q22*U$2 -> 152040.84 | V17: =$Q23*V$2 -> 836.7634 | W17: =SUM(S17:V17) -> 443223.02 | AB17: =W17 -> 443223.02 | AK17: Cass | AL17: 1963 | AM17: 75293 | AN17: N/A | AO17: 9163 | AP17: 9807 | AQ17: 360 | AR17: 64548 | AS17: 159172 | AT17: 0.43 | AU17: 214200 | AV17: 373372 | AW17: =AS17/AV17 -> 0.42630942 | AX17: =AM17/AV17 -> 0.20165679 | AY17: =AO17/(AV17-AM17) -> 0.030740173 | AZ17: =AR17/(AV17-AM17-AO17-AQ17) -> 0.22369315 | BA17: =AS17/AV17 -> 0.42630942 | BB17: =AU17*BA17/(1-BA17) -> 159172 | BD17: =AX17/(SUM($AX17:$AZ17)) -> 0.44214243 | BE17: =AY17/(SUM($AX17:$AZ17)) -> 0.067399341 | BF17: =AZ17/(SUM($AX17:$AZ17)) -> 0.49045823 | BP17: Grant | BQ17: 1963 | BR17: 339884 | BS17: 65476 | BT17: 0 | BU17: 7567 | BV17: 9807 | BW17: 360 | BX17: 64428 | BY17: 192245 | BZ17: =SUM(BS17:BY17) -> 339883 | CB17: 0.434 | CC17: =BQ17 -> 1963 | CD17: =(BR17-AV17)/AV17 -> -0.089690711 | CE17: =(BY17-AU17)/AU17 -> -0.10249767
A18: =N18 -> Grant | B18: =J18 -> 1964 | C18: =K18 -> 325400 | D18: =L18 -> 1165723 | E18: =LN(D18/C18) -> 1.2760416 | F18: =A18 -> Grant | G18: =P18 -> 246741 | H18: =W18 -> 987701.83 | I18: =LN(H18/G18) -> 1.3870417 | J18: 1964 | K18: 325400 | L18: 1165723 | N18: =BP18 -> Grant | O18: =BQ18 -> 1964 | P18: =BY18 -> 246741 | Q18: =BR18 -> 371556 | S18: =$Q21*S$2 -> 34695.421 | T18: =$Q22*T$2 -> 875670.74 | U18: =$Q23*U$2 -> 76266.228 | V18: =$Q24*V$2 -> 1069.4428 | W18: =SUM(S18:V18) -> 987701.83 | AB18: =W18 -> 987701.83 | AK18: Cass | AL18: 1964 | AM18: 27470 | AN18: N/A | AO18: 9025 | AP18: 11350 | AQ18: 437 | AR18: 73031 | AS18: 121313 | AT18: 0.27 | AU18: 325400 | AV18: 446713 | AW18: =AS18/AV18 -> 0.2715681 | AX18: =AM18/AV18 -> 0.061493621 | AY18: =AO18/(AV18-AM18) -> 0.021526895 | AZ18: =AR18/(AV18-AM18-AO18-AQ18) -> 0.17821959 | BA18: =AS18/AV18 -> 0.2715681 | BB18: =AU18*BA18/(1-BA18) -> 121313 | BD18: =AX18/(SUM($AX18:$AZ18)) -> 0.2353912 | BE18: =AY18/(SUM($AX18:$AZ18)) -> 0.08240272 | BF18: =AZ18/(SUM($AX18:$AZ18)) -> 0.68220608 | BP18: Grant | BQ18: 1964 | BR18: 371556 | BS18: 31979 | BT18: 0 | BU18: 8372 | BV18: 11350 | BW18: 437 | BX18: 72677 | BY18: 246741 | BZ18: =SUM(BS18:BY18) -> 371556 | CB18: 0.336 | CC18: =BQ18 -> 1964 | CD18: =(BR18-AV18)/AV18 -> -0.16824449 | CE18: =(BY18-AU18)/AU18 -> -0.24173018
... A29: =N29 -> Grant | B29: =J29 -> 1975 | C29: =K29 -> 191445 | D29: =L29 -> 527760 | E29: =LN(D29/C29) -> 1.0140411 | F29: =A29 -> Grant | G29: =P29 -> 191420 | H29: =W29 -> 482340.97 | I29: =LN(H29/G29) -> 0.92418131 | J29: 1975 | K29: 191445 | L29: 527760 | N29: =BP29 -> Grant | O29: =BQ29 -> 1975 | P29: =BY29 -> 191420 | Q29: =BR29 -> 486199 | S29: =$Q32*S$2 -> 127310.92 | T29: =$Q33*T$2 -> 234420.93 | U29: =$Q34*U$2 -> 119885.5 | V29: =$Q35*V$2 -> 723.61889 | W29: =SUM(S29:V29) -> 482340.97 | AB29: =W29 -> 482340.97 | AK29: Cass | AL29: 1975 | AM29: 144527 | AN29: N/A | AO29: 17876 | AP29: 69307 | AQ29: 262 | AR29: 80560 | AS29: 312533 | AT29: 0.62 | AU29: 191445 | AV29: 503978 | AW29: =AS29/AV29 -> 0.62013223 | AX29: =AM29/AV29 -> 0.28677244 | AY29: =AO29/(AV29-AM29) -> 0.049731396 | AZ29: =AR29/(AV29-AM29-AO29-AQ29) -> 0.23602969 | BA29: =AS29/AV29 -> 0.62013223 | BB29: =AU29*BA29/(1-BA29) -> 312533 | BD29: =AX29/(SUM($AX29:$AZ29)) -> 0.50088323 | BE29: =AY29/(SUM($AX29:$AZ29)) -> 0.086861981 | BF29: =AZ29/(SUM($AX29:$AZ29)) -> 0.41225479 | BP29: Grant | BQ29: 1975 | BR29: 486199 | BS29: 124247 | BT29: 3950 | BU29: 16433 | BV29: 69307 | BW29: 0 | BX29: 80842 | BY29: 191420 | BZ29: =SUM(BS29:BY29) -> 486199 | CB29: 0.606 | CC29: =BQ29 -> 1975 | CD29: =(BR29-AV29)/AV29 -> -0.035277334 | CE29: =(BY29-AU29)/AU29 -> -0.00013058581
A30: =N30 -> Grant | B30: =J30 -> 1976 | C30: =K30 -> 340467 | D30: =L30 -> 761292 | E30: =LN(D30/C30) -> 0.80469879 | F30: =A30 -> Grant | G30: =P30 -> 340517 | H30: =W30 -> 790637.36 | I30: =LN(H30/G30) -> 0.84237435 | J30: 1976 | K30: 340467 | L30: 761292 | N30: =BP30 -> Grant | O30: =BQ30 -> 1976 | P30: =BY30 -> 340517 | Q30: =BR30 -> 1003722 | S30: =$Q33*S$2 -> 33162.499 | T30: =$Q34*T$2 -> 690473.86 | U30: =$Q35*U$2 -> 65953.749 | V30: =$Q36*V$2 -> 1047.2485 | W30: =SUM(S30:V30) -> 790637.36 | AB30: =W30 -> 790637.36 | AG30: Approx. | AH30: Approx. | AI30: Approx. | AK30: Cass | AL30: 1976 | AM30: 343629 | AN30: N/A | AO30: 49645 | AP30: 191507 | AQ30: 1126 | AR30: 187661 | AS30: 773568 | AT30: 0.69 | AU30: 340467 | AV30: 1114035 | AW30: =AS30/AV30 -> 0.69438393 | AX30: =AM30/AV30 -> 0.3084544 | AY30: =AO30/(AV30-AM30) -> 0.064440048 | AZ30: =AR30/(AV30-AM30-AO30-AQ30) -> 0.26077247 | BA30: =AS30/AV30 -> 0.69438393 | BB30: =AU30*BA30/(1-BA30) -> 773568 | BD30: =AX30/(SUM($AX30:$AZ30)) -> 0.48677687 | BE30: =AY30/(SUM($AX30:$AZ30)) -> 0.10169388 | BF30: =AZ30/(SUM($AX30:$AZ30)) -> 0.41152925 | BP30: Grant | BQ30: 1976 | BR30: 1003722 | BS30: 237524 | BT30: 4559 | BU30: 43244 | BV30: 191507 | BW30: 0 | BX30: 186371 | BY30: 340517 | BZ30: =SUM(BS30:BY30) -> 1003722 | CB30: 0.661 | CC30: =BQ30 -> 1976 | CD30: =(BR30-AV30)/AV30 -> -0.099021126 | CE30: =(BY30-AU30)/AU30 -> 0.00014685711
A31: =N31 -> Grant | B31: =J31 -> 1977 | C31: =K31 -> 599371 | D31: =L31 -> 583647 | E31: =LN(D31/C31) -> -0.026584424 | F31: =A31 -> Grant | G31: =P31 -> 599341 | H31: =W31 -> 573665.97 | I31: =LN(H31/G31) -> -0.04378343 | J31: 1977 | K31: 599371 | L31: 583647 | N31: =BP31 -> Grant | O31: =BQ31 -> 1977 | P31: =BY31 -> 599341 | Q31: =BR31 -> 722536 | S31: =$Q34*S$2 -> 97678.303 | T31: =$Q35*T$2 -> 379856.94 | U31: =$Q36*U$2 -> 95450.745 | V31: =$Q37*V$2 -> 679.97938 | W31: =SUM(S31:V31) -> 573665.97 | AB31: =W31 -> 573665.97 | AD31: Source | AF31: Fraser R | AG31: Fraser R | AH31: Total HR | AI31: total return | AJ31: %dif with Grant | AK31: Cass | AL31: 1977 | AM31: 42066 | AN31: N/A | AO31: 8228 | AP31: 38846 | AQ31: 626 | AR31: 23728 | AS31: 113494 | AT31: 0.16 | AU31: 599371 | AV31: 712865 | AW31: =AS31/AV31 -> 0.15920827 | AX31: =AM31/AV31 -> 0.05900977 | AY31: =AO31/(AV31-AM31) -> 0.012265969 | AZ31: =AR31/(AV31-AM31-AO31-AQ31) -> 0.035845878 | BA31: =AS31/AV31 -> 0.15920827 | BB31: =AU31*BA31/(1-BA31) -> 113494 | BD31: =AX31/(SUM($AX31:$AZ31)) -> 0.55086706 | BE31: =AY31/(SUM($AX31:$AZ31)) -> 0.11450508 | BF31: =AZ31/(SUM($AX31:$AZ31)) -> 0.33462787 | BP31: Grant | BQ31: 1977 | BR31: 722536 | BS31: 54997 | BT31: 0 | BU31: 6358 | BV31: 36660 | BW31: 0 | BX31: 25180 | BY31: 599341 | BZ31: =SUM(BS31:BY31) -> 722536 | CB31: 0.171 | CC31: =BQ31 -> 1977 | CD31: =(BR31-AV31)/AV31 -> 0.013566384 | CE31: =(BY31-AU31)/AU31 -> -5.0052472e-05
A32: =N32 -> Grant | B32: =J32 -> 1978 | C32: =K32 -> 359065 | D32: =L32 -> 635560 | E32: =LN(D32/C32) -> 0.57100307 | F32: =A32 -> Grant | G32: =P32 -> 358990 | H32: =W32 -> 666342.58 | I32: =LN(H32/G32) -> 0.6185094 | J32: 1978 | K32: 359065 | L32: 635560 | N32: =BP32 -> Grant | O32: =BQ32 -> 1978 | P32: =BY32 -> 358990 | Q32: =BR32 -> 1185223 | S32: =$Q35*S$2 -> 53736.692 | T32: =$Q36*T$2 -> 549743.25 | U32: =$Q37*U$2 -> 61976.255 | V32: =$Q38*V$2 -> 886.39123 | W32: =SUM(S32:V32) -> 666342.58 | AB32: =W32 -> 666342.58 | AE32: broodyear | AF32: spawners | AG32: total catch | AH32: HR | AK32: Cass | AL32: 1978 | AM32: 485439 | AN32: N/A | AO32: 12318 | AP32: 295733 | AQ32: 277 | AR32: 134260 | AS32: 928027 | AT32: 0.72 | AU32: 359065 | AV32: 1287092 | AW32: =AS32/AV32 -> 0.72102616 | AX32: =AM32/AV32 -> 0.37715952 | AY32: =AO32/(AV32-AM32) -> 0.015365751 | AZ32: =AR32/(AV32-AM32-AO32-AQ32) -> 0.17015226 | BA32: =AS32/AV32 -> 0.72102616 | BB32: =AU32*BA32/(1-BA32) -> 928027 | BD32: =AX32/(SUM($AX32:$AZ32)) -> 0.67029426 | BE32: =AY32/(SUM($AX32:$AZ32)) -> 0.027308271 | BF32: =AZ32/(SUM($AX32:$AZ32)) -> 0.30239746 | BP32: Grant | BQ32: 1978 | BR32: 1185223 | BS32: 405890 | BT32: 729 | BU32: 11113 | BV32: 273516 | BW32: 0 | BX32: 134985 | BY32: 358990 | BZ32: =SUM(BS32:BY32) -> 1185223 | CB32: 0.697 | CC32: =BQ32 -> 1978 | CD32: =(BR32-AV32)/AV32 -> -0.079146634 | CE32: =(BY32-AU32)/AU32 -> -0.00020887583 | CH32: broodyear | CI32: spawners | CJ32: recruits | CK32: %dif Spa | CL32: %dif Rec
A33: =N33 -> Grant | B33: =J33 -> 1979 | C33: =K33 -> 255634 | D33: =L33 -> 510199 | E33: =LN(D33/C33) -> 0.69105411 | F33: =A33 -> Grant | G33: =P33 -> 255634 | H33: =W33 -> 518168.16 | I33: =LN(H33/G33) -> 0.7065531 | J33: 1979 | K33: 255634 | L33: 510199 | N33: =BP33 -> Grant | O33: =BQ33 -> 1979 | P33: =BY33 -> 255634 | Q33: =BR33 -> 308732 | S33: =$Q36*S$2 -> 77769.761 | T33: =$Q37*T$2 -> 356948.79 | U33: =$Q38*U$2 -> 80789.522 | V33: =$Q39*V$2 -> 2660.0922 | W33: =SUM(S33:V33) -> 518168.16 | AB33: =W33 -> 518168.16 | AD33: Cass | AE33: 1979 | AF33: 255634 | AG33: =AS33 -> 42262 | AH33: =AG33/(AF33+AG33) -> 0.1418683 | AI33: =AF33+AG33 -> 297896 | AJ33: =(AI33-BR33)/BR33 -> -0.035098402 | AK33: Cass | AL33: 1979 | AM33: 20326 | AN33: N/A | AO33: 2105 | AP33: 3455 | AQ33: 403 | AR33: 15973 | AS33: 42262 | AT33: 0.14 | AU33: 255634 | AV33: 297896 | AW33: =AS33/AV33 -> 0.1418683 | AX33: =AM33/AV33 -> 0.068231866 | AY33: =AO33/(AV33-AM33) -> 0.0075836726 | AZ33: =AR33/(AV33-AM33-AO33-AQ33) -> 0.058070544 | BA33: =AS33/AV33 -> 0.1418683 | BB33: =AU33*BA33/(1-BA33) -> 42262 | BC33: Harvest Rate | BD33: =AX33/(SUM($AX33:$AZ33)) -> 0.50962628 | BE33: =AY33/(SUM($AX33:$AZ33)) -> 0.056642725 | BF33: =AZ33/(SUM($AX33:$AZ33)) -> 0.433731 | BH33: Year | BI33: Spawners | BJ33: Harvest | BK33: Harvest Rate d2 | BL33: Returns | BN33: Harvest Rate d1 | BP33: Grant | BQ33: 1979 | BR33: 308732 | BS33: 31093 | BT33: 0 | BU33: 1381 | BV33: 3321 | BW33: 0 | BX33: 17304 | BY33: 255634 | BZ33: =SUM(BS33:BY33) -> 308733 | CB33: 0.172 | CC33: =BQ33 -> 1979 | CD33: =(BR33-AV33)/AV33 -> 0.036375111 | CE33: =(BY33-AU33)/AU33 -> 0 | CH33: 1979 | CI33: 255634 | CJ33: 510199 | CK33: =(CI33-P33)/P33 -> 0 | CL33: =(CJ33-AB33)/AB33 -> -0.015379494
A34: =N34 -> Grant | B34: =J34 -> 1980 | C34: =K34 -> 312182 | D34: =L34 -> 655505 | E34: =LN(D34/C34) -> 0.74181958 | F34: =A34 -> Grant | G34: =P34 -> 314011 | H34: =W34 -> 760537.66 | I34: =LN(H34/G34) -> 0.88459762 | J34: 1980 | K34: 312182 | L34: 655505 | N34: =BP34 -> Grant | O34: =BQ34 -> 1980 | P34: =BY34 -> 314011 | Q34: =BR34 -> 909353 | S34: =$Q37*S$2 -> 50495.977 | T34: =$Q38*T$2 -> 465302.75 | U34: =$Q39*U$2 -> 242452.28 | V34: =$Q40*V$2 -> 2286.6525 | W34: =SUM(S34:V34) -> 760537.66 | AB34: =W34 -> 760537.66 | AD34: Cass | AE34: 1980 | AF34: 312182 | AG34: =AS34 -> 594711 | AH34: =AG34/(AF34+AG34) -> 0.65576755 | AI34: =AF34+AG34 -> 906893 | AJ34: =(AI34-BR34)/BR34 -> -0.0027052201 | AK34: Cass | AL34: 1980 | AM34: 243146 | AN34: N/A | AO34: 13550 | AP34: 245019 | AQ34: 3666 | AR34: 89330 | AS34: 594711 | AT34: =AS34/AV34 -> 0.65576755 | AU34: 312182 | AV34: 906893 | AW34: =AS34/AV34 -> 0.65576755 | AX34: =AM34/AV34 -> 0.26810881 | AY34: =AO34/(AV34-AM34) -> 0.020414405 | AZ34: =AR34/(AV34-AM34-AO34-AQ34) -> 0.13816816 | BA34: =AS34/AV34 -> 0.65576755 | BB34: =AU34*BA34/(1-BA34) -> 594711 | BC34: 0.51937603 | BD34: =AX34/(SUM($AX34:$AZ34)) -> 0.62834363 | BE34: =AY34/(SUM($AX34:$AZ34)) -> 0.047843491 | BF34: =AZ34/(SUM($AX34:$AZ34)) -> 0.32381288 | BH34: 1980 | BI34: 1373377 | BJ34: 1162099.8 | BK34: 0.45833581 | BL34: 2535476.8 | BN34: =AT34 -> 0.65576755 | BP34: Grant | BQ34: 1980 | BR34: 909353 | BS34: 242556 | BT34: 8546 | BU34: 12026 | BV34: 241835 | BW34: 0 | BX34: 90380 | BY34: 314011 | BZ34: =SUM(BS34:BY34) -> 909354 | CB34: 0.655 | CC34: =BQ34 -> 1980 | CD34: =(BR34-AV34)/AV34 -> 0.0027125582 | CE34: =(BY34-AU34)/AU34 -> 0.0058587619 | CH34: 1980 | CI34: 312182 | CJ34: 655505 | CK34: =(CI34-P34)/P34 -> -0.0058246367 | CL34: =(CJ34-AB34)/AB34 -> -0.13810317
A35: =N35 -> Grant | B35: =J35 -> 1981 | C35: =K35 -> 435345 | D35: =L35 -> 1492293 | E35: =LN(D35/C35) -> 1.2319303 | F35: =A35 -> Grant | G35: =P35 -> 436996 | H35: =W35 -> 1671326 | I35: =LN(H35/G35) -> 1.3414485 | J35: 1981 | K35: 435345 | L35: 1492293 | N35: =BP35 -> Grant | O35: =BQ35 -> 1981 | P35: =BY35 -> 436996 | Q35: =BR35 -> 500271 | S35: =$Q38*S$2 -> 65824.336 | T35: =$Q39*T$2 -> 1396390.4 | U35: =$Q40*U$2 -> 208415.38 | V35: =$Q41*V$2 -> 695.85421 | W35: =SUM(S35:V35) -> 1671326 | AB35: =W35 -> 1671326 | AD35: Cass | AE35: 1981 | AF35: 435345 | AG35: =AS35 -> 56270 | AH35: =AG35/(AF35+AG35) -> 0.11445949 | AI35: =AF35+AG35 -> 491615 | AJ35: =(AI35-BR35)/BR35 -> -0.017302622 | AK35: Cass | AL35: 1981 | AM35: 26519 | AN35: N/A | AO35: 3205 | AP35: 5814 | AQ35: 771 | AR35: 19961 | AS35: 56270 | AT35: =AS35/AV35 -> 0.11445949 | AU35: 435345 | AV35: 491615 | AW35: =AS35/AV35 -> 0.11445949 | AX35: =AM35/AV35 -> 0.053942618 | AY35: =AO35/(AV35-AM35) -> 0.0068910504 | AZ35: =AR35/(AV35-AM35-AO35-AQ35) -> 0.043288081 | BA35: =AS35/AV35 -> 0.11445949 | BB35: =AU35*BA35/(1-BA35) -> 56270 | BC35: 0.1414136 | BD35: =AX35/(SUM($AX35:$AZ35)) -> 0.51807253 | BE35: =AY35/(SUM($AX35:$AZ35)) -> 0.066182623 | BF35: =AZ35/(SUM($AX35:$AZ35)) -> 0.41574485 | BH35: 1981 | BI35: 1302540 | BJ35: 185726.45 | BK35: 0.12479381 | BL35: 1488266.4 | BN35: =AT35 -> 0.11445949 | BP35: Grant | BQ35: 1981 | BR35: 500271 | BS35: 30394 | BT35: 3370 | BU35: 2288 | BV35: 5814 | BW35: 0 | BX35: 21408 | BY35: 436996 | BZ35: =SUM(BS35:BY35) -> 500270 | CB35: 0.126 | CC35: =BQ35 -> 1981 | CD35: =(BR35-AV35)/AV35 -> 0.017607274 | CE35: =(BY35-AU35)/AU35 -> 0.0037923945 | CH35: 1981 | CI35: 435345 | CJ35: 1492293 | CK35: =(CI35-P35)/P35 -> -0.0037780666 | CL35: =(CJ35-AB35)/AB35 -> -0.10712032
A36: =N36 -> Grant | B36: =J36 -> 1982 | C36: =K36 -> 322286 | D36: =L36 -> 1416221 | E36: =LN(D36/C36) -> 1.480308 | F36: =A36 -> Grant | G36: =P36 -> 326439 | H36: =W36 -> 1462818.4 | I36: =LN(H36/G36) -> 1.4998772 | J36: 1982 | K36: 322286 | L36: 1416221 | N36: =BP36 -> Grant | O36: =BQ36 -> 1982 | P36: =BY36 -> 326439 | Q36: =BR36 -> 724011 | S36: =$Q39*S$2 -> 197541.22 | T36: =$Q40*T$2 -> 1200356.8 | U36: =$Q41*U$2 -> 63423.156 | V36: =$Q42*V$2 -> 1497.2402 | W36: =SUM(S36:V36) -> 1462818.4 | AB36: =W36 -> 1462818.4 | AD36: Cass | AE36: 1982 | AF36: 322286 | AG36: =AS36 -> 383164 | AH36: =AG36/(AF36+AG36) -> 0.54314835 | AI36: =AF36+AG36 -> 705450 | AJ36: =(AI36-BR36)/BR36 -> -0.025636351 | AK36: Cass | AL36: 1982 | AM36: 235914 | AN36: N/A | AO36: 8527 | AP36: 54570 | AQ36: 1649 | AR36: 82505 | AS36: 383164 | AT36: =AS36/AV36 -> 0.54314835 | AU36: 322286 | AV36: 705450 | AW36: =AS36/AV36 -> 0.54314835 | AX36: =AM36/AV36 -> 0.33441633 | AY36: =AO36/(AV36-AM36) -> 0.018160482 | AZ36: =AR36/(AV36-AM36-AO36-AQ36) -> 0.17960859 | BA36: =AS36/AV36 -> 0.54314835 | BB36: =AU36*BA36/(1-BA36) -> 383164 | BC36: 0.57254889 | BD36: =AX36/(SUM($AX36:$AZ36)) -> 0.62838314 | BE36: =AY36/(SUM($AX36:$AZ36)) -> 0.034124352 | BF36: =AZ36/(SUM($AX36:$AZ36)) -> 0.33749251 | BH36: 1982 | BI36: 1453419 | BJ36: 1484320.9 | BK36: 0.50525946 | BL36: 2937739.9 | BN36: =AT36 -> 0.54314835 | BP36: Grant | BQ36: 1982 | BR36: 724011 | BS36: 240409 | BT36: 12660 | BU36: 7095 | BV36: 54508 | BW36: 0 | BX36: 82899 | BY36: 326439 | BZ36: =SUM(BS36:BY36) -> 724010 | CB36: 0.549 | CC36: =BQ36 -> 1982 | CD36: =(BR36-AV36)/AV36 -> 0.026310865 | CE36: =(BY36-AU36)/AU36 -> 0.01288607 | CH36: 1982 | CI36: 322286 | CJ36: 1416221 | CK36: =(CI36-P36)/P36 -> -0.012722132 | CL36: =(CJ36-AB36)/AB36 -> -0.031854522
A37: =N37 -> Grant | B37: =J37 -> 1983 | C37: =K37 -> 367363 | D37: =L37 -> 795564 | E37: =LN(D37/C37) -> 0.77270084 | F37: =A37 -> Grant | G37: =P37 -> 371770 | H37: =W37 -> 673139.64 | I37: =LN(H37/G37) -> 0.59367742 | J37: 1983 | K37: 367363 | L37: 795564 | N37: =BP37 -> Grant | O37: =BQ37 -> 1983 | P37: =BY37 -> 371770 | Q37: =BR37 -> 470101 | S37: =$Q40*S$2 -> 169809.2 | T37: =$Q41*T$2 -> 365282.13 | U37: =$Q42*U$2 -> 136464.94 | V37: =$Q43*V$2 -> 1583.3766 | W37: =SUM(S37:V37) -> 673139.64 | AB37: =W37 -> 673139.64 | AD37: Cass | AE37: 1983 | AF37: 367363 | AG37: =AS37 -> 88034 | AH37: =AG37/(AF37+AG37) -> 0.19331265 | AI37: =AF37+AG37 -> 455397 | AJ37: =(AI37-BR37)/BR37 -> -0.031278385 | AK37: Cass | AL37: 1983 | AM37: 56191 | AN37: N/A | AO37: 81 | AP37: 1671 | AQ37: 4899 | AR37: 25194 | AS37: 88034 | AT37: =AS37/AV37 -> 0.19331265 | AU37: 367363 | AV37: 455397 | AW37: =AS37/AV37 -> 0.19331265 | AX37: =AM37/AV37 -> 0.12338904 | AY37: =AO37/(AV37-AM37) -> 0.00020290276 | AZ37: =AR37/(AV37-AM37-AO37-AQ37) -> 0.063907505 | BA37: =AS37/AV37 -> 0.19331265 | BB37: =AU37*BA37/(1-BA37) -> 88034 | BC37: 0.23086634 | BD37: =AX37/(SUM($AX37:$AZ37)) -> 0.65807682 | BE37: =AY37/(SUM($AX37:$AZ37)) -> 0.0010821512 | BF37: =AZ37/(SUM($AX37:$AZ37)) -> 0.34084102 | BH37: 1983 | BI37: 1196968 | BJ37: 306257.42 | BK37: 0.20373353 | BL37: 1503225.4 | BN37: =AT37 -> 0.19331265 | BP37: Grant | BQ37: 1983 | BR37: 470101 | BS37: 60431 | BT37: 14683 | BU37: 20 | BV37: 1602 | BW37: 0 | BX37: 21595 | BY37: 371770 | BZ37: =SUM(BS37:BY37) -> 470101 | CB37: 0.209 | CC37: =BQ37 -> 1983 | CD37: =(BR37-AV37)/AV37 -> 0.032288311 | CE37: =(BY37-AU37)/AU37 -> 0.011996309 | CH37: 1983 | CI37: 367363 | CJ37: 795564 | CK37: =(CI37-P37)/P37 -> -0.011854103 | CL37: =(CJ37-AB37)/AB37 -> 0.18187067
A38: =N38 -> Grant | B38: =J38 -> 1984 | C38: =K38 -> 540265 | D38: =L38 -> 1061099 | E38: =LN(D38/C38) -> 0.67500068 | F38: =A38 -> Grant | G38: =P38 -> 541478 | H38: =W38 -> 984259.76 | I38: =LN(H38/G38) -> 0.59758741 | J38: 1984 | K38: 540265 | L38: 1061099 | N38: =BP38 -> Grant | O38: =BQ38 -> 1984 | P38: =BY38 -> 541478 | Q38: =BR38 -> 612803 | S38: =$Q41*S$2 -> 51674.858 | T38: =$Q42*T$2 -> 785962.2 | U38: =$Q43*U$2 -> 144315.77 | V38: =$Q44*V$2 -> 2306.9275 | W38: =SUM(S38:V38) -> 984259.76 | AB38: =W38 -> 984259.76 | AD38: Cass | AE38: 1984 | AF38: 540265 | AG38: =AS38 -> 65644 | AH38: =AG38/(AF38+AG38) -> 0.1083397 | AI38: =AF38+AG38 -> 605909 | AJ38: =(AI38-BR38)/BR38 -> -0.011249945 | AK38: Cass | AL38: 1984 | AM38: 19746 | AN38: N/A | AO38: 6131 | AP38: 1192 | AQ38: 4846 | AR38: 337299 | AS38: 65644 | AT38: =AS38/AV38 -> 0.1083397 | AU38: 540265 | AV38: 605909 | AW38: =AS38/AV38 -> 0.1083397 | AX38: =AM38/AV38 -> 0.032589052 | AY38: =AO38/(AV38-AM38) -> 0.010459548 | AZ38: =AR38/(AV38-AM38-AO38-AQ38) -> 0.58641726 | BA38: =AS38/AV38 -> 0.1083397 | BB38: =AU38*BA38/(1-BA38) -> 65644 | BC38: 0.1743125 | BD38: =AX38/(SUM($AX38:$AZ38)) -> 0.051772549 | BE38: =AY38/(SUM($AX38:$AZ38)) -> 0.016616545 | BF38: =AZ38/(SUM($AX38:$AZ38)) -> 0.93161091 | BH38: 1984 | BI38: 1627518 | BJ38: 295867.09 | BK38: 0.15382624 | BL38: 1923385.1 | BN38: =AT38 -> 0.1083397 | BP38: Grant | BQ38: 1984 | BR38: 612803 | BS38: 30552 | BT38: 17335 | BU38: 1 | BV38: 1192 | BW38: 0 | BX38: 22246 | BY38: 541478 | BZ38: =SUM(BS38:BY38) -> 612804 | CB38: 0.116 | CC38: =BQ38 -> 1984 | CD38: =(BR38-AV38)/AV38 -> 0.011377946 | CE38: =(BY38-AU38)/AU38 -> 0.0022451945 | CH38: 1984 | CI38: 540265 | CJ38: 1061099 | CK38: =(CI38-P38)/P38 -> -0.0022401649 | CL38: =(CJ38-AB38)/AB38 -> 0.078068047
A39: =N39 -> Grant | B39: =J39 -> 1985 | C39: =K39 -> 1147702 | D39: =L39 -> 1010518 | E39: =LN(D39/C39) -> -0.12729861 | F39: =A39 -> Grant | G39: =P39 -> 1383808 | H39: =W39 -> 1154732 | I39: =LN(H39/G39) -> -0.18097084 | J39: 1985 | K39: 1147702 | L39: 1010518 | N39: =BP39 -> Grant | O39: =BQ39 -> 1985 | P39: =BY39 -> 1383808 | Q39: =BR39 -> 1839044 | S39: =$Q42*S$2 -> 111186.62 | T39: =$Q43*T$2 -> 831178.66 | U39: =$Q44*U$2 -> 210263.33 | V39: =$Q45*V$2 -> 2103.3883 | W39: =SUM(S39:V39) -> 1154732 | AB39: =W39 -> 1154732 | AD39: Cass | AE39: 1985 | AF39: 1147702 | AG39: =AS39 -> 604708 | AH39: =AG39/(AF39+AG39) -> 0.34507221 | AI39: =AF39+AG39 -> 1752410 | AJ39: =(AI39-BR39)/BR39 -> -0.047108171 | AK39: Cass | AL39: 1985 | AM39: 242114 | AN39: 36552 | AO39: 128032 | AP39: 124160 | AQ39: 15449 | AR39: 58400 | AS39: 604708 | AT39: =AS39/AV39 -> 0.34507221 | AU39: 1147702 | AV39: 1752410 | AW39: =AS39/AV39 -> 0.34507221 | AX39: =AM39/AV39 -> 0.13816059 | AY39: =AO39/(AV39-AM39) -> 0.084772786 | AZ39: =AR39/(AV39-AM39-AO39-AQ39) -> 0.04272707 | BA39: =AS39/AV39 -> 0.34507221 | BB39: =AU39*BA39/(1-BA39) -> 604708 | BC39: 0.38 | BD39: =AX39/(SUM($AX39:$AZ39)) -> 0.52006459 | BE39: =AY39/(SUM($AX39:$AZ39)) -> 0.31910202 | BF39: =AZ39/(SUM($AX39:$AZ39)) -> 0.16083339 | BH39: 1985 | BI39: 2969439 | BJ39: 1733316.5 | BK39: 0.36857466 | BL39: 4702755.5 | BN39: =AT39 -> 0.34507221 | BP39: Grant | BQ39: 1985 | BR39: 1839044 | BS39: 248099 | BT39: 23242 | BU39: 2142 | BV39: 124098 | BW39: 0 | BX39: 57656 | BY39: 1383808 | BZ39: =SUM(BS39:BY39) -> 1839045 | CB39: 0.248 | CC39: =BQ39 -> 1985 | CD39: =(BR39-AV39)/AV39 -> 0.049437061 | CE39: =(BY39-AU39)/AU39 -> 0.20572065 | CH39: 1985 | CI39: 1147702 | CJ39: 1010518 | CK39: =(CI39-P39)/P39 -> -0.17062049 | CL39: =(CJ39-AB39)/AB39 -> -0.12488958
A40: =N40 -> Grant | B40: =J40 -> 1986 | C40: =K40 -> 833591 | D40: =L40 -> 1322564 | E40: =LN(D40/C40) -> 0.46158468 | F40: =A40 -> Grant | G40: =P40 -> 997327 | H40: =W40 -> 1522545.3 | I40: =LN(H40/G40) -> 0.42306003 | J40: 1986 | K40: 833591 | L40: 1322564 | N40: =BP40 -> Grant | O40: =BQ40 -> 1986 | P40: =BY40 -> 997327 | Q40: =BR40 -> 1580868 | S40: =$Q43*S$2 -> 117583.19 | T40: =$Q44*T$2 -> 1210999.9 | U40: =$Q45*U$2 -> 191711.89 | V40: =$Q46*V$2 -> 2250.2742 | W40: =SUM(S40:V40) -> 1522545.3 | AB40: =W40 -> 1522545.3 | AD40: Cass | AE40: 1986 | AF40: 833591 | AG40: =AS40 -> 622194 | AH40: =AG40/(AF40+AG40) -> 0.42739416 | AI40: =AF40+AG40 -> 1455785 | AJ40: =(AI40-BR40)/BR40 -> -0.079122988 | AK40: Cass | AL40: 1986 | AM40: 342548 | AN40: 61331 | AO40: 17228 | AP40: 68213 | AQ40: 17213 | AR40: 115661 | AS40: 622194 | AT40: =AS40/AV40 -> 0.42739416 | AU40: 833591 | AV40: 1455785 | AW40: =AS40/AV40 -> 0.42739416 | AX40: =AM40/AV40 -> 0.23530123 | AY40: =AO40/(AV40-AM40) -> 0.015475591 | AZ40: =AR40/(AV40-AM40-AO40-AQ40) -> 0.10721304 | BA40: =AS40/AV40 -> 0.42739416 | BB40: =AU40*BA40/(1-BA40) -> 622194 | BC40: 0.5 | BD40: =AX40/(SUM($AX40:$AZ40)) -> 0.65728462 | BE40: =AY40/(SUM($AX40:$AZ40)) -> 0.043229131 | BF40: =AZ40/(SUM($AX40:$AZ40)) -> 0.29948625 | BH40: 1986 | BI40: 2321907 | BJ40: 1888703.2 | BK40: 0.44855808 | BL40: 4210610.2 | BN40: =AT40 -> 0.42739416 | BP40: Grant | BQ40: 1986 | BR40: 1580868 | BS40: 346413 | BT40: 54696 | BU40: 1188 | BV40: 67221 | BW40: 0 | BX40: 114023 | BY40: 997327 | BZ40: =SUM(BS40:BY40) -> 1580868 | CB40: 0.369 | CC40: =BQ40 -> 1986 | CD40: =(BR40-AV40)/AV40 -> 0.085921341 | CE40: =(BY40-AU40)/AU40 -> 0.19642247 | CH40: 1986 | CI40: 833591 | CJ40: 1322564 | CK40: =(CI40-P40)/P40 -> -0.16417484 | CL40: =(CJ40-AB40)/AB40 -> -0.13134668
A41: =N41 -> Grant | B41: =J41 -> 1987 | C41: =K41 -> 430000 | D41: =L41 -> 1116839 | E41: =LN(D41/C41) -> 0.95447244 | F41: =A41 -> Grant | G41: =P41 -> 363671 | H41: =W41 -> 1482704.4 | I41: =LN(H41/G41) -> 1.4053734 | J41: 1987 | K41: 430000 | L41: 1116839 | N41: =BP41 -> Grant | O41: =BQ41 -> 1987 | P41: =BY41 -> 363671 | Q41: =BR41 -> 481076 | S41: =$Q44*S$2 -> 171314.84 | T41: =$Q45*T$2 -> 1104153.9 | U41: =$Q46*U$2 -> 205099.7 | V41: =$Q47*V$2 -> 2135.9248 | W41: =SUM(S41:V41) -> 1482704.4 | AB41: =W41 -> 1482704.4 | AD41: Cass | AE41: 1987 | AF41: 430000 | AG41: =AS41 -> 136674 | AH41: =AG41/(AF41+AG41) -> 0.24118629 | AI41: =AF41+AG41 -> 566674 | AJ41: =(AI41-BR41)/BR41 -> 0.17793031 | AK41: Cass | AL41: 1987 | AM41: 17868 | AN41: 26729 | AO41: 22999 | AP41: 18649 | AQ41: 14081 | AR41: 36348 | AS41: 136674 | AT41: =AS41/AV41 -> 0.24118629 | AU41: 430000 | AV41: 566674 | AW41: =AS41/AV41 -> 0.24118629 | AX41: =AM41/AV41 -> 0.031531357 | AY41: =AO41/(AV41-AM41) -> 0.041907341 | AZ41: =AR41/(AV41-AM41-AO41-AQ41) -> 0.0710302 | BA41: =AS41/AV41 -> 0.24118629 | BB41: =AU41*BA41/(1-BA41) -> 136674 | BC41: 0.52 | BD41: =AX41/(SUM($AX41:$AZ41)) -> 0.21825706 | BE41: =AY41/(SUM($AX41:$AZ41)) -> 0.29007864 | BF41: =AZ41/(SUM($AX41:$AZ41)) -> 0.4916643 | BH41: 1987 | BI41: 1317145 | BJ41: 638770.32 | BK41: 0.32658383 | BL41: 1955915.3 | BN41: =AT41 -> 0.24118629 | BP41: Grant | BQ41: 1987 | BR41: 481076 | BS41: 22167 | BT41: 25236 | BU41: 10167 | BV41: 21984 | BW41: 0 | BX41: 37852 | BY41: 363671 | BZ41: =SUM(BS41:BY41) -> 481077 | CB41: 0.244 | CC41: =BQ41 -> 1987 | CD41: =(BR41-AV41)/AV41 -> -0.15105334 | CE41: =(BY41-AU41)/AU41 -> -0.15425349 | CH41: 1987 | CI41: 430000 | CJ41: 1116839 | CK41: =(CI41-P41)/P41 -> 0.18238738 | CL41: =(CJ41-AB41)/AB41 -> -0.24675545
A42: =N42 -> Grant | B42: =J42 -> 1988 | C42: =K42 -> 488070 | D42: =L42 -> 406805 | E42: =LN(D42/C42) -> -0.18212488 | F42: =A42 -> Grant | G42: =P42 -> 528467 | H42: =W42 -> 1535457.6 | I42: =LN(H42/G42) -> 1.0666033 | J42: 1988 | K42: 488070 | L42: 406805 | N42: =BP42 -> Grant | O42: =BQ42 -> 1988 | P42: =BY42 -> 528467 | Q42: =BR42 -> 1035111 | S42: =$Q45*S$2 -> 156199.8 | T42: =$Q46*T$2 -> 1181260.3 | U42: =$Q47*U$2 -> 194677.41 | V42: =$Q48*V$2 -> 3320.028 | W42: =SUM(S42:V42) -> 1535457.6 | X42: =$Q45*$S$2 -> 156199.8 | Y42: =$Q46*$T$2 -> 1181260.3 | Z42: =$Q47*$U$2 -> 194677.41 | AA42: =$Q48*$V$2 -> 3320.028 | AB42: =SUM(X42:AA42) -> 1535457.6 | AD42: Cass | AE42: 1988 | AF42: 488070 | AG42: =AS42 -> 685238 | AH42: =AG42/(AF42+AG42) -> 0.58402227 | AI42: =AF42+AG42 -> 1173308 | AJ42: =(AI42-BR42)/BR42 -> 0.13350935 | AK42: Cass | AL42: 1988 | AM42: 250953 | AN42: 4743 | AO42: 196360 | AP42: 96300 | AQ42: 30719 | AR42: 106162 | AS42: 685238 | AT42: =AS42/AV42 -> 0.58402227 | AU42: 488070 | AV42: 1173308 | AW42: =AS42/AV42 -> 0.58402227 | AX42: =AM42/AV42 -> 0.21388502 | AY42: =AO42/(AV42-AM42) -> 0.21288983 | AZ42: =AR42/(AV42-AM42-AO42-AQ42) -> 0.15269044 | BA42: =AS42/AV42 -> 0.58402227 | BB42: =AU42*BA42/(1-BA42) -> 685238 | BC42: 0.56 | BD42: =AX42/(SUM($AX42:$AZ42)) -> 0.36910755 | BE42: =AY42/(SUM($AX42:$AZ42)) -> 0.36739014 | BF42: =AZ42/(SUM($AX42:$AZ42)) -> 0.26350231 | BH42: 1988 | BI42: 1634560 | BJ42: 1788874.1 | BK42: 0.52253791 | BL42: 3423434.1 | BN42: =AT42 -> 0.58402227 | BP42: Grant | BQ42: 1988 | BR42: 1035111 | BS42: 296424 | BT42: 3964 | BU42: 1537 | BV42: 96892 | BW42: 0 | BX42: 107827 | BY42: 528467 | BZ42: =SUM(BS42:BY42) -> 1035111 | CB42: 0.489 | CC42: =BQ42 -> 1988 | CD42: =(BR42-AV42)/AV42 -> -0.11778408 | CE42: =(BY42-AU42)/AU42 -> 0.082768865 | CH42: 1988 | CI42: 488070 | CJ42: 406805 | CK42: =(CI42-P42)/P42 -> -0.076441859 | CL42: =(CJ42-AB42)/AB42 -> -0.73505943
A43: =N43 -> Grant | B43: =J43 -> 1989 | C43: =K43 -> 523657 | D43: =W43 -> 1593611 | E43: =LN(D43/C43) -> 1.1129209 | F43: =A43 -> Grant | G43: =P43 -> 739647 | H43: =W43 -> 1593611 | I43: =LN(H43/G43) -> 0.76758472 | J43: 1989 | K43: 523657 | L43: =NA() -> #N/A | N43: =BP43 -> Grant | O43: =BQ43 -> 1989 | P43: =BY43 -> 739647 | Q43: =BR43 -> 1094661 | S43: =$Q46*S$2 -> 167107.71 | T43: =$Q47*T$2 -> 1121233.7 | U43: =$Q48*U$2 -> 302601.69 | V43: =$Q49*V$2 -> 2667.8987 | W43: =SUM(S43:V43) -> 1593611 | X43: =$Q46*$S$2 -> 167107.71 | Y43: =$Q47*$T$2 -> 1121233.7 | Z43: =$Q48*$U$2 -> 302601.69 | AA43: =$Q49*$V$2 -> 2667.8987 | AB43: =SUM(X43:AA43) -> 1593611 | AE43: 1989 | AK43: Cass | AL43: 1989 | AM43: 256398 | AN43: 8017 | AO43: 25786 | AP43: 55544 | AQ43: 16769 | AR43: 37156 | AS43: 399670 | AT43: =AS43/AV43 -> 0.43093335 | AU43: 527782 | AV43: 927452 | AW43: =AS43/AV43 -> 0.43093335 | AX43: =AM43/AV43 -> 0.2764542 | AY43: =AO43/(AV43-AM43) -> 0.038426118 | AZ43: =AR43/(AV43-AM43-AO43-AQ43) -> 0.05911863 | BA43: =AS43/AV43 -> 0.43093335 | BB43: =AU43*BA43/(1-BA43) -> 399670 | BC43: 0.56 | BD43: =AX43/(SUM($AX43:$AZ43)) -> 0.73918443 | BE43: =AY43/(SUM($AX43:$AZ43)) -> 0.10274392 | BF43: =AZ43/(SUM($AX43:$AZ43)) -> 0.15807165 | BH43: 1989 | BI43: 1029563 | BJ43: 822368.74 | BK43: 0.44405996 | BL43: 1851931.7 | BN43: =AT43 -> 0.43093335 | BP43: Grant | BQ43: 1989 | BR43: 1094661 | BS43: 244269 | BT43: 6323 | BU43: 9749 | BV43: 55358 | BW43: 0 | BX43: 39315 | BY43: 739647 | BZ43: =SUM(BS43:BY43) -> 1094661 | CB43: 0.324 | CC43: =BQ43 -> 1989 | CD43: =(BR43-AV43)/AV43 -> 0.18028858 | CE43: =(BY43-AU43)/AU43 -> 0.40142521 | CH43: 1989
A44: =N44 -> Grant | B44: =J44 -> 1990 | C44: =K44 -> 736039 | D44: =W44 -> 2146403.2 | E44: =LN(D44/C44) -> 1.0702657 | F44: =A44 -> Grant | G44: =P44 -> 861972 | H44: =W44 -> 2146403.2 | I44: =LN(H44/G44) -> 0.91232599 | J44: 1990 | K44: 736039 | L44: =NA() -> #N/A | N44: =BP44 -> Grant | O44: =BQ44 -> 1990 | P44: =BY44 -> 861972 | Q44: =BR44 -> 1594885 | S44: =$Q47*S$2 -> 158616 | T44: =$Q48*T$2 -> 1742817.5 | U44: =$Q49*U$2 -> 243163.8 | V44: =$Q50*V$2 -> 1805.815 | W44: =SUM(S44:V44) -> 2146403.2 | X44: =$Q47*$S$2 -> 158616 | Y44: =$Q48*$T$2 -> 1742817.5 | Z44: =$Q49*$U$2 -> 243163.8 | AA44: =$R50*$V$2 -> 1805.815 | AB44: =SUM(X44:AA44) -> 2146403.2 | AE44: 1990 | AK44: Cass | AL44: 1990 | AM44: 437784 | AN44: 8274 | AO44: 1988 | AP44: 143511 | AQ44: 15719 | AR44: 127188 | AS44: 734464 | AT44: =AS44/AV44 -> 0.49435486 | AU44: 751239 | AV44: 1485702 | AW44: =AS44/AV44 -> 0.49435486 | AX44: =AM44/AV44 -> 0.29466474 | AY44: =AO44/(AV44-AM44) -> 0.001897095 | AZ44: =AR44/(AV44-AM44-AO44-AQ44) -> 0.1234582 | BA44: =AS44/AV44 -> 0.49435486 | BB44: =AU44*BA44/(1-BA44) -> 734464.98 | BC44: 0.57 | BD44: =AX44/(SUM($AX44:$AZ44)) -> 0.70154924 | BE44: =AY44/(SUM($AX44:$AZ44)) -> 0.0045166773 | BF44: =AZ44/(SUM($AX44:$AZ44)) -> 0.29393408 | BH44: 1990 | BI44: 1743112 | BJ44: 1884857.3 | BK44: 0.51953507 | BL44: 3627969.3 | BN44: =AT44 -> 0.49435486 | BP44: Grant | BQ44: 1990 | BR44: 1594885 | BS44: 451937 | BT44: 16682 | BU44: 4 | BV44: 144478 | BW44: 0 | BX44: 119812 | BY44: 861972 | BZ44: =SUM(BS44:BY44) -> 1594885 | CB44: 0.46 | CC44: =BQ44 -> 1990 | CD44: =(BR44-AV44)/AV44 -> 0.073489165 | CE44: =(BY44-AU44)/AU44 -> 0.14740049 | CH44: 1990
A45: =N45 -> Grant | B45: =J45 -> 1991 | C45: =K45 -> 790060 | D45: =W45 -> 1813267.3 | E45: =LN(D45/C45) -> 0.83077674 | F45: =A45 -> Grant | G45: =P45 -> 1106348 | H45: =W45 -> 1813267.3 | I45: =LN(H45/G45) -> 0.49406586 | J45: 1991 | K45: 790060 | L45: =NA() -> #N/A | N45: =BP45 -> Grant | O45: =BQ45 -> 1991 | P45: =BY45 -> 1106348 | Q45: =BR45 -> 1454169 | S45: =$Q48*S$2 -> 246548.74 | T45: =$Q49*T$2 -> 1400488.4 | U45: =$Q50*U$2 -> 164589.78 | V45: =$Q51*V$2 -> 1640.421 | W45: =SUM(S45:V45) -> 1813267.3 | X45: =$Q48*$S$2 -> 246548.74 | Y45: =$Q49*$T$2 -> 1400488.4 | Z45: =$R50*$U$2 -> 164589.78 | AA45: =$R51*$V$2 -> 1640.421 | AB45: =SUM(X45:AA45) -> 1813267.3 | AC45: For recruits | AE45: 1991 | AL45: 1991 | AT45: =BC45 -> 0.42 | BC45: 0.42 | BP45: Grant | BQ45: 1991 | BR45: 1454169 | BS45: 104533 | BT45: 54637 | BU45: 78 | BV45: 110837 | BW45: 0 | BX45: 77737 | BY45: 1106348 | BZ45: =SUM(BS45:BY45) -> 1454170 | CB45: 0.239 | CH45: 1991
A46: =N46 -> Grant | B46: =J46 -> 1992 | C46: =K46 -> 757025 | D46: =W46 -> 1301468.2 | E46: =LN(D46/C46) -> 0.54185204 | F46: =A46 -> Grant | G46: =P46 -> 1035859 | H46: =W46 -> 1301468.2 | I46: =LN(H46/G46) -> 0.228262 | J46: 1992 | K46: 757025 | L46: =NA() -> #N/A | N46: =BP46 -> Grant | O46: =BQ46 -> 1992 | P46: =BY46 -> 1035859 | Q46: =BR46 -> 1555718 | S46: =$Q49*S$2 -> 198120.93 | T46: =$Q50*T$2 -> 947945.65 | U46: =$Q51*U$2 -> 149515.05 | V46: =$Q52*V$2 -> 5886.6044 | W46: =SUM(S46:V46) -> 1301468.2 | X46: =$Q49*$S$2 -> 198120.93 | Y46: =$R50*$T$2 -> 947945.65 | Z46: =$R51*$U$2 -> 149515.05 | AA46: =$R52*$V$2 -> 5886.6044 | AB46: =SUM(X46:AA46) -> 1301468.2 | AC46: %dif, Haleys vs digitized | AE46: 1992 | AL46: 1992 | AT46: =BC46 -> 0.53 | BC46: 0.53 | BP46: Grant | BQ46: 1992 | BR46: 1555718 | BS46: 309541 | BT46: 48931 | BU46: 57 | BV46: 90015 | BW46: 0 | BX46: 71317 | BY46: 1035859 | BZ46: =SUM(BS46:BY46) -> 1555720 | CB46: 0.334 | CH46: 1992
A47: =N47 -> Grant | B47: =J47 -> 1993 | C47: =K47 -> 788831 | D47: =L47 -> 1361315 | E47: =LN(D47/C47) -> 0.54565432 | F47: =A47 -> Grant | G47: =P47 -> 985479 | H47: =W47 -> 1536216.2 | I47: =LN(H47/G47) -> 0.44394985 | J47: 1993 | K47: 788831 | L47: 1361315 | N47: =BP47 -> Grant | O47: =AE47 -> 1993 | P47: =BY47 -> 985479 | Q47: =BR47 -> 1476663 | S47: =$Q50*S$2 -> 134101.71 | T47: =$Q51*T$2 -> 861123.58 | U47: =$Q52*U$2 -> 536530.53 | V47: =$Q53*V$2 -> 4460.3967 | W47: =SUM(S47:V47) -> 1536216.2 | X47: =$R50*$S$2 -> 134101.71 | Y47: =$R51*$T$2 -> 861123.58 | Z47: =$R52*$U$2 -> 536530.53 | AA47: =$R53*$V$2 -> 4460.3967 | AB47: =SUM(X47:AA47) -> 1536216.2 | AC47: =(AB47-L47)/L47 -> 0.1284796 | AD47: Brittany | AE47: 1993 | AF47: 788831 | AG47: =AF47*AT47/(1-AT47) -> 854566.92 | AH47: =AG47/(AF47+AG47) -> 0.52 | AI47: =AF47+AG47 -> 1643397.9 | AJ47: =(AI47-BR47)/BR47 -> 0.11291332 | AL47: 1993 | AT47: =BC47 -> 0.52 | BC47: 0.52 | BP47: Grant | BQ47: 1993 | BR47: 1476663 | BS47: 250194 | BT47: 26665 | BU47: 28 | BV47: 98891 | BW47: 0 | BX47: 115406 | BY47: 985479 | BZ47: =SUM(BS47:BY47) -> 1476663 | CB47: 0.333 | CH47: 1993 | CI47: 788831 | CJ47: 1361315 | CK47: =(CI47-P47)/P47 -> -0.1995456 | CL47: =(CJ47-AB47)/AB47 -> -0.11385195
A48: =N48 -> Grant | B48: =J48 -> 1994 | C48: =P48 -> 1666079 | D48: =L48 -> 3442899 | E48: =LN(D48/C48) -> 0.72584089 | F48: =A48 -> Grant | G48: =P48 -> 1666079 | H48: =W48 -> 3619664.9 | I48: =LN(H48/G48) -> 0.77590848 | J48: 1994 | K48: =NA() -> #N/A | L48: 3442899 | N48: =BP48 -> Grant | O48: =BQ48 -> 1994 | P48: =BY48 -> 1666079 | Q48: =BR48 -> 2295288 | S48: =$Q51*S$2 -> 121819.37 | T48: =$Q52*T$2 -> 3090117.7 | U48: =$Q53*U$2 -> 406539.81 | V48: =$Q54*V$2 -> 1188.0071 | W48: =SUM(S48:V48) -> 3619664.9 | X48: =$R51*$S$2 -> 121819.37 | Y48: =$R52*$T$2 -> 3090117.7 | Z48: =$R53*$U$2 -> 406539.81 | AA48: =$R54*$V$2 -> 1188.0071 | AB48: =SUM(X48:AA48) -> 3619664.9 | AC48: =(AB48-L48)/L48 -> 0.051342162 | AD48: Brittany | AE48: 1994 | AH48: =AT48 -> 0.44 | AL48: 1994 | AT48: =BC48 -> 0.44 | BC48: 0.44 | BP48: Grant | BQ48: 1994 | BR48: 2295288 | BS48: 335201 | BT48: 24576 | BU48: 0 | BV48: 54975 | BW48: 0 | BX48: 214456 | BY48: 1666079 | BZ48: =SUM(BS48:BY48) -> 2295287 | CB48: 0.274 | CH48: 1994 | CV48: Digitized from DFO 2023 slide set
A49: =N49 -> Grant | B49: =J49 -> 1995 | C49: =P49 -> 1628542 | D49: =L49 -> 3112653 | E49: =LN(D49/C49) -> 0.64779028 | F49: =A49 -> Grant | G49: =P49 -> 1628542 | H49: =W49 -> 2891781.2 | I49: =LN(H49/G49) -> 0.57418751 | J49: 1995 | K49: =NA() -> #N/A | L49: 3112653 | N49: =BP49 -> Grant | O49: =AE49 -> 1995 | P49: =BY49 -> 1628542 | Q49: =BR49 -> 1844441 | R49: Brittany tot. stock | S49: =$Q52*$S$2 -> 437145.37 | T49: =$Q53*$T$2 -> 2341443.4 | U49: =$Q54*$U$2 -> 108280.09 | V49: =$Q55*$V$2 -> 4912.3558 | W49: =SUM(S49:V49) -> 2891781.2 | X49: =$R52*$S$2 -> 437145.37 | Y49: =$R53*$T$2 -> 2341443.4 | Z49: =$R54*$U$2 -> 108280.09 | AA49: =$R55*$V$2 -> 4912.3558 | AB49: =SUM(X49:AA49) -> 2891781.2 | AC49: =(AB49-L49)/L49 -> -0.07095934 | AD49: Brittany | AE49: 1995 | AH49: =AT49 -> 0.28 | AL49: 1995 | AT49: =BC49 -> 0.28 | BC49: 0.28 | BP49: Grant | BQ49: 1995 | BR49: 1844441 | BS49: 94747 | BT49: 2224 | BU49: 507 | BV49: 31940 | BW49: 0 | BX49: 86480 | BY49: 1628542 | BZ49: =SUM(BS49:BY49) -> 1844440 | CB49: 0.117 | CH49: 1995 | CT49: Year | CU49: total Run | CV49: spawners | CW49: catch | CX49: harvest rate | CZ49: %dif spawn | DA49: %dif hr
A50: Haley | B50: =J50 -> 1996 | C50: =K50 -> 1186180 | D50: =L50 -> 1431408 | E50: =LN(D50/C50) -> 0.18792052 | F50: Murdoch | G50: =P50 -> 1186180 | H50: =W50 -> 1406508.4 | I50: =LN(H50/G50) -> 0.17037224 | J50: 1996 | K50: 1186180 | L50: 1431408 | N50: =AD50 -> Brittany | O50: =AE50 -> 1996 | P50: =AF50 -> 1186180 | Q50: =AI50 -> 1248442.9 | R50: =Q50 -> 1248442.9 | S50: =$Q53*$S$2 -> 331233.71 | T50: =$Q54*$T$2 -> 623633.15 | U50: =$Q55*$U$2 -> 447733.31 | V50: =$Q56*$V$2 -> 3908.2061 | W50: =SUM(S50:V50) -> 1406508.4 | X50: =$R53*$S$2 -> 331233.71 | Y50: =$R54*$T$2 -> 623633.15 | Z50: =$R55*$U$2 -> 447733.31 | AA50: =$R56*$V$2 -> 3908.2061 | AB50: =SUM(X50:AA50) -> 1406508.4 | AC50: =(AB50-L50)/L50 -> -0.017395197 | AD50: Brittany | AE50: 1996 | AF50: 1186180 | AG50: =AI50-AF50 -> 62262.946 | AH50: =AG50/AI50 -> 0.04987248 | AI50: 1248442.9 | AJ50: =(AI50-BR50)/BR50 -> 0.4084213 | AL50: 1996 | AT50: =BC50 -> 0.27 | BC50: 0.27 | BP50: Grant | BQ50: 1996 | BR50: 886413 | BS50: 24816 | BT50: 0 | BU50: 0 | BV50: 81 | BW50: 0 | BX50: 16175 | BY50: 845342 | BZ50: =SUM(BS50:BY50) -> 886414 | CB50: 0.046 | CH50: 1996 | CI50: 1186180 | CJ50: 1431408 | CK50: =(CI50-P50)/P50 -> 0 | CL50: =(CJ50-AB50)/AB50 -> 0.017703147 | CT50: 1996 | CU50: 1253503.3 | CV50: 1123652.9 | CW50: =CU50-CV50 -> 129850.39 | CX50: =CW50/CU50 -> 0.10358999 | CZ50: =(K50-CV50)/CU50 -> 0.049881843 | DA50: =(AH50-CX50)/CX50 -> -0.51855887
A51: Haley | B51: =J51 -> 1997 | C51: =K51 -> 1045815 | D51: =L51 -> 2858328 | E51: =LN(D51/C51) -> 1.0054404 | F51: Murdoch | G51: =P51 -> 1045815 | H51: =W51 -> 3026044.6 | I51: =LN(H51/G51) -> 1.0624599 | J51: 1997 | K51: 1045815 | L51: 2858328 | N51: =AD51 -> Brittany | O51: =AE51 -> 1997 | P51: =AF51 -> 1045815 | Q51: =AI51 -> 1134098.4 | R51: =Q51 -> 1134098.4 | S51: =$Q54*$S$2 -> 88222.642 | T51: =$Q55*$T$2 -> 2578695 | U51: =$Q56*$U$2 -> 356210.77 | V51: =$Q57*$CQ57 -> 2916.114 | W51: =SUM(S51:V51) -> 3026044.6 | X51: =$R54*$S$2 -> 88222.642 | Y51: =$R55*$T$2 -> 2578695 | Z51: =$R56*$U$2 -> 356210.77 | AA51: =$R57*$V$2 -> 2902.0006 | AB51: =SUM(X51:AA51) -> 3026030.5 | AC51: =(AB51-L51)/L51 -> 0.058671521 | AD51: Brittany | AE51: 1997 | AF51: 1045815 | AG51: =AI51-AF51 -> 88283.415 | AH51: =AG51/AI51 -> 0.07784458 | AI51: 1134098.4 | AJ51: =(AI51-BR51)/BR51 -> -0.32886159 | AL51: 1997 | AT51: =BC51 -> 0.18 | BC51: 0.18 | BP51: Grant | BQ51: 1997 | BR51: 1689813 | BS51: 38231 | BT51: 0 | BU51: 20 | BV51: 191 | BW51: 0 | BX51: 31764 | BY51: 1619608 | BZ51: =SUM(BS51:BY51) -> 1689814 | CB51: 0.042 | CH51: 1997 | CI51: 1045815 | CJ51: 2858328 | CK51: =(CI51-P51)/P51 -> 0 | CL51: =(CJ51-AB51)/AB51 -> -0.055419948 | CT51: 1997 | CU51: 1137153.1 | CV51: 955315.2 | CW51: =CU51-CV51 -> 181837.92 | CX51: =CW51/CU51 -> 0.15990627 | CZ51: =(K51-CV51)/CU51 -> 0.079584532 | DA51: =(AH51-CX51)/CX51 -> -0.51318621
A52: Haley | B52: =J52 -> 1998 | C52: =K52 -> 3561043 | D52: =L52 -> 2785129 | E52: =LN(D52/C52) -> -0.24575929 | F52: Murdoch | G52: =P52 -> 3561043 | H52: =W52 -> 2543320 | I52: =LN(H52/G52) -> -0.33658316 | J52: 1998 | K52: 3561043 | L52: 2785129 | N52: =AD52 -> Brittany | O52: =AE52 -> 1998 | P52: =AF52 -> 3561043 | Q52: =AI52 -> 4069680.2 | R52: =Q52 -> 4069680.2 | S52: =$Q55*$S$2 -> 364796.66 | T52: =$Q56*$T$2 -> 2051576.1 | U52: =$Q57*$CP57 -> 122476.79 | V52: =$Q58*CQ58 -> 4470.4815 | W52: =SUM(S52:V52) -> 2543320 | X52: =$R55*$S$2 -> 364796.66 | Y52: =$R56*$T$2 -> 2051576.1 | Z52: =$R57*$U$2 -> 264500.86 | AA52: =$R58*$V$2 -> 4849.7587 | AB52: =SUM(X52:AA52) -> 2685723.4 | AC52: =(AB52-L52)/L52 -> -0.035691572 | AD52: Brittany | AE52: 1998 | AF52: 3561043 | AG52: =AI52-AF52 -> 508637.2 | AH52: =AG52/AI52 -> 0.1249821 | AI52: 4069680.2 | AJ52: =(AI52-BR52)/BR52 -> -0.0057344078 | AL52: 1998 | AT52: =BC52 -> 0.36 | BC52: 0.36 | BP52: Grant | BQ52: 1998 | BR52: 4093152 | BS52: 334938 | BT52: 80296 | BU52: 0 | BV52: 26006 | BW52: 0 | BX52: 28281 | BY52: 3623631 | BZ52: =SUM(BS52:BY52) -> 4093152 | CB52: 0.115 | CH52: 1998 | CI52: 3561043 | CJ52: 2785129 | CK52: =(CI52-P52)/P52 -> 0 | CL52: =(CJ52-AB52)/AB52 -> 0.03701261 | CT52: 1998 | CU52: 4085678.8 | CV52: 3384399.8 | CW52: =CU52-CV52 -> 701278.96 | CX52: =CW52/CU52 -> 0.1716432 | CZ52: =(K52-CV52)/CU52 -> 0.043234727 | DA52: =(AH52-CX52)/CX52 -> -0.27184935
A53: Haley | B53: =J53 -> 1999 | C53: =K53 -> 2987256 | D53: =L53 -> 2232718 | E53: =LN(D53/C53) -> -0.29113556 | F53: Murdoch | G53: =P53 -> 2987256 | H53: =W53 -> 3078021.6 | I53: =LN(H53/G53) -> 0.029931797 | J53: 1999 | K53: 2987256 | L53: 2232718 | N53: =AD53 -> Brittany | O53: =AE53 -> 1999 | P53: =AF53 -> 2987256 | Q53: =AI53 -> 3083677.3 | R53: =Q53 -> 3083677.3 | S53: =$Q56*$S$2 -> 290227.46 | T53: =$Q57*$CO57 -> 1825487.3 | U53: =$Q58*CP58 -> 952212.55 | V53: =$Q59*CQ59 -> 10094.194 | W53: =SUM(S53:V53) -> 3078021.6 | X53: =$R56*$S$2 -> 290227.46 | Y53: =$R57*$T$2 -> 1523378 | Z53: =$R58*$U$2 -> 442027.94 | AA53: =$R59*$V$2 -> 2609.8903 | AB53: =SUM(X53:AA53) -> 2258243.3 | AC53: =(AB53-L53)/L53 -> 0.011432367 | AD53: Brittany | AE53: 1999 | AF53: 2987256 | AG53: =AI53-AF53 -> 96421.294 | AH53: =AG53/AI53 -> 0.031268283 | AI53: 3083677.3 | AJ53: =(AI53-BR53)/BR53 -> 0.0094269836 | AL53: 1999 | AT53: =BC53 -> 0.15 | BC53: 0.15 | BP53: Grant | BQ53: 1999 | BR53: 3054879 | BS53: 15202 | BT53: 0 | BU53: 0 | BV53: 71 | BW53: 0 | BX53: 54640 | BY53: 2984966 | BZ53: =SUM(BS53:BY53) -> 3054879 | CB53: 0.023 | CH53: 1999 | CI53: 2987256 | CJ53: 2232718 | CK53: =(CI53-P53)/P53 -> 0 | CL53: =(CJ53-AB53)/AB53 -> -0.011303145 | CT53: 1999 | CU53: 3086172.2 | CV53: 2774503.6 | CW53: =CU53-CV53 -> 311668.57 | CX53: =CW53/CU53 -> 0.10098872 | CZ53: =(K53-CV53)/CU53 -> 0.068937303 | DA53: =(AH53-CX53)/CX53 -> -0.69037846
A54: Haley | B54: =J54 -> 2000 | C54: =K54 -> 699976 | D54: =L54 -> 2988615 | E54: =LN(D54/C54) -> 1.4515193 | F54: Murdoch | G54: =P54 -> 699976 | H54: =W54 -> 2282485.9 | I54: =LN(H54/G54) -> 1.1819744 | J54: 2000 | K54: 699976 | L54: 2988615 | N54: =AD54 -> Brittany | O54: =AE54 -> 2000 | P54: =AF54 -> 699976 | Q54: =AI54 -> 821323.89 | R54: =Q54 -> 821323.89 | S54: =$Q57*$CN57 -> 55406.166 | T54: =$Q58*CO58 -> 1926777.5 | U54: =$Q59*CP59 -> 300302.26 | V54: =$Q60*CQ60 -> 0 | W54: =SUM(S54:V54) -> 2282485.9 | X54: =$R57*$S$2 -> 215505.59 | Y54: =$R58*$T$2 -> 2545835.3 | Z54: =$R59*$U$2 -> 237876.67 | AA54: =$R60*$V$2 -> 3881.8044 | AB54: =SUM(X54:AA54) -> 3003099.3 | AC54: =(AB54-L54)/L54 -> 0.0048465037 | AD54: Brittany | AE54: 2000 | AF54: 699976 | AG54: =AI54-AF54 -> 121347.89 | AH54: =AG54/AI54 -> 0.1477467 | AI54: 821323.89 | AJ54: =(AI54-BR54)/BR54 -> 0.018010685 | AL54: 2000 | AT54: =BC54 -> 0.31 | BC54: 0.31 | BP54: Grant | BQ54: 2000 | BR54: 806793 | BS54: 59602 | BT54: 17 | BU54: 4 | BV54: 243 | BW54: 0 | BX54: 24188 | BY54: 722739 | BZ54: =SUM(BS54:BY54) -> 806793 | CB54: 0.104 | CH54: 2000 | CI54: 699976 | CJ54: 2988615 | CK54: =(CI54-P54)/P54 -> 0 | CL54: =(CJ54-AB54)/AB54 -> -0.0048231284 | CT54: 2000 | CU54: 813977.82 | CV54: 697074.96 | CW54: =CU54-CV54 -> 116902.85 | CX54: =CW54/CU54 -> 0.14361921 | CZ54: =(K54-CV54)/CU54 -> 0.0035640265 | DA54: =(AH54-CX54)/CX54 -> 0.02873909
A55: Haley | B55: =J55 -> 2001 | C55: =K55 -> 3151893 | D55: =L55 -> 2160110 | E55: =LN(D55/C55) -> -0.37784408 | F55: Murdoch | G55: =P55 -> 3151893 | H55: =W55 -> 1868662.1 | I55: =LN(H55/G55) -> -0.52278052 | J55: 2001 | K55: 3151893 | L55: 2160110 | N55: =AD55 -> Brittany | O55: =AE55 -> 2001 | P55: =AF55 -> 3151893 | Q55: =AI55 -> 3396137.4 | R55: =Q55 -> 3396137.4 | S55: =$Q58*CN58 -> 469400.55 | T55: =$Q59*CO59 -> 1332433.6 | U55: =$Q60*CP60 -> 66827.95 | V55: =$Q61*CQ61 -> 0 | W55: =SUM(S55:V55) -> 1868662.1 | X55: =$R58*$S$2 -> 360148.13 | Y55: =$R59*$T$2 -> 1370037.4 | Z55: =$R60*$U$2 -> 353804.41 | AA55: =$R61*$V$2 -> 1999.9166 | AB55: =SUM(X55:AA55) -> 2085989.9 | AC55: =(AB55-L55)/L55 -> -0.034313135 | AD55: Brittany | AE55: 2001 | AF55: 3151893 | AG55: =AI55-AF55 -> 244244.36 | AH55: =AG55/AI55 -> 0.071918279 | AI55: 3396137.4 | AJ55: =(AI55-BR55)/BR55 -> -0.0011710311 | AL55: 2001 | AT55: =BC55 -> 0.32 | BC55: 0.32 | BP55: Grant | BQ55: 2001 | BR55: 3400119 | BS55: 79639 | BT55: 6221 | BU55: 541 | BV55: 2163 | BW55: 0 | BX55: 103574 | BY55: 3207981 | BZ55: =SUM(BS55:BY55) -> 3400119 | CB55: 0.057 | CH55: 2001 | CI55: 3151893 | CJ55: 2160110 | CK55: =(CI55-P55)/P55 -> 0 | CL55: =(CJ55-AB55)/AB55 -> 0.035532361 | CT55: 2001 | CU55: 3398886.8 | CV55: 3035230.7 | CW55: =CU55-CV55 -> 363656.1 | CX55: =CW55/CU55 -> 0.10699271 | CZ55: =(K55-CV55)/CU55 -> 0.034323671 | DA55: =(AH55-CX55)/CX55 -> -0.32782073
A56: Haley | B56: =J56 -> 2002 | C56: =K56 -> 2302250 | D56: =L56 -> 2425524 | E56: =LN(D56/C56) -> 0.052160678 | F56: Murdoch | G56: =P56 -> 2302250 | H56: =W56 -> 2826467.2 | I56: =LN(H56/G56) -> 0.20514068 | J56: 2002 | K56: 2302250 | L56: 2425524 | N56: =AD56 -> Brittany | O56: =AE56 -> 2002 | P56: =AF56 -> 2302250 | Q56: =AI56 -> 2701922.5 | R56: =Q56 -> 2701922.5 | S56: =$Q59*CN59 -> 161507.1 | T56: =$Q60*CO60 -> 2500772.2 | U56: =$Q61*CP61 -> 164187.82 | V56: =$Q62*CQ62 -> 0 | W56: =SUM(S56:V56) -> 2826467.2 | X56: =$R59*$S$2 -> 193813.17 | Y56: =$R60*$T$2 -> 2037716.7 | Z56: =$R61*$U$2 -> 182281.04 | AA56: =$R62*$V$2 -> 1781.9443 | AB56: =SUM(X56:AA56) -> 2415592.9 | AC56: =(AB56-L56)/L56 -> -0.0040944145 | AD56: Brittany | AE56: 2002 | AF56: 2302250 | AG56: =AI56-AF56 -> 399672.53 | AH56: =AG56/AI56 -> 0.14792154 | AI56: 2701922.5 | AJ56: =(AI56-BR56)/BR56 -> -0.011577703 | AL56: 2002 | AT56: =BC56 -> 0.4 | BC56: 0.4 | BP56: Grant | BQ56: 2002 | BR56: 2733571 | BS56: 195862 | BT56: 25755 | BU56: 140 | BV56: 77263 | BW56: 0 | BX56: 76370 | BY56: 2358181 | BZ56: =SUM(BS56:BY56) -> 2733571 | CB56: 0.137 | CH56: 2002 | CI56: 2302250 | CJ56: 2425524 | CK56: =(CI56-P56)/P56 -> 0 | CL56: =(CJ56-AB56)/AB56 -> 0.0041112477 | CN56: Age 3 | CO56: Age 4 | CP56: Age 5 | CQ56: Age 6 | CT56: 2002 | CU56: 2711068.6 | CV56: 2217562.1 | CW56: =CU56-CV56 -> 493506.49 | CX56: =CW56/CU56 -> 0.18203394 | CZ56: =(K56-CV56)/CU56 -> 0.03123784 | DA56: =(AH56-CX56)/CX56 -> -0.18739585
A57: Haley | B57: =J57 -> 2003 | C57: =K57 -> 1494491 | D57: =L57 -> 1619282 | E57: =LN(D57/C57) -> 0.08019716 | F57: Murdoch | G57: =P57 -> 1494491 | H57: =W57 -> 1321874.9 | I57: =LN(H57/G57) -> -0.12273454 | J57: 2003 | K57: 1494491 | L57: 1619282 | N57: =AD57 -> Brittany | O57: =AE57 -> 2003 | P57: =AF57 -> 1494491 | Q57: =AI57 -> 2006286.4 | R57: =Q57 -> 2006286.4 | S57: =$Q60*CN60 -> 116069.6 | T57: =$Q61*CO61 -> 1114748.9 | U57: =$Q62*CP62 -> 91056.436 | V57: =$Q63*CQ63 -> 0 | W57: =SUM(S57:V57) -> 1321874.9 | X57: =$R60*$S$2 -> 288266.83 | Y57: =$R61*$T$2 -> 1049837.5 | Z57: =$R62*$U$2 -> 162414.1 | AA57: =$R63*$V$2 -> 1181.6393 | AB57: =SUM(X57:AA57) -> 1501700 | AC57: =(AB57-L57)/L57 -> -0.072613645 | AD57: Brittany | AE57: 2003 | AF57: 1494491 | AG57: =AI57-AF57 -> 511795.42 | AH57: =AG57/AI57 -> 0.25509589 | AI57: 2006286.4 | AJ57: =(AI57-BR57)/BR57 -> -0.058957592 | AL57: 2003 | AT57: =BC57 -> 0.45 | BC57: 0.45 | BP57: Grant | BQ57: 2003 | BR57: 2131983 | BS57: 429450 | BT57: 5941 | BU57: 60 | BV57: 59987 | BW57: 0 | BX57: 113264 | BY57: 1523281 | BZ57: =SUM(BS57:BY57) -> 2131983 | CB57: 0.286 | CH57: 2003 | CI57: 1494491 | CJ57: 1619282 | CK57: =(CI57-P57)/P57 -> 0 | CL57: =(CJ57-AB57)/AB57 -> 0.078299239 | CM57: 2003 | CN57: 0.027616279 | CO57: 0.90988372 | CP57: 0.061046512 | CQ57: 0.0014534884 | CT57: 2003 | CU57: 2010283 | CV57: 1451821.7 | CW57: =CU57-CV57 -> 558461.3 | CX57: =CW57/CU57 -> 0.27780232 | CZ57: =(K57-CV57)/CU57 -> 0.021225502 | DA57: =(AH57-CX57)/CX57 -> -0.081735942
A58: Haley | B58: =J58 -> 2004 | C58: =K58 -> 2716634 | D58: =L58 -> 1231521 | E58: =LN(D58/C58) -> -0.79114362 | F58: Murdoch | G58: =P58 -> 2716634 | H58: =W58 -> 1274857.4 | I58: =LN(H58/G58) -> -0.75655926 | J58: 2004 | K58: 2716634 | L58: 1231521 | N58: =AD58 -> Brittany | O58: =AE58 -> 2004 | P58: =AF58 -> 2716634 | Q58: =AI58 -> 3352861.1 | R58: =Q58 -> 3352861.1 | S58: =$Q61*CN61 -> 103697.57 | T58: =$Q62*CO62 -> 1003406.2 | U58: =$Q63*CP63 -> 165625.87 | V58: =$Q64*CQ64 -> 2127.7708 | W58: =SUM(S58:V58) -> 1274857.4 | X58: =$R61*$S$2 -> 148515.89 | Y58: =$R62*$T$2 -> 935414.93 | Z58: =$R63*$U$2 -> 107699.71 | AA58: =$R64*$V$2 -> 957.17157 | AB58: =SUM(X58:AA58) -> 1192587.7 | AC58: =(AB58-L58)/L58 -> -0.031613989 | AD58: Brittany | AE58: 2004 | AF58: 2716634 | AG58: =AI58-AF58 -> 636227.1 | AH58: =AG58/AI58 -> 0.18975647 | AI58: 3352861.1 | AJ58: =(AI58-BR58)/BR58 -> -0.0033266123 | AL58: 2004 | AT58: =BC58 -> 0.44 | BC58: 0.44 | BP58: Grant | BQ58: 2004 | BR58: 3364052 | BS58: 351817 | BT58: 14175 | BU58: 124 | BV58: 123455 | BW58: 0 | BX58: 106393 | BY58: 2768088 | BZ58: =SUM(BS58:BY58) -> 3364052 | CB58: 0.177 | CH58: 2004 | CI58: 2716634 | CJ58: 1231521 | CK58: =(CI58-P58)/P58 -> 0 | CL58: =(CJ58-AB58)/AB58 -> 0.032646061 | CM58: 2004 | CN58: 0.14 | CO58: 0.57466667 | CP58: 0.284 | CQ58: 0.0013333333 | CT58: 2004 | CU58: 3361406.1 | CV58: 2608159.3 | CW58: =CU58-CV58 -> 753246.75 | CX58: =CW58/CU58 -> 0.22408681 | CZ58: =(K58-CV58)/CU58 -> 0.032270627 | DA58: =(AH58-CX58)/CX58 -> -0.15320104
A59: Haley | B59: =J59 -> 2005 | C59: =K59 -> 1331383 | D59: =L59 -> 884912 | E59: =LN(D59/C59) -> -0.40848533 | F59: Murdoch | G59: =P59 -> 1331383 | H59: =W59 -> 826792.96 | I59: =LN(H59/G59) -> -0.47641922 | J59: 2005 | K59: 1331383 | L59: 884912 | N59: =AD59 -> Brittany | O59: =AE59 -> 2005 | P59: =AF59 -> 1331383 | Q59: =AI59 -> 1804337.1 | R59: =Q59 -> 1804337.1 | S59: =$Q62*CN62 -> 137477.36 | T59: =$Q63*CO63 -> 620163.04 | U59: =$Q64*CP64 -> 69152.55 | V59: =$Q65*CQ65 -> 0 | W59: =SUM(S59:V59) -> 826792.96 | X59: =$R62*$S$2 -> 132329.04 | Y59: =$R63*$T$2 -> 620290.48 | Z59: =$R64*$U$2 -> 87240.748 | AA59: =$R65*$V$2 -> 2055.3018 | AB59: =SUM(X59:AA59) -> 841915.57 | AC59: =(AB59-L59)/L59 -> -0.048588368 | AD59: Brittany | AE59: 2005 | AF59: 1331383 | AG59: =AI59-AF59 -> 472954.13 | AH59: =AG59/AI59 -> 0.26212071 | AI59: 1804337.1 | AJ59: =(AI59-BR59)/BR59 -> 0.039479673 | AL59: 2005 | AT59: =BC59 -> 0.46 | BC59: 0.46 | BP59: Grant | BQ59: 2005 | BR59: 1735808 | BS59: 176446 | BT59: 3361 | BU59: 234 | BV59: 50487 | BW59: 0 | BX59: 77503 | BY59: 1427778 | BZ59: =SUM(BS59:BY59) -> 1735809 | CB59: 0.177 | CH59: 2005 | CI59: 1331383 | CJ59: 884912 | CK59: =(CI59-P59)/P59 -> 0 | CL59: =(CJ59-AB59)/AB59 -> 0.051069765 | CM59: 2005 | CN59: 0.08951049 | CO59: 0.73846154 | CP59: 0.16643357 | CQ59: 0.0055944056 | CT59: 2005 | CU59: 1803477.7 | CV59: 1309971.2 | CW59: =CU59-CV59 -> 493506.49 | CX59: =CW59/CU59 -> 0.27364159 | CZ59: =(K59-CV59)/CU59 -> 0.011872515 | DA59: =(AH59-CX59)/CX59 -> -0.042102065
A60: Haley | B60: =J60 -> 2006 | C60: =K60 -> 1970621 | D60: =L60 -> 744365 | E60: =LN(D60/C60) -> -0.97357249 | F60: Murdoch | G60: =P60 -> 1970621 | H60: =W60 -> 653276.45 | I60: =LN(H60/G60) -> -1.1041036 | J60: 2006 | K60: 1970621 | L60: 744365 | N60: =AD60 -> Brittany | O60: =AE60 -> 2006 | P60: =AF60 -> 1970621 | Q60: =AI60 -> 2683669.8 | R60: =Q60 -> 2683669.8 | S60: =$Q63*CN63 -> 31132.683 | T60: =$Q64*CO64 -> 555348.17 | U60: =$Q65*CP65 -> 66795.602 | V60: =$Q66*CQ66 -> 0 | W60: =SUM(S60:V60) -> 653276.45 | X60: =$R63*$S$2 -> 87749.768 | Y60: =$R64*$T$2 -> 502458.23 | Z60: =$R65*$U$2 -> 187329.08 | AA60: =$R66*$V$2 -> 2461.8932 | AB60: =SUM(X60:AA60) -> 779998.97 | AC60: =(AB60-L60)/L60 -> 0.047871633 | AD60: Brittany | AE60: 2006 | AF60: 1970621 | AG60: =AI60-AF60 -> 713048.79 | AH60: =AG60/AI60 -> 0.26569915 | AI60: 2683669.8 | AJ60: =(AI60-BR60)/BR60 -> -0.050342367 | AL60: 2006 | AT60: =BC60 -> 0.44 | BC60: 0.44 | BP60: Grant | BQ60: 2006 | BR60: 2825934 | BS60: 455783 | BT60: 9497 | BU60: 122 | BV60: 75541 | BW60: 0 | BX60: 197432 | BY60: 2087558 | BZ60: =SUM(BS60:BY60) -> 2825933 | CB60: 0.261 | CH60: 2006 | CI60: 1970621 | CJ60: 744365 | CK60: =(CI60-P60)/P60 -> 0 | CL60: =(CJ60-AB60)/AB60 -> -0.045684635 | CM60: 2006 | CN60: 0.043250328 | CO60: 0.93184797 | CP60: 0.024901704 | CQ60: 0 | CT60: 2006 | CU60: 2687088 | CV60: 1868906.2 | CW60: =CU60-CV60 -> 818181.82 | CX60: =CW60/CU60 -> 0.30448643 | CZ60: =(K60-CV60)/CU60 -> 0.037853182 | DA60: =(AH60-CX60)/CX60 -> -0.12738588
A61: Haley | B61: =J61 -> 2007 | C61: =K61 -> 1057248 | D61: =L61 -> 1296356 | E61: =LN(D61/C61) -> 0.20388795 | F61: Murdoch | G61: =P61 -> 1057248 | H61: =W61 -> 1919087.4 | I61: =LN(H61/G61) -> 0.59618045 | J61: 2007 | K61: 1057248 | L61: 1296356 | N61: =AD61 -> Brittany | O61: =AE61 -> 2007 | P61: =AF61 -> 1057248 | Q61: =AI61 -> 1382634.3 | R61: =Q61 -> 1382634.3 | S61: =$Q64*CN64 -> 35108.217 | T61: =$Q65*CO65 -> 1326803.5 | U61: =$Q66*CP66 -> 544300.78 | V61: =$Q67*CQ67 -> 12874.838 | W61: =SUM(S61:V61) -> 1919087.4 | X61: =$R64*$S$2 -> 71080.558 | Y61: =$R65*$T$2 -> 1078911.4 | Z61: =$R66*$U$2 -> 224387.57 | AA61: =$R67*$V$2 -> 2316.218 | AB61: =SUM(X61:AA61) -> 1376695.7 | AC61: =(AB61-L61)/L61 -> 0.061973511 | AD61: Brittany | AE61: 2007 | AF61: 1057248 | AG61: =AI61-AF61 -> 325386.3 | AH61: =AG61/AI61 -> 0.23533794 | AI61: 1382634.3 | AL61: 2007 | AT61: =BC61 -> 0.44 | BC61: 0.44 | CH61: 2007 | CI61: 1057248 | CJ61: 1296356 | CK61: =(CI61-P61)/P61 -> 0 | CL61: =(CJ61-AB61)/AB61 -> -0.058356927 | CM61: 2007 | CN61: 0.075 | CO61: 0.80625 | CP61: 0.11875 | CQ61: 0 | CT61: 2007 | CU61: 1388880.1 | CV61: 1012256.7 | CW61: =CU61-CV61 -> 376623.38 | CX61: =CW61/CU61 -> 0.27117054 | CZ61: =(K61-CV61)/CU61 -> 0.032393912 | DA61: =(AH61-CX61)/CX61 -> -0.13214048
A62: Haley | B62: =J62 -> 2008 | C62: =K62 -> 982016 | D62: =L62 -> 1641562 | E62: =LN(D62/C62) -> 0.51379591 | F62: Murdoch | G62: =P62 -> 982016 | H62: =W62 -> 1341575.5 | I62: =LN(H62/G62) -> 0.31199235 | J62: 2008 | K62: 982016 | L62: 1641562 | N62: =AD62 -> Brittany | O62: =AE62 -> 2008 | P62: =AF62 -> 982016 | Q62: =AI62 -> 1231940 | R62: =Q62 -> 1231940 | S62: =$Q65*CN65 -> 27325.473 | T62: =$Q66*CO66 -> 976285.53 | U62: =$Q67*CP67 -> 337964.49 | V62: =$Q68*CQ68 -> 0 | W62: =SUM(S62:V62) -> 1341575.5 | X62: =$R65*$S$2 -> 152628.85 | Y62: =$R66*$T$2 -> 1292347.7 | Z62: =$R67*$U$2 -> 211110.1 | AA62: =$R68*$V$2 -> 2181.0587 | AB62: =SUM(X62:AA62) -> 1658267.7 | AC62: =(AB62-L62)/L62 -> 0.010176718 | AD62: Brittany | AE62: 2008 | AF62: 982016 | AG62: =AI62-AF62 -> 249924.02 | AH62: =AG62/AI62 -> 0.20287028 | AI62: 1231940 | AL62: 2008 | AT62: =BC62 -> 0.43 | BC62: 0.43 | CH62: 2008 | CI62: 982016 | CJ62: 1641562 | CK62: =(CI62-P62)/P62 -> 0 | CL62: =(CJ62-AB62)/AB62 -> -0.010074196 | CM62: 2008 | CN62: 0.1115942 | CO62: 0.81449275 | CP62: 0.073913043 | CQ62: 0 | CT62: 2008 | CU62: 1220522.6 | CV62: 934828.09 | CW62: =CU62-CV62 -> 285694.55 | CX62: =CW62/CU62 -> 0.23407558 | CZ62: =(K62-CV62)/CU62 -> 0.038662052 | DA62: =(AH62-CX62)/CX62 -> -0.13331294
A63: Haley | B63: =J63 -> 2009 | C63: =K63 -> 474550 | D63: =L63 -> 1613902 | E63: =LN(D63/C63) -> 1.2240431 | F63: Murdoch | G63: =P63 -> 474550 | H63: =W63 -> 1605367.1 | I63: =LN(H63/G63) -> 1.2187407 | J63: 2009 | K63: 474550 | L63: 1613902 | N63: =AD63 -> Brittany | O63: =AE63 -> 2009 | P63: =AF63 -> 474550 | Q63: =AI63 -> 816921.6 | R63: =Q63 -> 816921.6 | S63: =$Q66*CN66 -> 181433.59 | T63: =$Q67*CO67 -> 1200578.6 | U63: =$Q68*CP68 -> 220586.48 | V63: =$Q69*CQ69 -> 2768.3728 | W63: =SUM(S63:V63) -> 1605367.1 | X63: =$R66*$S$2 -> 182822.75 | Y63: =$R67*$T$2 -> 1215876.9 | Z63: =$R68*$U$2 -> 198791.11 | AA63: =$R69*$V$2 -> 2101.2687 | AB63: =SUM(X63:AA63) -> 1599592 | AC63: =(AB63-L63)/L63 -> -0.0088667091 | AD63: Brittany | AE63: 2009 | AF63: 474550 | AG63: =AI63-AF63 -> 342371.6 | AH63: =AG63/AI63 -> 0.4190997 | AI63: 816921.6 | AL63: 2009 | AT63: =BC63 -> 0.42 | BC63: 0.42 | CH63: 2009 | CI63: 474550 | CJ63: 1613902 | CK63: =(CI63-P63)/P63 -> 0 | CL63: =(CJ63-AB63)/AB63 -> 0.0089460309 | CM63: 2009 | CN63: 0.038109756 | CO63: 0.75914634 | CP63: 0.2027439 | CQ63: 0 | CT63: 2009 | CU63: 792484.11 | CV63: 454821.77 | CW63: =CU63-CV63 -> 337662.34 | CX63: =CW63/CU63 -> 0.42608089 | CZ63: =(K63-CV63)/CU63 -> 0.02489416 | DA63: =(AH63-CX63)/CX63 -> -0.016384661
A64: Haley | B64: =J64 -> 2010 | C64: =K64 -> 608718 | D64: =L64 -> 1521759 | E64: =LN(D64/C64) -> 0.91626708 | F64: Murdoch | G64: =P64 -> 608718 | H64: =W64 -> 1596985.4 | I64: =LN(H64/G64) -> 0.96451789 | J64: 2010 | K64: 608718 | L64: 1521759 | N64: =AD64 -> Brittany | O64: =AE64 -> 2010 | P64: =AF64 -> 608718 | Q64: =AI64 -> 661736.7 | R64: =Q64 -> 661736.7 | S64: =$Q67*CN67 -> 49889.997 | T64: =$Q68*CO68 -> 1222679.3 | U64: =$Q69*CP69 -> 318362.87 | V64: =$Q70*CQ70 -> 6053.1809 | W64: =SUM(S64:V64) -> 1596985.4 | X64: =$R67*$S$2 -> 172004.76 | Y64: =$R68*$T$2 -> 1144926.3 | Z64: =$R69*$U$2 -> 191518.7 | AA64: =$R70*$V$2 -> 4259.622 | AB64: =SUM(X64:AA64) -> 1512709.4 | AC64: =(AB64-L64)/L64 -> -0.0059468227 | AD64: Brittany | AE64: 2010 | AF64: 608718 | AG64: =AI64-AF64 -> 53018.705 | AH64: =AG64/AI64 -> 0.080120544 | AI64: 661736.7 | AL64: 2010 | AT64: =BC64 -> 0.38 | BC64: 0.38 | CH64: 2010 | CI64: 608718 | CJ64: 1521759 | CK64: =(CI64-P64)/P64 -> 0 | CL64: =(CJ64-AB64)/AB64 -> 0.0059823989 | CM64: 2010 | CN64: 0.053054662 | CO64: 0.8392283 | CP64: 0.10450161 | CQ64: 0.0032154341 | CT64: 2010 | CU64: 663107.41 | CV64: 585185.33 | CW64: =CU64-CV64 -> 77922.078 | CX64: =CW64/CU64 -> 0.11751049 | CZ64: =(K64-CV64)/CU64 -> 0.035488472 | DA64: =(AH64-CX64)/CX64 -> -0.31818391
A65: Haley | B65: =J65 -> 2011 | C65: =K65 -> 1079068 | D65: =L65 -> 1567636 | E65: =LN(D65/C65) -> 0.37347105 | F65: Murdoch | G65: =P65 -> 1079068 | H65: =W65 -> 1137157.7 | I65: =LN(H65/G65) -> 0.052434169 | J65: 2011 | K65: 1079068 | L65: 1567636 | N65: =AD65 -> Brittany | O65: =AE65 -> 2011 | P65: =AF65 -> 1079068 | Q65: =AI65 -> 1420924.6 | R65: =Q65 -> 1420924.6 | S65: =$Q68*CN68 -> 64600.326 | T65: =$Q69*CO69 -> 879650.46 | U65: =$Q70*CP70 -> 190675.2 | V65: =$Q71*CQ71 -> 2231.6793 | W65: =SUM(S65:V65) -> 1137157.7 | X65: =$R68*$S$2 -> 161967.69 | Y65: =$R69*$T$2 -> 1103041.3 | Z65: =$R70*$U$2 -> 388240.34 | AA65: =$R71*$V$2 -> 1551.0641 | AB65: =SUM(X65:AA65) -> 1654800.4 | AC65: =(AB65-L65)/L65 -> 0.055602424 | AD65: Brittany | AE65: 2011 | AF65: 1079068 | AG65: =AI65-AF65 -> 341856.62 | AH65: =AG65/AI65 -> 0.24058744 | AI65: 1420924.6 | AL65: 2011 | AT65: =BC65 -> 0.46 | BC65: 0.46 | CH65: 2011 | CI65: 1079068 | CJ65: 1567636 | CK65: =(CI65-P65)/P65 -> 0 | CL65: =(CJ65-AB65)/AB65 -> -0.052673642 | CM65: 2011 | CN65: 0.019230769 | CO65: 0.93376068 | CP65: 0.047008547 | CQ65: 0 | CT65: 2011 | CU65: 1416827.9 | CV65: 1027237.2 | CW65: =CU65-CV65 -> 389590.65 | CX65: =CW65/CU65 -> 0.27497388 | CZ65: =(K65-CV65)/CU65 -> 0.036582284 | DA65: =(AH65-CX65)/CX65 -> -0.12505347
A66: Haley | B66: =J66 -> 2012 | C66: =K66 -> 1381072 | D66: =L66 -> 2530282 | E66: =LN(D66/C66) -> 0.60547075 | F66: Murdoch | G66: =P66 -> 1381072 | H66: =W66 -> 3027578.8 | I66: =LN(H66/G66) -> 0.78490321 | J66: 2012 | K66: 1381072 | L66: 2530282 | N66: =AD66 -> Brittany | O66: =AE66 -> 2012 | P66: =AF66 -> 1381072 | Q66: =AI66 -> 1702019.9 | R66: =Q66 -> 1702019.9 | S66: =$Q69*CN69 -> 251921.93 | T66: =$Q70*CO70 -> 2596814.6 | U66: =$Q71*CP71 -> 177418.5 | V66: =$Q72*CQ72 -> 1423.7453 | W66: =SUM(S66:V66) -> 3027578.8 | X66: =$R69*$S$2 -> 156042.4 | Y66: =$R70*$T$2 -> 2236048.6 | Z66: =$R71*$U$2 -> 141370.67 | AA66: =$R72*$V$2 -> 1141.9272 | AB66: =SUM(X66:AA66) -> 2534603.6 | AC66: =(AB66-L66)/L66 -> 0.001707949 | AD66: Brittany | AE66: 2012 | AF66: 1381072 | AG66: =AI66-AF66 -> 320947.91 | AH66: =AG66/AI66 -> 0.18856883 | AI66: 1702019.9 | AL66: 2012 | AT66: =BC66 -> 0.38 | BC66: 0.38 | CH66: 2012 | CI66: 1381072 | CJ66: 2530282 | CK66: =(CI66-P66)/P66 -> 0 | CL66: =(CJ66-AB66)/AB66 -> -0.0017050369 | CM66: 2012 | CN66: 0.10659898 | CO66: 0.57360406 | CP66: 0.31979695 | CQ66: 0 | CT66: 2012 | CU66: 1703055.3 | CV66: 1339438.7 | CW66: =CU66-CV66 -> 363616.63 | CX66: =CW66/CU66 -> 0.21350841 | CZ66: =(K66-CV66)/CU66 -> 0.024446254 | DA66: =(AH66-CX66)/CX66 -> -0.11680839
A67: Haley | B67: =J67 -> 2013 | C67: =K67 -> 1167839 | D67: =L67 -> 1408307 | E67: =LN(D67/C67) -> 0.18723324 | F67: Murdoch | G67: =P67 -> 1167839 | H67: =W67 -> 805154.93 | I67: =LN(H67/G67) -> -0.37187559 | J67: 2013 | K67: 1167839 | L67: 1408307 | N67: =AD67 -> Brittany | O67: =AE67 -> 2013 | P67: =AF67 -> 1167839 | Q67: =AI67 -> 1601308 | R67: =Q67 -> 1601308 | S67: =$Q70*CN70 -> 151329.52 | T67: =$Q71*CO71 -> 636028.59 | U67: =$Q72*CP72 -> 17796.817 | V67: =$Q73*CQ73 -> 0 | W67: =SUM(S67:V67) -> 805154.93 | X67: =$R70*$S$2 -> 316323.97 | Y67: =$R71*$T$2 -> 814216.52 | Z67: =$R72*$U$2 -> 104080.18 | AA67: =$R73*$V$2 -> 471.74881 | AB67: =SUM(X67:AA67) -> 1235092.4 | AC67: =(AB67-L67)/L67 -> -0.12299491 | AD67: Brittany | AE67: 2013 | AF67: 1167839 | AG67: =AI67-AF67 -> 433468.96 | AH67: =AG67/AI67 -> 0.27069681 | AI67: 1601308 | AL67: 2013 | AT67: =BC67 -> 0.5 | BC67: 0.5 | CH67: 2013 | CI67: 1167839 | CJ67: 1408307 | CK67: =(CI67-P67)/P67 -> 0 | CL67: =(CJ67-AB67)/AB67 -> 0.14024423 | CM67: 2013 | CN67: 0.031155779 | CO67: 0.74974874 | CP67: 0.21105528 | CQ67: 0.008040201 | CT67: 2013 | CU67: 1586685.4 | CV67: 1132139.9 | CW67: =CU67-CV67 -> 454545.45 | CX67: =CW67/CU67 -> 0.28647485 | CZ67: =(K67-CV67)/CU67 -> 0.02249917 | DA67: =(AH67-CX67)/CX67 -> -0.055076538
A68: Haley | B68: =J68 -> 2014 | C68: =K68 -> 1165580 | D68: =L68 -> 810777 | E68: =LN(D68/C68) -> -0.36298105 | F68: Murdoch | G68: =P68 -> 1165580 | H68: =W68 -> 920933.05 | I68: =LN(H68/G68) -> -0.23558676 | J68: 2014 | K68: 1165580 | L68: 810777 | N68: =AD68 -> Brittany | O68: =AE68 -> 2014 | P68: =AF68 -> 1165580 | Q68: =AI68 -> 1507866.1 | R68: =Q68 -> 1507866.1 | S68: =$Q71*CN71 -> 256643.12 | T68: =$Q72*CO72 -> 639261.66 | U68: =$Q73*CP73 -> 25028.275 | V68: =$Q74*CQ74 -> 0 | W68: =SUM(S68:V68) -> 920933.05 | X68: =$R71*$S$2 -> 115183.63 | Y68: =$R72*$T$2 -> 599443.98 | Z68: =$R73*$U$2 -> 42997.223 | AA68: =$R74*$V$2 -> 975.54469 | AB68: =SUM(X68:AA68) -> 758600.38 | AC68: =(AB68-L68)/L68 -> -0.064353845 | AD68: Brittany | AE68: 2014 | AF68: 1165580 | AG68: =AI68-AF68 -> 342286.14 | AH68: =AG68/AI68 -> 0.22700035 | AI68: 1507866.1 | AL68: 2014 | AT68: =BC68 -> 0.45 | BC68: 0.45 | CH68: 2014 | CI68: 1165580 | CJ68: 810777 | CK68: =(CI68-P68)/P68 -> 0 | CL68: =(CJ68-AB68)/AB68 -> 0.068780109 | CM68: 2014 | CN68: 0.042842215 | CO68: 0.81086729 | CP68: 0.14629049 | CQ68: 0 | CT68: 2014 | CU68: 1509256.7 | CV68: 1132633.3 | CW68: =CU68-CV68 -> 376623.38 | CX68: =CW68/CU68 -> 0.24954229 | CZ68: =(K68-CV68)/CU68 -> 0.021829736 | DA68: =(AH68-CX68)/CX68 -> -0.090333148
A69: Haley | B69: =J69 -> 2015 | C69: =K69 -> 950865 | D69: =L69 -> 438554 | E69: =LN(D69/C69) -> -0.77388915 | F69: Murdoch | G69: =P69 -> 950865 | H69: =W69 -> 390127.06 | I69: =LN(H69/G69) -> -0.89089961 | J69: 2015 | K69: 950865 | L69: 438554 | N69: =AD69 -> Brittany | O69: =AE69 -> 2015 | P69: =AF69 -> 950865 | Q69: =AI69 -> 1452703.6 | R69: =Q69 -> 1452703.6 | S69: =$Q72*CN72 -> 130984.57 | T69: =$Q73*CO73 -> 247702.51 | U69: =$Q74*CP74 -> 11439.981 | V69: =$Q75*CQ75 -> 0 | W69: =SUM(S69:V69) -> 390127.06 | X69: =$R72*$S$2 -> 84800.706 | Y69: =$R73*$T$2 -> 247640.11 | Z69: =$R74*$U$2 -> 88915.354 | AA69: =$R75*$V$2 -> 762.32021 | AB69: =SUM(X69:AA69) -> 422118.49 | AC69: =(AB69-L69)/L69 -> -0.037476593 | AD69: Brittany | AE69: 2015 | AF69: 950865 | AG69: =AI69-AF69 -> 501838.64 | AH69: =AG69/AI69 -> 0.34545149 | AI69: 1452703.6 | AL69: 2015 | AT69: =BC69 -> 0.52 | BC69: 0.52 | CH69: 2015 | CI69: 950865 | CJ69: 438554 | CK69: =(CI69-P69)/P69 -> 0 | CL69: =(CJ69-AB69)/AB69 -> 0.038935773 | CM69: 2015 | CN69: 0.17341591 | CO69: 0.60552644 | CP69: 0.21915198 | CQ69: 0.0019056694 | CT69: 2015 | CU69: 1444834.8 | CV69: 925354.28 | CW69: =CU69-CV69 -> 519480.52 | CX69: =CW69/CU69 -> 0.35954319 | CZ69: =(K69-CV69)/CU69 -> 0.017656495 | DA69: =(AH69-CX69)/CX69 -> -0.039193355
A70: Haley | B70: =J70 -> 2016 | C70: =K70 -> 1975386 | D70: =L70 -> 597944 | E70: =LN(D70/C70) -> -1.195022 | F70: Murdoch | G70: =P70 -> 1975386 | H70: =W70 -> 720301.21 | I70: =LN(H70/G70) -> -1.0088496 | J70: 2016 | K70: 1975386 | L70: 597944 | N70: =AD70 -> Brittany | O70: =AE70 -> 2016 | P70: =AF70 -> 1975386 | Q70: =AI70 -> 2944872.5 | R70: =Q70 -> 2944872.5 | S70: =$Q73*CN73 -> 53410.854 | T70: =$Q74*CO74 -> 570959.06 | U70: =$Q75*CP75 -> 94256.047 | V70: =$Q76*CQ76 -> 1675.2466 | W70: =SUM(S70:V70) -> 720301.21 | X70: =$R73*$S$2 -> 35032.558 | Y70: =$R74*$T$2 -> 512103.03 | Z70: =$R75*$U$2 -> 69481.154 | AA70: =$R76*$V$2 -> 1675.2466 | AB70: =SUM(X70:AA70) -> 618291.99 | AC70: =(AB70-L70)/L70 -> 0.034029918 | AD70: Brittany | AE70: 2016 | AF70: 1975386 | AG70: =AI70-AF70 -> 969486.52 | AH70: =AG70/AI70 -> 0.32921171 | AI70: 2944872.5 | AL70: 2016 | AT70: =BC70 -> 0.46 | BC70: 0.46 | CH70: 2016 | CI70: 1975386 | CJ70: 597944 | CK70: =(CI70-P70)/P70 -> 0 | CL70: =(CJ70-AB70)/AB70 -> -0.032909993 | CM70: 2016 | CN70: 0.051387461 | CO70: 0.88180884 | CP70: 0.064748201 | CQ70: 0.0020554985 | CT70: 2016 | CU70: 2951821.7 | CV70: 1938834.7 | CW70: =CU70-CV70 -> 1012987 | CX70: =CW70/CU70 -> 0.34317351 | CZ70: =(K70-CV70)/CU70 -> 0.012382617 | DA70: =(AH70-CX70)/CX70 -> -0.040684362
A71: Haley | B71: =J71 -> 2017 | C71: =K71 -> 659667 | D71: =L71 -> 599216 | E71: =LN(D71/C71) -> -0.096113028 | F71: Murdoch | G71: =P71 -> 659667 | H71: =W71 -> 502191.1 | I71: =LN(H71/G71) -> -0.27275444 | J71: 2017 | K71: 659667 | L71: 599216 | N71: =AD71 -> Brittany | O71: =AE71 -> 2017 | P71: =AF71 -> 659667 | Q71: =AI71 -> 1072321.9 | R71: =Q71 -> 1072321.9 | S71: =$Q74*CN74 -> 92039.849 | T71: =$Q75*CO75 -> 257462.04 | U71: =$Q76*CP76 -> 152689.21 | V71: =$Q77*CQ77 -> 0 | W71: =SUM(S71:V71) -> 502191.1 | X71: =$R74*$S$2 -> 72444.965 | Y71: =$R75*$T$2 -> 400172.83 | Z71: =$R76*$U$2 -> 152689.21 | AA71: =$R77*$V$2 -> 0 | AB71: =SUM(X71:AA71) -> 625307.01 | AC71: =(AB71-L71)/L71 -> 0.043541906 | AD71: Brittany | AE71: 2017 | AF71: 659667 | AG71: =AI71-AF71 -> 412654.89 | AH71: =AG71/AI71 -> 0.38482371 | AI71: 1072321.9 | AL71: 2017 | AT71: =BC71 -> 0.56 | BC71: 0.56 | CH71: 2017 | CI71: 659667 | CJ71: 599216 | CK71: =(CI71-P71)/P71 -> 0 | CL71: =(CJ71-AB71)/AB71 -> -0.041725115 | CM71: 2017 | CN71: 0.23933403 | CO71: 0.59313215 | CP71: 0.16545265 | CQ71: 0.0020811655 | CT71: 2017 | CU71: 1056231 | CV71: 640646.59 | CW71: =CU71-CV71 -> 415584.42 | CX71: =CW71/CU71 -> 0.39345978 | CZ71: =(K71-CV71)/CU71 -> 0.018007815 | DA71: =(AH71-CX71)/CX71 -> -0.021949044
A72: Haley | B72: =J72 -> 2018 | C72: =K72 -> 684875 | J72: 2018 | K72: 684875 | N72: =AD72 -> Brittany | O72: =AE72 -> 2018 | P72: =AF72 -> 684875 | Q72: =AI72 -> 789466.79 | R72: =Q72 -> 789466.79 | S72: =$Q75*CN75 -> 175308.91 | T72: =$Q76*CO76 -> 879404.99 | U72: =$Q77*CP77 -> 0 | V72: =$Q78*CQ78 -> 0 | X72: =$R75*$S$2 -> 56610.692 | Y72: =$R76*$T$2 -> 879404.99 | Z72: =$R77*$U$2 -> 0 | AA72: =$R78*$V$2 -> 0 | AB72: =NA() -> #N/A | AD72: Brittany | AE72: 2018 | AF72: 684875 | AG72: =AI72-AF72 -> 104591.79 | AH72: =AG72/AI72 -> 0.13248409 | AI72: 789466.79 | AL72: 2018 | AT72: =BC72 -> 0.36 | BC72: 0.36 | CH72: 2018 | CM72: 2018 | CN72: 0.16591524 | CO72: 0.8097385 | CP72: 0.022542831 | CQ72: 0.0018034265 | CT72: 2018 | CU72: 771029.88 | CV72: 654127.03 | CW72: =CU72-CV72 -> 116902.85 | CX72: =CW72/CU72 -> 0.1516191 | CZ72: =(K72-CV72)/CU72 -> 0.039879093 | DA72: =(AH72-CX72)/CX72 -> -0.12620443
A73: Haley | B73: =J73 -> 2019 | C73: =K73 -> 303816 | J73: 2019 | K73: 303816 | N73: =AD73 -> Brittany | O73: =AE73 -> 2019 | P73: =AF73 -> 303816 | Q73: =AI73 -> 326141.64 | R73: =Q73 -> 326141.64 | S73: =$Q76*CN76 -> 124405.56 | T73: =$Q77*CO77 -> 0 | U73: =$Q78*CP78 -> 0 | V73: =$Q79*CQ79 -> 0 | X73: =$R76*$S$2 -> 124405.56 | Y73: =$R77*$T$2 -> 0 | Z73: =$R78*$U$2 -> 0 | AA73: =$R79*$V$2 -> 0 | AB73: =NA() -> #N/A | AD73: Brittany | AE73: 2019 | AF73: 303816 | AG73: =AI73-AF73 -> 22325.64 | AH73: =AG73/AI73 -> 0.068453817 | AI73: 326141.64 | AL73: 2019 | AT73: =BC73 -> 0.25 | BC73: 0.25 | CH73: 2019 | CM73: 2019 | CN73: 0.16376582 | CO73: 0.75949367 | CP73: 0.076740506 | CQ73: 0 | CT73: 2019 | CU73: 329945.13 | CV73: 303971.1 | CW73: =CU73-CV73 -> 25974.026 | CX73: =CW73/CU73 -> 0.078722259 | CZ73: =(K73-CV73)/CU73 -> -0.00047009296 | DA73: =(AH73-CX73)/CX73 -> -0.13043887
A74: Haley | B74: =J74 -> 2020 | C74: =K74 -> 542377 | J74: 2020 | K74: 542377 | N74: =AD74 -> Brittany | O74: =AE74 -> 2020 | P74: =AF74 -> 542377 | Q74: =AI74 -> 674438.89 | R74: =Q74 -> 674438.89 | S74: =$Q77*CN77 -> 0 | T74: =$Q78*CO78 -> 0 | U74: =$Q79*CP79 -> 0 | V74: =$Q80*CQ80 -> 0 | X74: =$R77*$CN77 -> 0 | Y74: =$R78*$CO78 -> 0 | Z74: =$R79*$CP79 -> 0 | AA74: =$R80*$CQ80 -> 0 | AB74: =NA() -> #N/A | AD74: Brittany | AE74: 2020 | AF74: 542377 | AG74: =AI74-AF74 -> 132061.89 | AH74: =AG74/AI74 -> 0.19581002 | AI74: 674438.89 | AL74: 2020 | AT74: =BC74 -> 0.30774843 | BC74: 0.30774843 | CH74: 2020 | CM74: 2020 | CN74: 0.13646877 | CO74: 0.84656901 | CP74: 0.016962221 | CQ74: 0 | CT74: 2020 | CU74: 668100.9 | CV74: 525243.75 | CW74: =CU74-CV74 -> 142857.14 | CX74: =CW74/CU74 -> 0.2138257 | CZ74: =(K74-CV74)/CU74 -> 0.0256447 | DA74: =(AH74-CX74)/CX74 -> -0.084254069
A75: Haley | B75: =J75 -> 2021 | C75: =K75 -> 499287 | J75: 2021 | K75: 499287 | N75: =AD75 -> Brittany | O75: =AE75 -> 2021 | P75: =AF75 -> 499287 | Q75: =AI75 -> 527027 | R75: =Q75 -> 527027 | S75: =$Q78*CN78 -> 0 | T75: =$Q79*CO79 -> 0 | U75: =$Q80*CP80 -> 0 | V75: =$Q81*CQ81 -> 0 | X75: =$R78*$CN78 -> 0 | Y75: =$R79*$CO79 -> 0 | Z75: =$R80*$CP80 -> 0 | AA75: =$R81*$CQ81 -> 0 | AB75: =NA() -> #N/A | AD75: Brittany | AE75: 2021 | AF75: 499287 | AG75: =AI75-AF75 -> 27740 | AH75: =AG75/AI75 -> 0.052634874 | AI75: 527027 | AL75: 2021 | AT75: =AVERAGE($AT$72:$AT$74) -> 0.30591614 | CH75: 2021 | CM75: 2021 | CN75: 0.33263744 | CO75: 0.48851775 | CP75: 0.17884482 | CQ75: 0 | CT75: 2021 | CU75: 538743.93 | CV75: 499782.89 | CW75: =CU75-CV75 -> 38961.039 | CX75: =CW75/CU75 -> 0.072318288 | CZ75: =(K75-CV75)/CU75 -> -0.00092045933 | DA75: =(AH75-CX75)/CX75 -> -0.27217754
A76: Haley | B76: =J76 -> 2022 | C76: =K76 -> 1056921 | J76: 2022 | K76: 1056921 | N76: =AD76 -> Brittany | O76: =AE76 -> 2022 | P76: =AF76 -> 1056921 | Q76: =AI76 -> 1158175 | R76: =Q76 -> 1158175 | S76: =$Q79*CN79 -> 0 | T76: =$Q80*CO80 -> 0 | U76: =$Q81*CP81 -> 0 | V76: =$Q82*CQ82 -> 0 | X76: =$R79*$CN79 -> 0 | Y76: =$R80*$CO80 -> 0 | Z76: =$R81*$CP81 -> 0 | AA76: =$R82*$CQ82 -> 0 | AB76: =NA() -> #N/A | AD76: Brittany | AE76: 2022 | AF76: 1056921 | AG76: =AI76-AF76 -> 101254 | AH76: =AG76/AI76 -> 0.087425475 | AI76: 1158175 | AL76: 2022 | AT76: =AVERAGE($AT$72:$AT$74) -> 0.30591614 | CM76: 2022 | CN76: =S$2 -> 0.10741517 | CO76: =T$2 -> 0.75930234 | CP76: =U$2 -> 0.13183604 | CQ76: =V$2 -> 0.0014464538 | CT76: 2022 | CU76: 1162614 | CV76: 1019756.8 | CW76: =CU76-CV76 -> 142857.14 | CX76: =CW76/CU76 -> 0.12287582 | CZ76: =(K76-CV76)/CU76 -> 0.031966037 | DA76: =(AH76-CX76)/CX76 -> -0.28850544
CM77: 2023 | CN77: =S$2 -> 0.10741517 | CO77: =T$2 -> 0.75930234 | CP77: =U$2 -> 0.13183604 | CQ77: =V$2 -> 0.0014464538
CM78: 2024 | CN78: =S$2 -> 0.10741517 | CO78: =T$2 -> 0.75930234 | CP78: =U$2 -> 0.13183604 | CQ78: =V$2 -> 0.0014464538
CM79: 2025 | CN79: =S$2 -> 0.10741517 | CO79: =T$2 -> 0.75930234 | CP79: =U$2 -> 0.13183604 | CQ79: =V$2 -> 0.0014464538
CM80: 2026 | CN80: =S$2 -> 0.10741517 | CO80: =T$2 -> 0.75930234 | CP80: =U$2 -> 0.13183604 | CQ80: =V$2 -> 0.0014464538
CM81: 2027 | CN81: =S$2 -> 0.10741517 | CO81: =T$2 -> 0.75930234 | CP81: =U$2 -> 0.13183604 | CQ81: =V$2 -> 0.0014464538

Sheet SR + catch data Haley
A1: Source | B1: Brood year | C1: Spawners (D) | D1: Total stock | E1: Recruits | F1: SpawnC | G1: RecruitC | H1: lnRSC | I1: CatchC | J1: HR | K1: =covariates!R9 -> spawners | L1: =covariates!T9 -> smolt.sst | M1: =covariates!V9 -> SSLs, control stopped 1970 | N1: =covariates!U9 -> NPGO | O1: =covariates!W9 -> adult.sst | P1: =covariates!X9 -> PDO adult | Q1: =H1 -> lnRSC | R1: Year | S1: alpha(y)
A2: Cass | B2: 1951 | C2: ='Orig data'!C5 -> 171725 | D2: ='Orig data'!Q5 -> 1187739 | E2: ='Orig data'!D5 -> 498986 | F2: =C2/1000 -> 171.725 | G2: =E2/1000 -> 498.986 | H2: =LN(E2/C2) -> 1.0666837 | I2: =D2-C2 -> 1016014 | J2: =I2/D2 -> 0.85541857 | K2: =covariates!R11 -> 171725 | L2: =covariates!T11 -> -1.4648119 | M2: =covariates!V11 -> 0.21616787 | N2: =covariates!U11 -> -1.0984671 | O2: =covariates!W11 -> -1.1106467 | P2: =covariates!X11 -> -2.2405166 | Q2: =H2 -> 1.0666837 | R2: =B2 -> 1951 | S2: =$AX$23+K2*$AX$24+L2*$AX$25+M2*$AX$26 -> 1.0737449
A3: Cass | B3: 1952 | C3: ='Orig data'!C6 -> 176250 | D3: ='Orig data'!Q6 -> 927000 | E3: ='Orig data'!D6 -> 283055 | F3: =C3/1000 -> 176.25 | G3: =E3/1000 -> 283.055 | H3: =LN(E3/C3) -> 0.47373778 | I3: =D3-C3 -> 750750 | J3: =I3/D3 -> 0.80987055 | K3: =covariates!R12 -> 176250 | L3: =covariates!T12 -> -0.66139705 | M3: =covariates!V12 -> 0.16409794 | N3: =covariates!U12 -> 0.85361449 | O3: =covariates!W12 -> -0.40960074 | P3: =covariates!X12 -> -1.24959 | Q3: =H3 -> 0.47373778 | R3: =B3 -> 1952 | S3: =$AX$23+K3*$AX$24+L3*$AX$25+M3*$AX$26 -> 0.979765
A4: Grant | B4: 1953 | C4: ='Orig data'!C7 -> 137225 | D4: ='Orig data'!Q7 -> 918122 | E4: ='Orig data'!D7 -> 312122 | F4: =C4/1000 -> 137.225 | G4: =E4/1000 -> 312.122 | H4: =LN(E4/C4) -> 0.82177222 | I4: =D4-C4 -> 780897 | J4: =I4/D4 -> 0.85053729 | K4: =covariates!R13 -> 137625 | L4: =covariates!T13 -> -1.1472717 | M4: =covariates!V13 -> -0.15610451 | N4: =covariates!U13 -> 0.90303427 | O4: =covariates!W13 -> 0.94352578 | P4: =covariates!X13 -> 1.0113249 | Q4: =H4 -> 0.82177222 | R4: =B4 -> 1953 | S4: =$AX$23+K4*$AX$24+L4*$AX$25+M4*$AX$26 -> 1.1020316
A5: Grant | B5: 1954 | C5: ='Orig data'!C8 -> 86375 | D5: ='Orig data'!Q8 -> 1096517 | E5: ='Orig data'!D8 -> 504589 | F5: =C5/1000 -> 86.375 | G5: =E5/1000 -> 504.589 | H5: =LN(E5/C5) -> 1.765046 | I5: =D5-C5 -> 1010142 | J5: =I5/D5 -> 0.92122785 | K5: =covariates!R14 -> 86375 | L5: =covariates!T14 -> -1.4571603 | M5: =covariates!V14 -> -0.4738288 | N5: =covariates!U14 -> 0.038188016 | O5: =covariates!W14 -> 0.8742115 | P5: =covariates!X14 -> 1.0277654 | Q5: =H5 -> 1.765046 | R5: =B5 -> 1954 | S5: =$AX$23+K5*$AX$24+L5*$AX$25+M5*$AX$26 -> 1.2082923
A6: Grant | B6: 1955 | C6: ='Orig data'!C9 -> 110500 | D6: ='Orig data'!Q9 -> 397099 | E6: ='Orig data'!D9 -> 592568 | F6: =C6/1000 -> 110.5 | G6: =E6/1000 -> 592.568 | H6: =LN(E6/C6) -> 1.6794501 | I6: =D6-C6 -> 286599 | J6: =I6/D6 -> 0.72173186 | K6: =covariates!R15 -> 110500 | L6: =covariates!T15 -> -1.6331464 | M6: =covariates!V15 -> -0.63243612 | N6: =covariates!U15 -> -0.15949113 | O6: =covariates!W15 -> -0.35887996 | P6: =covariates!X15 -> 1.0857902 | Q6: =H6 -> 1.6794501 | R6: =B6 -> 1955 | S6: =$AX$23+K6*$AX$24+L6*$AX$25+M6*$AX$26 -> 1.2402737
A7: Grant | B7: 1956 | C7: ='Orig data'!C10 -> 32925 | D7: ='Orig data'!Q10 -> 282627 | E7: ='Orig data'!D10 -> 518932 | F7: =C7/1000 -> 32.925 | G7: =E7/1000 -> 518.932 | H7: =LN(E7/C7) -> 2.7575406 | I7: =D7-C7 -> 249702 | J7: =I7/D7 -> 0.8835037 | K7: =covariates!R16 -> 32950 | L7: =covariates!T16 -> -0.93685356 | M7: =covariates!V16 -> -0.61854863 | N7: =covariates!U16 -> -1.3702759 | O7: =covariates!W16 -> -0.59361318 | P7: =covariates!X16 -> 0.59134867 | Q7: =H7 -> 2.7575406 | R7: =B7 -> 1956 | S7: =$AX$23+K7*$AX$24+L7*$AX$25+M7*$AX$26 -> 1.1895366 | AW7: SUMMARY OUTPUT
A8: Grant | B8: 1957 | C8: ='Orig data'!C11 -> 84630 | D8: ='Orig data'!Q11 -> 308363 | E8: ='Orig data'!D11 -> 353281 | F8: =C8/1000 -> 84.63 | G8: =E8/1000 -> 353.281 | H8: =LN(E8/C8) -> 1.428975 | I8: =D8-C8 -> 223733 | J8: =I8/D8 -> 0.72555073 | K8: =covariates!R17 -> 84655 | L8: =covariates!T17 -> 0.79622698 | M8: =covariates!V17 -> -0.6302244 | N8: =covariates!U17 -> -0.45600984 | O8: =covariates!W17 -> 0.12052565 | P8: =covariates!X17 -> -0.78767908 | Q8: =H8 -> 1.428975 | R8: =B8 -> 1957 | S8: =$AX$23+K8*$AX$24+L8*$AX$25+M8*$AX$26 -> 0.95299088
A9: Grant | B9: 1958 | C9: ='Orig data'!C12 -> 89375 | D9: ='Orig data'!Q12 -> 559829 | E9: ='Orig data'!D12 -> 302174 | F9: =C9/1000 -> 89.375 | G9: =E9/1000 -> 302.174 | H9: =LN(E9/C9) -> 1.218162 | I9: =D9-C9 -> 470454 | J9: =I9/D9 -> 0.84035304 | K9: =covariates!R18 -> 89400 | L9: =covariates!T18 -> -0.16021923 | M9: =covariates!V18 -> -0.64877422 | N9: =covariates!U18 -> -0.35717027 | O9: =covariates!W18 -> 0.49073089 | P9: =covariates!X18 -> 0.023031265 | Q9: =H9 -> 1.218162 | R9: =B9 -> 1958 | S9: =$AX$23+K9*$AX$24+L9*$AX$25+M9*$AX$26 -> 1.0711114 | AW9: Regression Statistics
A10: Grant | B10: 1959 | C10: ='Orig data'!C13 -> 152300 | D10: ='Orig data'!Q13 -> 651622 | E10: ='Orig data'!D13 -> 361837 | F10: =C10/1000 -> 152.3 | G10: =E10/1000 -> 361.837 | H10: =LN(E10/C10) -> 0.86534157 | I10: =D10-C10 -> 499322 | J10: =I10/D10 -> 0.76627554 | K10: =covariates!R19 -> 152300 | L10: =covariates!T19 -> -0.35916005 | M10: =covariates!V19 -> -0.66732404 | N10: =covariates!U19 -> 0.73006502 | O10: =covariates!W19 -> 0.8550132 | P10: =covariates!X19 -> 0.15222652 | Q10: =H10 -> 0.86534157 | R10: =B10 -> 1959 | S10: =$AX$23+K10*$AX$24+L10*$AX$25+M10*$AX$26 -> 1.0681971 | AW10: Multiple R | AX10: 0.74037797
A11: Grant | B11: 1960 | C11: ='Orig data'!C14 -> 263700 | D11: ='Orig data'!Q14 -> 390714 | E11: ='Orig data'!D14 -> 416907 | F11: =C11/1000 -> 263.7 | G11: =E11/1000 -> 416.907 | H11: =LN(E11/C11) -> 0.45805108 | I11: =D11-C11 -> 127014 | J11: =I11/D11 -> 0.32508177 | K11: =covariates!R20 -> 144782 | L11: =covariates!T20 -> 0.31800387 | M11: =covariates!V20 -> -0.68587386 | N11: =covariates!U20 -> 1.2736827 | O11: =covariates!W20 -> -0.39676863 | P11: =covariates!X20 -> -0.30670834 | Q11: =H11 -> 0.45805108 | R11: =B11 -> 1960 | S11: =$AX$23+K11*$AX$24+L11*$AX$25+M11*$AX$26 -> 0.99090335 | AW11: R Square | AX11: 0.54815954
A12: Grant | B12: 1961 | C12: ='Orig data'!C15 -> 172700 | D12: ='Orig data'!Q15 -> 253644 | E12: ='Orig data'!D15 -> 288161 | F12: =C12/1000 -> 172.7 | G12: =E12/1000 -> 288.161 | H12: =LN(E12/C12) -> 0.51196337 | I12: =D12-C12 -> 80944 | J12: =I12/D12 -> 0.31912444 | K12: =covariates!R21 -> 103920 | L12: =covariates!T21 -> -0.61548763 | M12: =covariates!V21 -> -0.70442368 | N12: =covariates!U21 -> -0.060651556 | O12: =covariates!W21 -> -0.39606329 | P12: =covariates!X21 -> -0.1012222 | Q12: =H12 -> 0.51196337 | R12: =B12 -> 1961 | S12: =$AX$23+K12*$AX$24+L12*$AX$25+M12*$AX$26 -> 1.127928 | AW12: Adjusted R Square | AX12: 0.52629629
A13: Grant | B13: 1962 | C13: ='Orig data'!C16 -> 180200 | D13: ='Orig data'!Q16 -> 249239 | E13: ='Orig data'!D16 -> 423280 | F13: =C13/1000 -> 180.2 | G13: =E13/1000 -> 423.28 | H13: =LN(E13/C13) -> 0.85396655 | I13: =D13-C13 -> 69039 | J13: =I13/D13 -> 0.27699919 | K13: =covariates!R22 -> 130357 | L13: =covariates!T22 -> 0.27974603 | M13: =covariates!V22 -> -0.7229735 | N13: =covariates!U22 -> -0.45600984 | O13: =covariates!W22 -> -0.35900969 | P13: =covariates!X22 -> -0.17622042 | Q13: =H13 -> 0.85396655 | R13: =B13 -> 1962 | S13: =$AX$23+K13*$AX$24+L13*$AX$25+M13*$AX$26 -> 1.0075886 | AW13: Standard Error | AX13: 0.47903204
A14: Grant | B14: 1963 | C14: ='Orig data'!C17 -> 214200 | D14: ='Orig data'!Q17 -> 339884 | E14: ='Orig data'!D17 -> 430785 | F14: =C14/1000 -> 214.2 | G14: =E14/1000 -> 430.785 | H14: =LN(E14/C14) -> 0.69869897 | I14: =D14-C14 -> 125684 | J14: =I14/D14 -> 0.36978499 | K14: =covariates!R23 -> 192245 | L14: =covariates!T23 -> -0.51601722 | M14: =covariates!V23 -> -0.74152332 | N14: =covariates!U23 -> 0.53238588 | O14: =covariates!W23 -> 0.49333067 | P14: =covariates!X23 -> -0.060290396 | Q14: =H14 -> 0.69869897 | R14: =B14 -> 1963 | S14: =$AX$23+K14*$AX$24+L14*$AX$25+M14*$AX$26 -> 1.078684 | AW14: Observations | AX14: 66
A15: Grant | B15: 1964 | C15: ='Orig data'!C18 -> 325400 | D15: ='Orig data'!Q18 -> 371556 | E15: ='Orig data'!D18 -> 1165723 | F15: =C15/1000 -> 325.4 | G15: =E15/1000 -> 1165.723 | H15: =LN(E15/C15) -> 1.2760416 | I15: =D15-C15 -> 46156 | J15: =I15/D15 -> 0.12422354 | K15: =covariates!R24 -> 246741 | L15: =covariates!T24 -> -0.63079077 | M15: =covariates!V24 -> -0.76007314 | N15: =covariates!U24 -> -0.77723845 | O15: =covariates!W24 -> 0.022873874 | P15: =covariates!X24 -> -0.19486841 | Q15: =H15 -> 1.2760416 | R15: =B15 -> 1964 | S15: =$AX$23+K15*$AX$24+L15*$AX$25+M15*$AX$26 -> 1.0694051
A16: Grant | B16: 1965 | C16: ='Orig data'!C19 -> 184800 | D16: ='Orig data'!Q19 -> 170472 | E16: ='Orig data'!D19 -> 851349 | F16: =C16/1000 -> 184.8 | G16: =E16/1000 -> 851.349 | H16: =LN(E16/C16) -> 1.527548 | I16: =D16-C16 -> -14328 | J16: =I16/D16 -> -0.084048993 | K16: =covariates!R25 -> 129459 | L16: =covariates!T25 -> -0.73791275 | M16: =covariates!V25 -> -0.77859613 | N16: =covariates!U25 -> -0.82665824 | O16: =covariates!W25 -> -0.69640221 | P16: =covariates!X25 -> 0.93734856 | Q16: =H16 -> 1.527548 | R16: =B16 -> 1965 | S16: =$AX$23+K16*$AX$24+L16*$AX$25+M16*$AX$26 -> 1.1410338 | AW16: ANOVA
A17: Grant | B17: 1966 | C17: ='Orig data'!C20 -> 429700 | D17: ='Orig data'!Q20 -> 419759 | E17: ='Orig data'!D20 -> 719419 | F17: =C17/1000 -> 429.7 | G17: =E17/1000 -> 719.419 | H17: =LN(E17/C17) -> 0.51535665 | I17: =D17-C17 -> -9941 | J17: =I17/D17 -> -0.023682637 | K17: =covariates!R26 -> 360810 | L17: =covariates!T26 -> -0.26734121 | M17: =covariates!V26 -> -0.79469093 | N17: =covariates!U26 -> -0.75252856 | O17: =covariates!W26 -> -1.2391506 | P17: =covariates!X26 -> -0.98622252 | Q17: =H17 -> 0.51535665 | R17: =B17 -> 1966 | S17: =$AX$23+K17*$AX$24+L17*$AX$25+M17*$AX$26 -> 0.97503101 | AX17: df | AY17: SS | AZ17: MS | BA17: F | BB17: Significance F
A18: Grant | B18: 1967 | C18: ='Orig data'!C21 -> 213873 | D18: ='Orig data'!Q21 -> 323003 | E18: ='Orig data'!D21 -> 526762 | F18: =C18/1000 -> 213.873 | G18: =E18/1000 -> 526.762 | H18: =LN(E18/C18) -> 0.90136645 | I18: =D18-C18 -> 109130 | J18: =I18/D18 -> 0.33786064 | K18: =covariates!R27 -> 213873 | L18: =covariates!T27 -> -0.14109031 | M18: =covariates!V27 -> -0.79827728 | N18: =covariates!U27 -> -0.57955931 | O18: =covariates!W27 -> -1.6371069 | P18: =covariates!X27 -> -1.52534 | Q18: =H18 -> 0.90136645 | R18: =B18 -> 1967 | S18: =$AX$23+K18*$AX$24+L18*$AX$25+M18*$AX$26 -> 1.0299869 | X18: SUMMARY OUTPUT | AW18: Regression | AX18: 3 | AY18: 17.260075 | AZ18: 5.7533583 | BA18: 25.072191 | BB18: 9.6120725e-11
A19: Grant | B19: 1968 | C19: ='Orig data'!C22 -> 822200 | D19: ='Orig data'!Q22 -> 1153257 | E19: ='Orig data'!D22 -> 1219850 | F19: =C19/1000 -> 822.2 | G19: =E19/1000 -> 1219.85 | H19: =LN(E19/C19) -> 0.3944995 | I19: =D19-C19 -> 331057 | J19: =I19/D19 -> 0.28706264 | K19: =covariates!R28 -> 670328 | L19: =covariates!T28 -> -0.64226813 | M19: =covariates!V28 -> -0.80845959 | N19: =covariates!U28 -> -1.2467264 | O19: =covariates!W28 -> -0.76440085 | P19: =covariates!X28 -> -0.47782905 | Q19: =H19 -> 0.3944995 | R19: =B19 -> 1968 | S19: =$AX$23+K19*$AX$24+L19*$AX$25+M19*$AX$26 -> 0.87562499 | AW19: Residual | AX19: 62 | AY19: 14.227245 | AZ19: 0.2294717
A20: Grant | B20: 1969 | C20: ='Orig data'!C23 -> 390100 | D20: ='Orig data'!Q23 -> 578493 | E20: ='Orig data'!D23 -> 1312868 | F20: =C20/1000 -> 390.1 | G20: =E20/1000 -> 1312.868 | H20: =LN(E20/C20) -> 1.2135662 | I20: =D20-C20 -> 188393 | J20: =I20/D20 -> 0.32566168 | K20: =covariates!R29 -> 309220 | L20: =covariates!T29 -> -0.77234481 | M20: =covariates!V29 -> -0.81065089 | N20: =covariates!U29 -> 0.013478123 | O20: =covariates!W29 -> -1.3810567 | P20: =covariates!X29 -> -0.87351657 | Q20: =H20 -> 1.2135662 | R20: =B20 -> 1969 | S20: =$AX$23+K20*$AX$24+L20*$AX$25+M20*$AX$26 -> 1.0640229 | X20: Regression Statistics | AW20: Total | AX20: 65 | AY20: 31.48732
A21: Grant | B21: 1970 | C21: ='Orig data'!C24 -> 287250 | D21: ='Orig data'!Q24 -> 739355 | E21: ='Orig data'!D24 -> 832641 | F21: =C21/1000 -> 287.25 | G21: =E21/1000 -> 832.641 | H21: =LN(E21/C21) -> 1.0642497 | I21: =D21-C21 -> 452105 | J21: =I21/D21 -> 0.61148569 | K21: =covariates!R30 -> 284250 | L21: =covariates!T30 -> -1.2964773 | M21: =covariates!V30 -> -0.77487521 | N21: =covariates!U30 -> 0.038188016 | O21: =covariates!W30 -> -0.86371165 | P21: =covariates!X30 -> -0.38442874 | Q21: =H21 -> 1.0642497 | R21: =B21 -> 1970 | S21: =$AX$23+K21*$AX$24+L21*$AX$25+M21*$AX$26 -> 1.1355772 | X21: Multiple R | Y21: 0.68757289
A22: Grant | B22: 1971 | C22: ='Orig data'!C25 -> 290150 | D22: ='Orig data'!Q25 -> 376364 | E22: ='Orig data'!D25 -> 589068 | F22: =C22/1000 -> 290.15 | G22: =E22/1000 -> 589.068 | H22: =LN(E22/C22) -> 0.7081436 | I22: =D22-C22 -> 86214 | J22: =I22/D22 -> 0.22907079 | K22: =covariates!R31 -> 290125 | L22: =covariates!T31 -> -1.4380314 | M22: =covariates!V31 -> -0.74016061 | N22: =covariates!U31 -> -0.43129995 | O22: =covariates!W31 -> -1.5803583 | P22: =covariates!X31 -> -0.7770558 | Q22: =H22 -> 0.7081436 | R22: =B22 -> 1971 | S22: =$AX$23+K22*$AX$24+L22*$AX$25+M22*$AX$26 -> 1.1454463 | X22: R Square | Y22: 0.47275648 | AX22: Coefficients | AY22: Standard Error | AZ22: t Stat | BA22: P-value | BB22: Lower 95% | BC22: Upper 95% | BD22: Lower 95.0% | BE22: Upper 95.0%
A23: Grant | B23: 1972 | C23: ='Orig data'!C26 -> 423290 | D23: ='Orig data'!Q26 -> 1349820 | E23: ='Orig data'!D26 -> 965520 | F23: =C23/1000 -> 423.29 | G23: =E23/1000 -> 965.52 | H23: =LN(E23/C23) -> 0.82460929 | I23: =D23-C23 -> 926530 | J23: =I23/D23 -> 0.68641004 | K23: =covariates!R32 -> 423290 | L23: =covariates!T32 -> -1.1090139 | M23: =covariates!V32 -> -0.70635502 | N23: =covariates!U32 -> -0.38188016 | O23: =covariates!W32 -> -1.8072179 | P23: =covariates!X32 -> 1.2876151 | Q23: =H23 -> 0.82460929 | R23: =B23 -> 1972 | S23: =$AX$23+K23*$AX$24+L23*$AX$25+M23*$AX$26 -> 1.036812 | X23: Adjusted R Square | Y23: 0.4645183 | AW23: Intercept | AX23: 1.0048175 | AY23: 0.090529379 | AZ23: 11.099353 | BA23: 2.2737769e-16 | BB23: 0.82385185 | BC23: 1.1857831 | BD23: 0.82385185 | BE23: 1.1857831
A24: Grant | B24: 1973 | C24: ='Orig data'!C27 -> 267105 | D24: ='Orig data'!Q27 -> 1506960 | E24: ='Orig data'!D27 -> 826929 | F24: =C24/1000 -> 267.105 | G24: =E24/1000 -> 826.929 | H24: =LN(E24/C24) -> 1.130077 | I24: =D24-C24 -> 1239855 | J24: =I24/D24 -> 0.82275243 | K24: =covariates!R33 -> 267080 | L24: =covariates!T33 -> -1.1166654 | M24: =covariates!V33 -> -0.67676424 | N24: =covariates!U33 -> -0.30775049 | O24: =covariates!W33 -> -0.57709049 | P24: =covariates!X33 -> 0.73516175 | Q24: =H24 -> 1.130077 | R24: =B24 -> 1973 | S24: =$AX$23+K24*$AX$24+L24*$AX$25+M24*$AX$26 -> 1.1081239 | X24: Standard Error | Y24: 0.50931151 | AW24: spawners | AX24: -4.7650998e-07 | AY24: 8.6095697e-08 | AZ24: -5.5346551 | BA24: 6.6982192e-07 | BB24: -6.4861283e-07 | BC24: -3.0440714e-07 | BD24: -6.4861283e-07 | BE24: -3.0440714e-07
A25: Grant | B25: 1974 | C25: ='Orig data'!C28 -> 350390 | D25: ='Orig data'!Q28 -> 717854 | E25: ='Orig data'!D28 -> 1107885 | F25: =C25/1000 -> 350.39 | G25: =E25/1000 -> 1107.885 | H25: =LN(E25/C25) -> 1.1511613 | I25: =D25-C25 -> 367464 | J25: =I25/D25 -> 0.51189239 | K25: =covariates!R34 -> 350315 | L25: =covariates!T34 -> -1.5375018 | M25: =covariates!V34 -> -0.6745911 | N25: =covariates!U34 -> 0.70535513 | O25: =covariates!W34 -> -0.45059028 | P25: =covariates!X34 -> -0.11173288 | Q25: =H25 -> 1.1511613 | R25: =B25 -> 1974 | S25: =$AX$23+K25*$AX$24+L25*$AX$25+M25*$AX$26 -> 1.1200092 | X25: Observations | Y25: 66 | AW25: smolt.sst | AX25: -0.12319812 | AY25: 0.065439756 | AZ25: -1.8826189 | BA25: 0.064446208 | BB25: -0.25401033 | BC25: 0.0076140857 | BD25: -0.25401033 | BE25: 0.0076140857
A26: Grant | B26: 1975 | C26: ='Orig data'!C29 -> 191445 | D26: ='Orig data'!Q29 -> 486199 | E26: ='Orig data'!D29 -> 527760 | F26: =C26/1000 -> 191.445 | G26: =E26/1000 -> 527.76 | H26: =LN(E26/C26) -> 1.0140411 | I26: =D26-C26 -> 294754 | J26: =I26/D26 -> 0.60624148 | K26: =covariates!R35 -> 191420 | L26: =covariates!T35 -> -1.4380314 | M26: =covariates!V35 -> -0.68217551 | N26: =covariates!U35 -> 1.2242629 | O26: =covariates!W35 -> 0.4361134 | P26: =covariates!X35 -> 0.73195731 | Q26: =H26 -> 1.0140411 | R26: =B26 -> 1975 | S26: =$AX$23+K26*$AX$24+L26*$AX$25+M26*$AX$26 -> 1.1845119 | AW26: SeaLions | AX26: -0.1374209 | AY26: 0.069583586 | AZ26: -1.974904 | BA26: 0.052736233 | BB26: -0.27651651 | BC26: 0.0016747069 | BD26: -0.27651651 | BE26: 0.0016747069
A27: Grant | B27: 1976 | C27: ='Orig data'!C30 -> 340467 | D27: ='Orig data'!Q30 -> 1003722 | E27: ='Orig data'!D30 -> 761292 | F27: =C27/1000 -> 340.467 | G27: =E27/1000 -> 761.292 | H27: =LN(E27/C27) -> 0.80469879 | I27: =D27-C27 -> 663255 | J27: =I27/D27 -> 0.66079552 | K27: =covariates!R36 -> 340517 | L27: =covariates!T36 -> -0.82973158 | M27: =covariates!V36 -> -0.68972168 | N27: =covariates!U36 -> 1.4960717 | O27: =covariates!W36 -> -0.058828973 | P27: =covariates!X36 -> 1.239464 | Q27: =H27 -> 0.80469879 | R27: =B27 -> 1976 | S27: =$AX$23+K27*$AX$24+L27*$AX$25+M27*$AX$26 -> 1.0395613 | X27: ANOVA
A28: Grant | B28: 1977 | C28: ='Orig data'!C31 -> 599371 | D28: ='Orig data'!Q31 -> 722536 | E28: ='Orig data'!D31 -> 583647 | F28: =C28/1000 -> 599.371 | G28: =E28/1000 -> 583.647 | H28: =LN(E28/C28) -> -0.026584424 | I28: =D28-C28 -> 123165 | J28: =I28/D28 -> 0.17046209 | K28: =covariates!R37 -> 599341 | L28: =covariates!T37 -> 0.47486105 | M28: =covariates!V37 -> -0.69205875 | N28: =covariates!U37 -> 0.92774416 | O28: =covariates!W37 -> -0.13059937 | P28: =covariates!X37 -> 0.6412799 | Q28: =H28 -> -0.026584424 | R28: =B28 -> 1977 | S28: =$AX$23+K28*$AX$24+L28*$AX$25+M28*$AX$26 -> 0.75582688 | Y28: df | Z28: SS | AA28: MS | AB28: F | AC28: Significance F
A29: Grant | B29: 1978 | C29: ='Orig data'!C32 -> 359065 | D29: ='Orig data'!Q32 -> 1185223 | E29: ='Orig data'!D32 -> 635560 | F29: =C29/1000 -> 359.065 | G29: =E29/1000 -> 635.56 | H29: =LN(E29/C29) -> 0.57100307 | I29: =D29-C29 -> 826158 | J29: =I29/D29 -> 0.69704857 | K29: =covariates!R38 -> 358990 | L29: =covariates!T38 -> -0.82973158 | M29: =covariates!V38 -> -0.68849258 | N29: =covariates!U38 -> -0.62897909 | O29: =covariates!W38 -> -0.86534445 | P29: =covariates!X38 -> 1.0457396 | Q29: =H29 -> 0.57100307 | R29: =B29 -> 1978 | S29: =$AX$23+K29*$AX$24+L29*$AX$25+M29*$AX$26 -> 1.0305898 | X29: Regression | Y29: 1 | Z29: 14.885835 | AA29: 14.885835 | AB29: 57.386035 | AC29: 1.8077328e-10 | AK29: SUMMARY OUTPUT
A30: Grant | B30: 1979 | C30: ='Orig data'!C33 -> 255634 | D30: ='Orig data'!Q33 -> 308732 | E30: ='Orig data'!D33 -> 510199 | F30: =C30/1000 -> 255.634 | G30: =E30/1000 -> 510.199 | H30: =LN(E30/C30) -> 0.69105411 | I30: =D30-C30 -> 53098 | J30: =I30/D30 -> 0.17198735 | K30: =covariates!R39 -> 255634 | L30: =covariates!T39 -> -0.014839408 | M30: =covariates!V39 -> -0.6582991 | N30: =covariates!U39 -> -1.345566 | O30: =covariates!W39 -> -0.11917064 | P30: =covariates!X39 -> 1.760858 | Q30: =H30 -> 0.69105411 | R30: =B30 -> 1979 | S30: =$AX$23+K30*$AX$24+L30*$AX$25+M30*$AX$26 -> 0.97529759 | X30: Residual | Y30: 64 | Z30: 16.601485 | AA30: 0.25939821 | AW30: RESIDUAL OUTPUT
A31: Grant | B31: 1980 | C31: ='Orig data'!C34 -> 312182 | D31: ='Orig data'!Q34 -> 909353 | E31: ='Orig data'!D34 -> 655505 | F31: =C31/1000 -> 312.182 | G31: =E31/1000 -> 655.505 | H31: =LN(E31/C31) -> 0.74181958 | I31: =D31-C31 -> 597171 | J31: =I31/D31 -> 0.65669877 | K31: =covariates!R40 -> 314011 | L31: =covariates!T40 -> 0.096108353 | M31: =covariates!V40 -> -0.63811958 | N31: =covariates!U40 -> -0.62897909 | O31: =covariates!W40 -> -0.30043061 | P31: =covariates!X40 -> 0.99525166 | Q31: =H31 -> 0.74181958 | R31: =B31 -> 1980 | S31: =$AX$23+K31*$AX$24+L31*$AX$25+M31*$AX$26 -> 0.93103872 | X31: Total | Y31: 65 | Z31: 31.48732 | AK31: Regression Statistics
A32: Grant | B32: 1981 | C32: ='Orig data'!C35 -> 435345 | D32: ='Orig data'!Q35 -> 500271 | E32: ='Orig data'!D35 -> 1492293 | F32: =C32/1000 -> 435.345 | G32: =E32/1000 -> 1492.293 | H32: =LN(E32/C32) -> 1.2319303 | I32: =D32-C32 -> 64926 | J32: =I32/D32 -> 0.12978166 | K32: =covariates!R41 -> 436996 | L32: =covariates!T41 -> -0.20612865 | M32: =covariates!V41 -> -0.61366487 | N32: =covariates!U41 -> -0.33246038 | O32: =covariates!W41 -> -0.47378456 | P32: =covariates!X41 -> 1.323357 | Q32: =H32 -> 1.2319303 | R32: =B32 -> 1981 | S32: =$AX$23+K32*$AX$24+L32*$AX$25+M32*$AX$26 -> 0.90630958 | AK32: Multiple R | AL32: 0.7609646 | AW32: Observation | AX32: Predicted lnRSC | AY32: Residuals | AZ32: Standard Residuals
A33: Grant | B33: 1982 | C33: ='Orig data'!C36 -> 322286 | D33: ='Orig data'!Q36 -> 724011 | E33: ='Orig data'!D36 -> 1416221 | F33: =C33/1000 -> 322.286 | G33: =E33/1000 -> 1416.221 | H33: =LN(E33/C33) -> 1.480308 | I33: =D33-C33 -> 401725 | J33: =I33/D33 -> 0.55486035 | K33: =covariates!R42 -> 326439 | L33: =covariates!T42 -> 1.098464 | M33: =covariates!V42 -> -0.58645118 | N33: =covariates!U42 -> 0.28528695 | O33: =covariates!W42 -> -0.30433541 | P33: =covariates!X42 -> 1.9247807 | Q33: =H33 -> 1.480308 | R33: =B33 -> 1982 | S33: =$AX$23+K33*$AX$24+L33*$AX$25+M33*$AX$26 -> 0.79452801 | Y33: Coefficients | Z33: Standard Error | AA33: t Stat | AB33: P-value | AC33: Lower 95% | AD33: Upper 95% | AE33: Lower 95.0% | AF33: Upper 95.0% | AK33: R Square | AL33: 0.57906713 | AW33: 1 | AX33: 1.0720092 | AY33: -0.0053254907 | AZ33: -0.011382978
A34: Grant | B34: 1983 | C34: ='Orig data'!C37 -> 367363 | D34: ='Orig data'!Q37 -> 470101 | E34: ='Orig data'!D37 -> 795564 | F34: =C34/1000 -> 367.363 | G34: =E34/1000 -> 795.564 | H34: =LN(E34/C34) -> 0.77270084 | I34: =D34-C34 -> 102738 | J34: =I34/D34 -> 0.21854453 | K34: =covariates!R43 -> 371770 | L34: =covariates!T43 -> 0.65084716 | M34: =covariates!V43 -> -0.55211166 | N34: =covariates!U43 -> 0.013478123 | O34: =covariates!W43 -> -0.95495528 | P34: =covariates!X43 -> 0.93910201 | Q34: =H34 -> 0.77270084 | R34: =B34 -> 1983 | S34: =$AX$23+K34*$AX$24+L34*$AX$25+M34*$AX$26 -> 0.82335392 | X34: Intercept | Y34: 1.1086983 | Z34: 0.089518776 | AA34: 12.385093 | AB34: 1.1918723e-18 | AC34: 0.92986403 | AD34: 1.2875327 | AE34: 0.92986403 | AF34: 1.2875327 | AK34: Adjusted R Square | AL34: 0.54398939 | AW34: 2 | AX34: 0.97817367 | AY34: -0.50443589 | AZ34: -1.0782072
A35: Grant | B35: 1984 | C35: ='Orig data'!C38 -> 540265 | D35: ='Orig data'!Q38 -> 612803 | E35: ='Orig data'!D38 -> 1061099 | F35: =C35/1000 -> 540.265 | G35: =E35/1000 -> 1061.099 | H35: =LN(E35/C35) -> 0.67500068 | I35: =D35-C35 -> 72538 | J35: =I35/D35 -> 0.11837083 | K35: =covariates!R44 -> 541478 | L35: =covariates!T44 -> -0.014839408 | M35: =covariates!V44 -> -0.53725737 | N35: =covariates!U44 -> 0.13702759 | O35: =covariates!W44 -> -1.0919186 | P35: =covariates!X44 -> -0.5047278 | Q35: =H35 -> 0.67500068 | R35: =B35 -> 1984 | S35: =$AX$23+K35*$AX$24+L35*$AX$25+M35*$AX$26 -> 0.82245641 | X35: spawners | Y35: -6.0670807e-07 | Z35: 8.0089699e-08 | AA35: -7.5753571 | AB35: 1.8077328e-10 | AC35: -7.6670563e-07 | AD35: -4.467105e-07 | AE35: -7.6670563e-07 | AF35: -4.467105e-07 | AK35: Standard Error | AL35: 0.47000085 | AW35: 3 | AX35: 1.1015189 | AY35: -0.27974666 | AZ35: -0.59794491
A36: Grant | B36: 1985 | C36: ='Orig data'!C39 -> 1147702 | D36: ='Orig data'!Q39 -> 1839044 | E36: ='Orig data'!D39 -> 1010518 | F36: =C36/1000 -> 1147.702 | G36: =E36/1000 -> 1010.518 | H36: =LN(E36/C36) -> -0.12729861 | I36: =D36-C36 -> 691342 | J36: =I36/D36 -> 0.37592467 | K36: =covariates!R45 -> 1383808 | L36: =covariates!T45 -> -0.24821228 | M36: =covariates!V45 -> -0.52094945 | N36: =covariates!U45 -> -1.123177 | O36: =covariates!W45 -> 0.32259546 | P36: =covariates!X45 -> -0.76724552 | Q36: =H36 -> -0.12729861 | R36: =B36 -> 1985 | S36: =$AX$23+K36*$AX$24+L36*$AX$25+M36*$AX$26 -> 0.4475878 | AK36: Observations | AL36: 66 | AW36: 4 | AX36: 1.2084702 | AY36: 0.55657572 | AZ36: 1.1896536
A37: Grant | B37: 1986 | C37: ='Orig data'!C40 -> 833591 | D37: ='Orig data'!Q40 -> 1580868 | E37: ='Orig data'!D40 -> 1322564 | F37: =C37/1000 -> 833.591 | G37: =E37/1000 -> 1322.564 | H37: =LN(E37/C37) -> 0.46158468 | I37: =D37-C37 -> 747277 | J37: =I37/D37 -> 0.47270044 | K37: =covariates!R46 -> 997327 | L37: =covariates!T46 -> 0.88039425 | M37: =covariates!V46 -> -0.4995846 | N37: =covariates!U46 -> 0.28528695 | O37: =covariates!W46 -> 0.34627933 | P37: =covariates!X46 -> -1.2712217 | Q37: =H37 -> 0.46158468 | R37: =B37 -> 1986 | S37: =$AX$23+K37*$AX$24+L37*$AX$25+M37*$AX$26 -> 0.48977168 | AW37: 5 | AX37: 1.2408914 | AY37: 0.43855868 | AZ37: 0.93739791
A38: Grant | B38: 1987 | C38: ='Orig data'!C41 -> 430000 | D38: ='Orig data'!Q41 -> 481076 | E38: ='Orig data'!D41 -> 1116839 | F38: =C38/1000 -> 430 | G38: =E38/1000 -> 1116.839 | H38: =LN(E38/C38) -> 0.95447244 | I38: =D38-C38 -> 51076 | J38: =I38/D38 -> 0.10617033 | K38: =covariates!R47 -> 363671 | L38: =covariates!T47 -> 0.69675658 | M38: =covariates!V47 -> -0.4556787 | N38: =covariates!U47 -> 0.85361449 | O38: =covariates!W47 -> 0.091080077 | P38: =covariates!X47 -> 0.27969825 | Q38: =H38 -> 0.95447244 | R38: =B38 -> 1987 | S38: =$AX$23+K38*$AX$24+L38*$AX$25+M38*$AX$26 -> 0.80830531 | AK38: ANOVA | AW38: 6 | AX38: 1.1901278 | AY38: 1.5674128 | AZ38: 3.3502689
A39: Grant | B39: 1988 | C39: ='Orig data'!C42 -> 488070 | D39: ='Orig data'!Q42 -> 1035111 | E39: ='Orig data'!D42 -> 406805 | F39: =C39/1000 -> 488.07 | G39: =E39/1000 -> 406.805 | H39: =LN(E39/C39) -> -0.18212488 | I39: =D39-C39 -> 547041 | J39: =I39/D39 -> 0.52848535 | K39: =covariates!R48 -> 528467 | L39: =covariates!T48 -> 0.23766239 | M39: =covariates!V48 -> -0.43718145 | N39: =covariates!U48 -> 0.87832438 | O39: =covariates!W48 -> 0.57441929 | P39: =covariates!X48 -> 0.72729914 | Q39: =H39 -> -0.18212488 | R39: =B39 -> 1988 | S39: =$AX$23+K39*$AX$24+L39*$AX$25+M39*$AX$26 -> 0.78379601 | X39: RESIDUAL OUTPUT | AL39: df | AM39: SS | AN39: MS | AO39: F | AP39: Significance F | AW39: 7 | AX39: 0.95361444 | AY39: 0.47536053 | AZ39: 1.0160601
A40: Grant | B40: 1989 | C40: ='Orig data'!C43 -> 523657 | D40: ='Orig data'!Q43 -> 1094661 | E40: ='Orig data'!D43 -> 1593611 | F40: =C40/1000 -> 523.657 | G40: =E40/1000 -> 1593.611 | H40: =LN(E40/C40) -> 1.1129209 | I40: =D40-C40 -> 571004 | J40: =I40/D40 -> 0.52162633 | K40: =covariates!R49 -> 739647 | L40: =covariates!T49 -> 0.81918169 | M40: =covariates!V49 -> -0.48915912 | N40: =covariates!U49 -> 0.087607802 | O40: =covariates!W49 -> 0.804363 | P40: =covariates!X49 -> 0.8053956 | Q40: =H40 -> 1.1129209 | R40: =B40 -> 1989 | S40: =$AX$23+K40*$AX$24+L40*$AX$25+M40*$AX$26 -> 0.61866736 | AK40: Regression | AL40: 5 | AM40: 18.233272 | AN40: 3.6466544 | AO40: 16.508109 | AP40: 3.1934609e-10 | AW40: 8 | AX40: 1.0717864 | AY40: 0.14637566 | AZ40: 0.31287087
A41: Grant | B41: 1990 | C41: ='Orig data'!C44 -> 736039 | D41: ='Orig data'!Q44 -> 1594885 | E41: ='Orig data'!D44 -> 2146403.2 | F41: =C41/1000 -> 736.039 | G41: =E41/1000 -> 2146.4032 | H41: =LN(E41/C41) -> 1.0702657 | I41: =D41-C41 -> 858846 | J41: =I41/D41 -> 0.53850027 | K41: =covariates!R50 -> 861972 | L41: =covariates!T50 -> 0.37539065 | M41: =covariates!V50 -> -0.53437066 | N41: =covariates!U50 -> -0.85136813 | O41: =covariates!W50 -> 0.50588324 | P41: =covariates!X50 -> -0.34015402 | Q41: =H41 -> 1.0702657 | R41: =B41 -> 1990 | S41: =$AX$23+K41*$AX$24+L41*$AX$25+M41*$AX$26 -> 0.62126551 | X41: Observation | Y41: Predicted lnRSC | Z41: Residuals | AA41: Standard Residuals | AK41: Residual | AL41: 60 | AM41: 13.254048 | AN41: 0.2209008 | AW41: 9 | AX41: 1.0689117 | AY41: -0.2035701 | AZ41: -0.43512122
A42: Grant | B42: 1991 | C42: ='Orig data'!C45 -> 790060 | D42: ='Orig data'!Q45 -> 1454169 | E42: ='Orig data'!D45 -> 1813267.3 | F42: =C42/1000 -> 790.06 | G42: =E42/1000 -> 1813.2673 | H42: =LN(E42/C42) -> 0.83077674 | I42: =D42-C42 -> 664109 | J42: =I42/D42 -> 0.45669314 | K42: =covariates!R51 -> 1106348 | L42: =covariates!T51 -> 1.5307777 | M42: =covariates!V51 -> -0.48291433 | N42: =covariates!U51 -> -0.28304059 | O42: =covariates!W51 -> 0.039662898 | P42: =covariates!X51 -> 0.85864475 | Q42: =H42 -> 0.83077674 | R42: =B42 -> 1991 | S42: =$AX$23+K42*$AX$24+L42*$AX$25+M42*$AX$26 -> 0.35540522 | X42: 1 | Y42: 1.0045114 | Z42: 0.06217228 | AA42: 0.12302121 | AK42: Total | AL42: 65 | AM42: 31.48732 | AW42: 10 | AX42: 0.93500372 | AY42: -0.47695264 | AZ42: -1.0194631
A43: Grant | B43: 1992 | C43: ='Orig data'!C46 -> 757025 | D43: ='Orig data'!Q46 -> 1555718 | E43: ='Orig data'!D46 -> 1301468.2 | F43: =C43/1000 -> 757.025 | G43: =E43/1000 -> 1301.4682 | H43: =LN(E43/C43) -> 0.54185204 | I43: =D43-C43 -> 798693 | J43: =I43/D43 -> 0.51339189 | K43: =covariates!R52 -> 1035859 | L43: =covariates!T52 -> 1.3127079 | M43: =covariates!V52 -> -0.4008722 | N43: =covariates!U52 -> -2.1362826 | O43: =covariates!W52 -> 0.29967112 | P43: =covariates!X52 -> 0.86758581 | Q43: =H43 -> 0.54185204 | R43: =B43 -> 1992 | S43: =$AX$23+K43*$AX$24+L43*$AX$25+M43*$AX$26 -> 0.40458541 | X43: 2 | Y43: 1.001766 | Z43: -0.52802826 | AA43: -1.0448173 | AW43: 11 | AX43: 1.0959711 | AY43: -0.58400774 | AZ43: -1.2482882
A44: Grant | B44: 1993 | C44: ='Orig data'!C47 -> 788831 | D44: ='Orig data'!Q47 -> 1476663 | E44: ='Orig data'!D47 -> 1361315 | F44: =C44/1000 -> 788.831 | G44: =E44/1000 -> 1361.315 | H44: =LN(E44/C44) -> 0.54565432 | I44: =D44-C44 -> 687832 | J44: =I44/D44 -> 0.46580161 | K44: =covariates!R53 -> 985479 | L44: =covariates!T53 -> 0.88804582 | M44: =covariates!V53 -> -0.31450682 | N44: =covariates!U53 -> -1.9633133 | O44: =covariates!W53 -> 1.2101671 | P44: =covariates!X53 -> 1.3503136 | Q44: =H44 -> 0.54565432 | R44: =B44 -> 1993 | S44: =$AX$23+K44*$AX$24+L44*$AX$25+M44*$AX$26 -> 0.46904115 | X44: 3 | Y44: 1.0254428 | Z44: -0.2036706 | AA44: -0.40300604 | AL44: Coefficients | AM44: Standard Error | AN44: t Stat | AO44: P-value | AP44: Lower 95% | AQ44: Upper 95% | AR44: Lower 95.0% | AS44: Upper 95.0% | AW44: 12 | AX44: 0.98470676 | AY44: -0.1307402 | AZ44: -0.27945084
A45: Grant | B45: 1994 | C45: ='Orig data'!C48 -> 1666079 | D45: ='Orig data'!Q48 -> 2295288 | E45: ='Orig data'!D48 -> 3442899 | F45: =C45/1000 -> 1666.079 | G45: =E45/1000 -> 3442.899 | H45: =LN(E45/C45) -> 0.72584089 | I45: =D45-C45 -> 629209 | J45: =I45/D45 -> 0.27413074 | K45: =covariates!R54 -> 1666079 | L45: =covariates!T54 -> 1.0028194 | M45: =covariates!V54 -> -0.22091941 | N45: =covariates!U54 -> -1.3208561 | O45: =covariates!W54 -> -0.062764293 | P45: =covariates!X54 -> -0.73534477 | Q45: =H45 -> 0.72584089 | R45: =B45 -> 1994 | S45: =$AX$23+K45*$AX$24+L45*$AX$25+M45*$AX$26 -> 0.11772771 | X45: 4 | Y45: 1.0562939 | Z45: 0.70875202 | AA45: 1.4024181 | AK45: Intercept | AL45: 1.0420956 | AM45: 0.092567434 | AN45: 11.257691 | AO45: 1.9938145e-16 | AP45: 0.85693316 | AQ45: 1.227258 | AR45: 0.85693316 | AS45: 1.227258 | AW45: 13 | AX45: 1.0691425 | AY45: -0.37044357 | AZ45: -0.79180515
A46: Grant | B46: 1995 | C46: ='Orig data'!C49 -> 1628542 | D46: ='Orig data'!Q49 -> 1844441 | E46: ='Orig data'!D49 -> 3112653 | F46: =C46/1000 -> 1628.542 | G46: =E46/1000 -> 3112.653 | H46: =LN(E46/C46) -> 0.64779028 | I46: =D46-C46 -> 215899 | J46: =I46/D46 -> 0.11705389 | K46: =covariates!R55 -> 1628542 | L46: =covariates!T55 -> 1.3930494 | M46: =covariates!V55 -> -0.14591973 | N46: =covariates!U55 -> -0.67839888 | O46: =covariates!W55 -> -1.1852273 | P46: =covariates!X55 -> -1.3879316 | Q46: =H46 -> 0.64779028 | R46: =B46 -> 1995 | S46: =$AX$23+K46*$AX$24+L46*$AX$25+M46*$AX$26 -> 0.077232328 | X46: 5 | Y46: 1.0416571 | Z46: 0.63779301 | AA46: 1.2620105 | AK46: spawners | AL46: -5.2323214e-07 | AM46: 9.0568482e-08 | AN46: -5.7771989 | AO46: 2.8848141e-07 | AP46: -7.0439607e-07 | AQ46: -3.420682e-07 | AR46: -7.0439607e-07 | AS46: -3.420682e-07 | AW46: 14 | AX46: 1.0328951 | AY46: 0.24314649 | AZ46: 0.51971383
A47: Haley | B47: 1996 | C47: ='Orig data'!C50 -> 1186180 | D47: ='Orig data'!R50 -> 1248442.9 | E47: ='Orig data'!D50 -> 1431408 | F47: =C47/1000 -> 1186.18 | G47: =E47/1000 -> 1431.408 | H47: =LN(E47/C47) -> 0.18792052 | I47: =D47-C47 -> 62262.946 | J47: =I47/D47 -> 0.04987248 | K47: =covariates!R56 -> 1186180 | L47: =covariates!T56 -> 1.4313073 | M47: =covariates!V56 -> -0.062940749 | N47: =covariates!U56 -> -1.1973066 | O47: =covariates!W56 -> -0.12962244 | P47: =covariates!X56 -> -0.26913195 | Q47: =H47 -> 0.18792052 | R47: =B47 -> 1996 | S47: =$AX$23+K47*$AX$24+L47*$AX$25+M47*$AX$26 -> 0.2719059 | X47: 6 | Y47: 1.0887225 | Z47: 1.6688181 | AA47: 3.3021151 | AK47: smolt.sst | AL47: -0.12083799 | AM47: 0.064909991 | AN47: -1.8616238 | AO47: 0.06755624 | AP47: -0.2506773 | AQ47: 0.009001327 | AR47: -0.2506773 | AS47: 0.009001327 | AW47: 15 | AX47: 1.1156864 | AY47: 0.41186156 | AZ47: 0.8803341
A48: Haley | B48: 1997 | C48: ='Orig data'!C51 -> 1045815 | D48: ='Orig data'!R51 -> 1134098.4 | E48: ='Orig data'!D51 -> 2858328 | F48: =C48/1000 -> 1045.815 | G48: =E48/1000 -> 2858.328 | H48: =LN(E48/C48) -> 1.0054404 | I48: =D48-C48 -> 88283.415 | J48: =I48/D48 -> 0.07784458 | K48: =covariates!R57 -> 1045815 | L48: =covariates!T57 -> 1.3547916 | M48: =covariates!V57 -> 0.027720142 | N48: =covariates!U57 -> 0.85361449 | O48: =covariates!W57 -> -0.61621392 | P48: =covariates!X57 -> -0.54897412 | Q48: =H48 -> 1.0054404 | R48: =B48 -> 1997 | S48: =$AX$23+K48*$AX$24+L48*$AX$25+M48*$AX$26 -> 0.33575911 | X48: 7 | Y48: 1.0573526 | Z48: 0.37162232 | AA48: 0.73533459 | AK48: SeaLions | AL48: -0.16535645 | AM48: 0.080684496 | AN48: -2.0494203 | AO48: 0.044800411 | AP48: -0.32674947 | AQ48: -0.0039634246 | AR48: -0.32674947 | AS48: -0.0039634246 | AW48: 16 | AX48: 0.94327201 | AY48: -0.42791536 | AZ48: -0.91464832
A49: Haley | B49: 1998 | C49: ='Orig data'!C52 -> 3561043 | D49: ='Orig data'!R52 -> 4069680.2 | E49: ='Orig data'!D52 -> 2785129 | F49: =C49/1000 -> 3561.043 | G49: =E49/1000 -> 2785.129 | H49: =LN(E49/C49) -> -0.24575929 | I49: =D49-C49 -> 508637.2 | J49: =I49/D49 -> 0.1249821 | K49: =covariates!R58 -> 3561043 | L49: =covariates!T58 -> -0.76086746 | M49: =covariates!V58 -> 0.14210078 | N49: =covariates!U58 -> 1.4960717 | O49: =covariates!W58 -> 0.32229877 | P49: =covariates!X58 -> 1.2775356 | Q49: =H49 -> -0.24575929 | R49: =B49 -> 1998 | S49: =$AX$23+K49*$AX$24+L49*$AX$25+M49*$AX$26 -> -0.61784521 | X49: 8 | Y49: 1.0544738 | Z49: 0.1636882 | AA49: 0.32389227 | AK49: NPGO | AL49: 0.13998268 | AM49: 0.072559933 | AN49: 1.9292008 | AO49: 0.058439339 | AP49: -0.0051587915 | AQ49: 0.28512416 | AR49: -0.0051587915 | AS49: 0.28512416 | AW49: 17 | AX49: 1.0310646 | AY49: -0.12969819 | AZ49: -0.27722359
A50: Haley | B50: 1999 | C50: ='Orig data'!C53 -> 2987256 | D50: ='Orig data'!R53 -> 3083677.3 | E50: ='Orig data'!D53 -> 2232718 | F50: =C50/1000 -> 2987.256 | G50: =E50/1000 -> 2232.718 | H50: =LN(E50/C50) -> -0.29113556 | I50: =D50-C50 -> 96421.294 | J50: =I50/D50 -> 0.031268283 | K50: =covariates!R59 -> 2987256 | L50: =covariates!T59 -> -0.23290915 | M50: =covariates!V59 -> 0.2068834 | N50: =covariates!U59 -> 1.6196212 | O50: =covariates!W59 -> 0.29296043 | P50: =covariates!X59 -> 0.10603559 | Q50: =H50 -> -0.29113556 | R50: =B50 -> 1999 | S50: =$AX$23+K50*$AX$24+L50*$AX$25+M50*$AX$26 -> -0.41837594 | X50: 9 | Y50: 1.0162967 | Z50: -0.15095513 | AA50: -0.29869715 | AK50: adult.sst | AL50: 0.13276734 | AM50: 0.08155393 | AN50: 1.6279698 | AO50: 0.10877168 | AP50: -0.030364812 | AQ50: 0.29589948 | AR50: -0.030364812 | AS50: 0.29589948 | AW50: 18 | AX50: 0.80436242 | AY50: -0.40986292 | AZ50: -0.8760621
A51: Haley | B51: 2000 | C51: ='Orig data'!C54 -> 699976 | D51: ='Orig data'!R54 -> 821323.89 | E51: ='Orig data'!D54 -> 2988615 | F51: =C51/1000 -> 699.976 | G51: =E51/1000 -> 2988.615 | H51: =LN(E51/C51) -> 1.4515193 | I51: =D51-C51 -> 121347.89 | J51: =I51/D51 -> 0.1477467 | K51: =covariates!R60 -> 699976 | L51: =covariates!T60 -> -0.31325063 | M51: =covariates!V60 -> 0.36161101 | N51: =covariates!U60 -> 2.5585971 | O51: =covariates!W60 -> 1.1534537 | P51: =covariates!X60 -> -0.044363575 | Q51: =H51 -> 1.4515193 | R51: =B51 -> 2000 | S51: =$AX$23+K51*$AX$24+L51*$AX$25+M51*$AX$26 -> 0.66017093 | X51: 10 | Y51: 0.94870942 | Z51: -0.49065834 | AA51: -0.97087293 | AW51: 19 | AX51: 1.0265948 | AY51: 0.18697142 | AZ51: 0.39964235
A52: Haley | B52: 2001 | C52: ='Orig data'!C55 -> 3151893 | D52: ='Orig data'!R55 -> 3396137.4 | E52: ='Orig data'!D55 -> 2160110 | F52: =C52/1000 -> 3151.893 | G52: =E52/1000 -> 2160.11 | H52: =LN(E52/C52) -> -0.37784408 | I52: =D52-C52 -> 244244.36 | J52: =I52/D52 -> 0.071918279 | K52: =covariates!R61 -> 3151893 | L52: =covariates!T61 -> -0.19847708 | M52: =covariates!V61 -> 0.52644155 | N52: =covariates!U61 -> 1.9408498 | O52: =covariates!W61 -> 1.2106819 | P52: =covariates!X61 -> -0.18689698 | Q52: =H52 -> -0.37784408 | R52: =B52 -> 2001 | S52: =$AX$23+K52*$AX$24+L52*$AX$25+M52*$AX$26 -> -0.54498305 | X52: 11 | Y52: 1.0039199 | Z52: -0.49195649 | AA52: -0.9734416 | AW52: 20 | AX52: 1.1351604 | AY52: -0.070910784 | AZ52: -0.15156836
A53: Haley | B53: 2002 | C53: ='Orig data'!C56 -> 2302250 | D53: ='Orig data'!R56 -> 2701922.5 | E53: ='Orig data'!D56 -> 2425524 | F53: =C53/1000 -> 2302.25 | G53: =E53/1000 -> 2425.524 | H53: =LN(E53/C53) -> 0.052160678 | I53: =D53-C53 -> 399672.53 | J53: =I53/D53 -> 0.14792154 | K53: =covariates!R62 -> 2302250 | L53: =covariates!T62 -> 0.60111195 | M53: =covariates!V62 -> 0.6436408 | N53: =covariates!U62 -> 1.7184607 | O53: =covariates!W62 -> -0.38198986 | P53: =covariates!X62 -> -0.64688128 | Q53: =H53 -> 0.052160678 | R53: =B53 -> 2002 | S53: =$AX$23+K53*$AX$24+L53*$AX$25+M53*$AX$26 -> -0.25473317 | X53: 12 | Y53: 0.99936955 | Z53: -0.14540299 | AA53: -0.28771106 | AW53: 21 | AX53: 1.146351 | AY53: -0.43820737 | AZ53: -0.936647
A54: Haley | B54: 2003 | C54: ='Orig data'!C57 -> 1494491 | D54: ='Orig data'!R57 -> 2006286.4 | E54: ='Orig data'!D57 -> 1619282 | F54: =C54/1000 -> 1494.491 | G54: =E54/1000 -> 1619.282 | H54: =LN(E54/C54) -> 0.08019716 | I54: =D54-C54 -> 511795.42 | J54: =I54/D54 -> 0.25509589 | K54: =covariates!R63 -> 1494491 | L54: =covariates!T63 -> 0.59346038 | M54: =covariates!V63 -> 0.61044747 | N54: =covariates!U63 -> 0.35941663 | O54: =covariates!W63 -> -0.90101698 | P54: =covariates!X63 -> -1.2814504 | Q54: =H54 -> 0.08019716 | R54: =B54 -> 2003 | S54: =$AX$23+K54*$AX$24+L54*$AX$25+M54*$AX$26 -> 0.13567617 | X54: 13 | Y54: 0.97874147 | Z54: -0.28004251 | AA54: -0.55412425 | AK54: RESIDUAL OUTPUT | AW54: 22 | AX54: 1.0376347 | AY54: -0.21302545 | AZ54: -0.45533156
A55: Haley | B55: 2004 | C55: ='Orig data'!C58 -> 2716634 | D55: ='Orig data'!R58 -> 3352861.1 | E55: ='Orig data'!D58 -> 1231521 | F55: =C55/1000 -> 2716.634 | G55: =E55/1000 -> 1231.521 | H55: =LN(E55/C55) -> -0.79114362 | I55: =D55-C55 -> 636227.1 | J55: =I55/D55 -> 0.18975647 | K55: =covariates!R64 -> 2716634 | L55: =covariates!T64 -> 1.1022898 | M55: =covariates!V64 -> 0.59745259 | N55: =covariates!U64 -> -1.4938253 | O55: =covariates!W64 -> -1.3121504 | P55: =covariates!X64 -> -1.4954199 | Q55: =H55 -> -0.79114362 | R55: =B55 -> 2004 | S55: =$AX$23+K55*$AX$24+L55*$AX$25+M55*$AX$26 -> -0.50758822 | X55: 14 | Y55: 0.91127554 | Z55: 0.36476604 | AA55: 0.72176797 | AW55: 23 | AX55: 1.1088527 | AY55: 0.021224348 | AZ55: 0.045366014
A56: Haley | B56: 2005 | C56: ='Orig data'!C59 -> 1331383 | D56: ='Orig data'!R59 -> 1804337.1 | E56: ='Orig data'!D59 -> 884912 | F56: =C56/1000 -> 1331.383 | G56: =E56/1000 -> 884.912 | H56: =LN(E56/C56) -> -0.40848533 | I56: =D56-C56 -> 472954.13 | J56: =I56/D56 -> 0.26212071 | K56: =covariates!R65 -> 1331383 | L56: =covariates!T65 -> 0.38304222 | M56: =covariates!V65 -> 0.79345873 | N56: =covariates!U65 -> -0.99962749 | O56: =covariates!W65 -> -0.3000216 | P56: =covariates!X65 -> -0.42723179 | Q56: =H56 -> -0.40848533 | R56: =B56 -> 2005 | S56: =$AX$23+K56*$AX$24+L56*$AX$25+M56*$AX$26 -> 0.21417232 | X56: 15 | Y56: 0.99657869 | Z56: 0.5309693 | AA56: 1.0506368 | AK56: Observation | AL56: Predicted lnRSC | AM56: Residuals | AN56: Standard Residuals | AW56: 24 | AX56: 1.1207081 | AY56: 0.03045315 | AZ56: 0.065092131
A57: Haley | B57: 2006 | C57: ='Orig data'!C60 -> 1970621 | D57: ='Orig data'!R60 -> 2683669.8 | E57: ='Orig data'!D60 -> 744365 | F57: =C57/1000 -> 1970.621 | G57: =E57/1000 -> 744.365 | H57: =LN(E57/C57) -> -0.97357249 | I57: =D57-C57 -> 713048.79 | J57: =I57/D57 -> 0.26569915 | K57: =covariates!R66 -> 1970621 | L57: =covariates!T66 -> -0.26351542 | M57: =covariates!V66 -> 1.0472035 | N57: =covariates!U66 -> -0.30775049 | O57: =covariates!W66 -> -0.3632507 | P57: =covariates!X66 -> -1.5695017 | Q57: =H57 -> -0.97357249 | R57: =B57 -> 2006 | S57: =$AX$23+K57*$AX$24+L57*$AX$25+M57*$AX$26 -> -0.045646126 | X57: 16 | Y57: 0.84799589 | Z57: -0.33263923 | AA57: -0.65819818 | AK57: 1 | AL57: 0.91840215 | AM57: 0.14828153 | AN57: 0.32837453 | AW57: 25 | AX57: 1.1852557 | AY57: -0.17121463 | AZ57: -0.36596297
A58: Haley | B58: 2007 | C58: ='Orig data'!C61 -> 1057248 | D58: ='Orig data'!R61 -> 1382634.3 | E58: ='Orig data'!D61 -> 1296356 | F58: =C58/1000 -> 1057.248 | G58: =E58/1000 -> 1296.356 | H58: =LN(E58/C58) -> 0.20388795 | I58: =D58-C58 -> 325386.3 | J58: =I58/D58 -> 0.23533794 | K58: =covariates!R67 -> 1057248 | L58: =covariates!T67 -> -1.2505679 | M58: =covariates!V67 -> 1.2091667 | N58: =covariates!U67 -> 0.92774416 | O58: =covariates!W67 -> -0.77366612 | P58: =covariates!X67 -> -1.9929288 | Q58: =H58 -> 0.20388795 | R58: =B58 -> 2007 | S58: =$AX$23+K58*$AX$24+L58*$AX$25+M58*$AX$26 -> 0.48893111 | X58: 17 | Y58: 0.97893987 | Z58: -0.077573415 | AA58: -0.15349566 | AK58: 2 | AL58: 0.80493424 | AM58: -0.33119646 | AN58: -0.73344591 | AW58: 26 | AX58: 1.0403618 | AY58: -0.23566299 | AZ58: -0.5037182
A59: Haley | B59: 2008 | C59: ='Orig data'!C62 -> 982016 | D59: ='Orig data'!R62 -> 1231940 | E59: ='Orig data'!D62 -> 1641562 | F59: =C59/1000 -> 982.016 | G59: =E59/1000 -> 1641.562 | H59: =LN(E59/C59) -> 0.51379591 | I59: =D59-C59 -> 249924.02 | J59: =I59/D59 -> 0.20287028 | K59: =covariates!R68 -> 982016 | L59: =covariates!T68 -> -0.2941217 | M59: =covariates!V68 -> 1.3879491 | N59: =covariates!U68 -> 0.4582562 | O59: =covariates!W68 -> -0.99125832 | P59: =covariates!X68 -> -1.1563724 | Q59: =H59 -> 0.51379591 | R59: =B59 -> 2008 | S59: =$AX$23+K59*$AX$24+L59*$AX$25+M59*$AX$26 -> 0.3823791 | X59: 18 | Y59: 0.60986297 | Z59: -0.21536346 | AA59: -0.42614288 | AK59: 3 | AL59: 1.199527 | AM59: -0.3777548 | AN59: -0.83655094 | AW59: 27 | AX59: 0.75659571 | AY59: -0.78318014 | AZ59: -1.6740096
A60: Haley | B60: 2009 | C60: ='Orig data'!C63 -> 474550 | D60: ='Orig data'!R63 -> 816921.6 | E60: ='Orig data'!D63 -> 1613902 | F60: =C60/1000 -> 474.55 | G60: =E60/1000 -> 1613.902 | H60: =LN(E60/C60) -> 1.2240431 | I60: =D60-C60 -> 342371.6 | J60: =I60/D60 -> 0.4190997 | K60: =covariates!R69 -> 474550 | L60: =covariates!T69 -> 0.092282568 | M60: =covariates!V69 -> 1.6300786 | N60: =covariates!U69 -> 1.6196212 | O60: =covariates!W69 -> 1.1368646 | P60: =covariates!X69 -> -0.12864919 | Q60: =H60 -> 1.2240431 | R60: =B60 -> 2009 | S60: =$AX$23+K60*$AX$24+L60*$AX$25+M60*$AX$26 -> 0.54331378 | X60: 19 | Y60: 0.87202153 | Z60: 0.34154469 | AA60: 0.67581955 | AK60: 4 | AL60: 1.3528299 | AM60: 0.41221606 | AN60: 0.9128666 | AW60: 28 | AX60: 1.0313273 | AY60: -0.46032426 | AZ60: -0.98392077
A61: Haley | B61: 2010 | C61: ='Orig data'!C64 -> 608718 | D61: ='Orig data'!R64 -> 661736.7 | E61: ='Orig data'!D64 -> 1521759 | F61: =C61/1000 -> 608.718 | G61: =E61/1000 -> 1521.759 | H61: =LN(E61/C61) -> 0.91626708 | I61: =D61-C61 -> 53018.705 | J61: =I61/D61 -> 0.080120544 | K61: =covariates!R70 -> 608718 | L61: =covariates!T70 -> -0.71113225 | M61: =covariates!V70 -> 1.8187325 | N61: =covariates!U70 -> 0.53238588 | O61: =covariates!W70 -> 2.4780053 | P61: =covariates!X70 -> 1.7651059 | Q61: =H61 -> 0.91626708 | R61: =B61 -> 2010 | S61: =$AX$23+K61*$AX$24+L61*$AX$25+M61*$AX$26 -> 0.5524356 | X61: 20 | Y61: 0.93442145 | Z61: 0.12982821 | AA61: 0.256893 | AK61: 5 | AL61: 1.352544 | AM61: 0.32690613 | AN61: 0.72394482 | AW61: 29 | AX61: 0.97598709 | AY61: -0.28493298 | AZ61: -0.60903042
A62: Haley | B62: 2011 | C62: ='Orig data'!C65 -> 1079068 | D62: ='Orig data'!R65 -> 1420924.6 | E62: ='Orig data'!D65 -> 1567636 | F62: =C62/1000 -> 1079.068 | G62: =E62/1000 -> 1567.636 | H62: =LN(E62/C62) -> 0.37347105 | I62: =D62-C62 -> 341856.62 | J62: =I62/D62 -> 0.24058744 | K62: =covariates!R71 -> 1079068 | L62: =covariates!T71 -> -0.86798943 | M62: =covariates!V71 -> 2.0077993 | N62: =covariates!U71 -> 0.55709577 | O62: =covariates!W71 -> 2.4856759 | P62: =covariates!X71 -> 1.3073691 | Q62: =H62 -> 0.37347105 | R62: =B62 -> 2011 | S62: =$AX$23+K62*$AX$24+L62*$AX$25+M62*$AX$26 -> 0.32165191 | X62: 21 | Y62: 0.932662 | Z62: -0.2245184 | AA62: -0.44425788 | AK62: 6 | AL62: 1.3253866 | AM62: 1.432154 | AN62: 3.1715541 | AW62: 30 | AX62: 0.9325438 | AY62: -0.19072422 | AZ62: -0.40766376
A63: Haley | B63: 2012 | C63: ='Orig data'!C66 -> 1381072 | D63: ='Orig data'!R66 -> 1702019.9 | E63: ='Orig data'!D66 -> 2530282 | F63: =C63/1000 -> 1381.072 | G63: =E63/1000 -> 2530.282 | H63: =LN(E63/C63) -> 0.60547075 | I63: =D63-C63 -> 320947.91 | J63: =I63/D63 -> 0.18856883 | K63: =covariates!R72 -> 1381072 | L63: =covariates!T72 -> 1.0142967 | M63: =covariates!V72 -> 2.2082101 | N63: =covariates!U72 -> 0.95245406 | O63: =covariates!W72 -> 1.9800759 | P63: =covariates!X72 -> 0.67542147 | Q63: =H63 -> 0.60547075 | R63: =B63 -> 2012 | S63: =$AX$23+K63*$AX$24+L63*$AX$25+M63*$AX$26 -> -0.081690767 | X63: 22 | Y63: 0.85188488 | Z63: -0.027275591 | AA63: -0.053970617 | AK63: 7 | AL63: 1.0435936 | AM63: 0.38538137 | AN63: 0.85344025 | AW63: 31 | AX63: 0.90766202 | AY63: 0.32426831 | AZ63: 0.69310777
A64: Haley | B64: 2013 | C64: ='Orig data'!C67 -> 1167839 | D64: ='Orig data'!R67 -> 1601308 | E64: ='Orig data'!D67 -> 1408307 | F64: =C64/1000 -> 1167.839 | G64: =E64/1000 -> 1408.307 | H64: =LN(E64/C64) -> 0.18723324 | I64: =D64-C64 -> 433468.96 | J64: =I64/D64 -> 0.27069681 | K64: =covariates!R73 -> 1167839 | L64: =covariates!T73 -> 0.6661503 | M64: =covariates!V73 -> 2.420301 | N64: =covariates!U73 -> -0.67839888 | O64: =covariates!W73 -> 0.69707987 | P64: =covariates!X73 -> 0.074628105 | Q64: =H64 -> 0.18723324 | R64: =B64 -> 2013 | S64: =$AX$23+K64*$AX$24+L64*$AX$25+M64*$AX$26 -> 0.03366215 | X64: 23 | Y64: 0.94664358 | Z64: 0.18343342 | AA64: 0.36296242 | AK64: 8 | AL64: 1.1644317 | AM64: 0.053730295 | AN64: 0.11898758 | AW64: 32 | AX64: 0.79699719 | AY64: 0.68331079 | AZ64: 1.4605437
A65: Haley | B65: 2014 | C65: ='Orig data'!C68 -> 1165580 | D65: ='Orig data'!R68 -> 1507866.1 | E65: ='Orig data'!D68 -> 810777 | F65: =C65/1000 -> 1165.58 | G65: =E65/1000 -> 810.777 | H65: =LN(E65/C65) -> -0.36298105 | I65: =D65-C65 -> 342286.14 | J65: =I65/D65 -> 0.22700035 | K65: =covariates!R74 -> 1165580 | L65: =covariates!T74 -> 2.3533214 | M65: =covariates!V74 -> 2.6137122 | N65: =covariates!U74 -> -0.92549781 | O65: =covariates!W74 -> 1.3076105 | P65: =covariates!X74 -> -0.33057418 | Q65: =H65 -> -0.36298105 | R65: =B65 -> 2014 | S65: =$AX$23+K65*$AX$24+L65*$AX$25+M65*$AX$26 -> -0.19969646 | X65: 24 | Y65: 0.8961139 | Z65: 0.25504735 | AA65: 0.50466597 | AK65: 9 | AL65: 1.282694 | AM65: -0.41735242 | AN65: -0.92424125 | AW65: 33 | AX65: 0.8258489 | AY65: -0.053148063 | AZ65: -0.11360141
A66: Haley | B66: 2015 | C66: ='Orig data'!C69 -> 950865 | D66: ='Orig data'!R69 -> 1452703.6 | E66: ='Orig data'!D69 -> 438554 | F66: =C66/1000 -> 950.865 | G66: =E66/1000 -> 438.554 | H66: =LN(E66/C66) -> -0.77388915 | I66: =D66-C66 -> 501838.64 | J66: =I66/D66 -> 0.34545149 | K66: =covariates!R75 -> 950865 | L66: =covariates!T75 -> 2.6517326 | M66: =covariates!V75 -> 2.6378516 | N66: =covariates!U75 -> 0.13702759 | O66: =covariates!W75 -> 2.5158186 | P66: =covariates!X75 -> -0.90509417 | Q66: =H66 -> -0.77388915 | R66: =B66 -> 2015 | S66: =$AX$23+K66*$AX$24+L66*$AX$25+M66*$AX$26 -> -0.13746359 | X66: 25 | Y66: 0.99254712 | Z66: 0.021493958 | AA66: 0.042530412 | AK66: 10 | AL66: 0.85307353 | AM66: -0.39502245 | AN66: -0.87479075 | AW66: 34 | AX66: 0.82338822 | AY66: -0.14838754 | AZ66: -0.31717116
A67: Haley | B67: 2016 | C67: ='Orig data'!C70 -> 1975386 | D67: ='Orig data'!R70 -> 2944872.5 | E67: ='Orig data'!D70 -> 597944 | F67: =C67/1000 -> 1975.386 | G67: =E67/1000 -> 597.944 | H67: =LN(E67/C67) -> -1.195022 | I67: =D67-C67 -> 969486.52 | J67: =I67/D67 -> 0.32921171 | K67: =covariates!R76 -> 1975386 | L67: =covariates!T76 -> 2.0204781 | M67: =covariates!V76 -> 2.6378516 | N67: =covariates!U76 -> -0.85136813 | O67: =covariates!W76 -> 1.9272459 | P67: =covariates!X76 -> -1.3051185 | Q67: =H67 -> -1.195022 | R67: =B67 -> 2016 | S67: =$AX$23+K67*$AX$24+L67*$AX$25+M67*$AX$26 -> -0.5478887 | X67: 26 | Y67: 0.90213427 | Z67: -0.097435481 | AA67: -0.19279703 | AK67: 11 | AL67: 0.99294374 | AM67: -0.48098038 | AN67: -1.0651475 | AW67: 35 | AX67: 0.56040325 | AY67: -0.68770186 | AZ67: -1.4699294
A68: Haley | B68: 2017 | C68: ='Orig data'!C71 -> 659667 | D68: ='Orig data'!R71 -> 1072321.9 | E68: ='Orig data'!D71 -> 599216 | F68: =C68/1000 -> 659.667 | G68: =E68/1000 -> 599.216 | H68: =LN(E68/C68) -> -0.096113028 | I68: =D68-C68 -> 412654.89 | J68: =I68/D68 -> 0.38482371 | X68: 27 | Y68: 0.74505512 | Z68: -0.77163955 | AA68: -1.5268546 | AK68: 12 | AL68: 0.89918118 | AM68: -0.045214622 | AN68: -0.10012933 | AW68: 36 | AX68: 0.56804284 | AY68: -0.10645816 | AZ68: -0.22754915
X69: 28 | Y69: 0.89085071 | Z69: -0.31984764 | AA69: -0.63288726 | AK69: 13 | AL69: 1.1013556 | AM69: -0.40265667 | AN69: -0.891697 | AW69: 37 | AX69: 0.77682644 | AY69: 0.17764601 | AZ69: 0.37970972
X70: 29 | Y70: 0.95360313 | Z70: -0.26254902 | AA70: -0.51950963 | AK70: 14 | AL70: 0.95222577 | AM70: 0.3238158 | AN70: 0.7171012 | AW70: 38 | AX70: 0.80312184 | AY70: -0.98524672 | AZ70: -2.1059171
X71: 30 | Y71: 0.919295 | Z71: -0.17747542 | AA71: -0.35117325 | AK71: 15 | AL71: 1.0718357 | AM71: 0.45571225 | AN71: 1.0091904 | AW71: 39 | AX71: 0.72180916 | AY71: 0.39111171 | AZ71: 0.83598231
X72: 31 | Y72: 0.84457102 | Z72: 0.3873593 | AA72: 0.76647359 | AK72: 16 | AL72: 0.83053428 | AM72: -0.31517763 | AN72: -0.69797166 | AW72: 40 | AX72: 0.68161964 | AY72: 0.38864602 | AZ72: 0.83071202
X73: 32 | Y73: 0.91316483 | Z73: 0.56714316 | AA73: 1.1222146 | AK73: 17 | AL73: 0.82690497 | AM73: 0.074461487 | AN73: 0.16489752 | AW73: 41 | AX73: 0.5063227 | AY73: 0.32445404 | AZ73: 0.69350478
X74: 33 | Y74: 0.88581625 | Z74: -0.11311541 | AA74: -0.22382314 | AK74: 18 | AL74: 0.68651897 | AM74: -0.29201947 | AN74: -0.64668711 | AW74: 42 | AX74: 0.53742815 | AY74: 0.0044238878 | AZ74: 0.0094558456
X75: 34 | Y75: 0.78091521 | Z75: -0.10591453 | AA75: -0.20957464 | AK75: 19 | AL75: 0.87451144 | AM75: 0.33905478 | AN75: 0.75084843 | AW75: 43 | AX75: 0.56248192 | AY75: -0.016827596 | AZ75: -0.035968171
X76: 35 | Y76: 0.41237828 | Z76: -0.53967689 | AA76: -1.0678667 | AK76: 20 | AL76: 1.1738797 | AM76: -0.10963005 | AN76: -0.24277951 | AW76: 44 | AX76: 0.11720418 | AY76: 0.60863671 | AZ76: 1.3009314
X77: 36 | Y77: 0.60295196 | Z77: -0.14136728 | AA77: -0.27972552 | AK77: 21 | AL77: 1.164477 | AM77: -0.45633337 | AN77: -1.0105659 | AW77: 45 | AX77: 0.0765008 | AY77: 0.57128948 | AZ77: 1.2211036
X78: 37 | Y78: 0.84781387 | Z78: 0.10665857 | AA78: 0.21104689 | AK78: 22 | AL78: 1.0453719 | AM78: -0.22076264 | AN78: -0.48888642 | AW78: 46 | AX78: 0.27094423 | AY78: -0.083023718 | AZ78: -0.17745917
X79: 38 | Y79: 0.81258234 | Z79: -0.99470722 | AA79: -1.9682419 | AK79: 23 | AL79: 1.2003329 | AM79: -0.070255883 | AN79: -0.15558406 | AW79: 47 | AX79: 0.33454601 | AY79: 0.67089435 | AZ79: 1.4340041
X80: 39 | Y80: 0.79099142 | Z80: 0.32192946 | AA80: 0.63700659 | AK80: 24 | AL80: 1.0351497 | AM80: 0.11601157 | AN80: 0.25691161 | AW80: 48 | AX80: -0.61937554 | AY80: 0.37361625 | AZ80: 0.79858661
... X98: 57 | Y98: 0.46725745 | Z98: -0.26336951 | AA98: -0.52113314 | AK98: 42 | AL98: 0.48744648 | AM98: 0.054405556 | AN98: 0.12048297 | AW98: 66 | AX98: -0.48215517 | AY98: -0.71286683 | AZ98: -1.5237183
X99: 58 | Y99: 0.51290131 | Z99: 0.00089459218 | AA99: 0.0017701428 | AK99: 43 | AL99: 0.85264054 | AM99: -0.30698622 | AN99: -0.6798315
X100: 59 | Y100: 0.82078503 | Z100: 0.40325811 | AA100: 0.7979328 | AK100: 44 | AL100: 0.29754777 | AM100: 0.42829312 | AN100: 0.94846979
X101: 60 | Y101: 0.73938422 | Z101: 0.17688285 | AA101: 0.35000072 | AK101: 45 | AL101: 0.14873568 | AM101: 0.4990546 | AN101: 1.1051735
X102: 61 | Y102: 0.45401908 | Z102: -0.080548035 | AA102: -0.15938159 | AK102: 46 | AL102: 0.5928056 | AM102: -0.40488508 | AN102: -0.8966319
X103: 62 | Y103: 0.27079082 | Z103: 0.33467993 | AA103: 0.66223614 | AK103: 47 | AL103: 0.53913932 | AM103: 0.46630103 | AN103: 1.0326396
X104: 63 | Y104: 0.400161 | Z104: -0.21292776 | AA104: -0.42132331 | AK104: 48 | AL104: -0.4748921 | AM104: 0.22913281 | AN104: 0.50742247
X105: 64 | Y105: 0.40153155 | Z105: -0.7645126 | AA105: -1.5127524 | AK105: 49 | AL105: -0.43693566 | AM105: 0.1458001 | AN105: 0.32287932
X106: 65 | Y106: 0.53180088 | Z106: -1.30569 | AA106: -2.5835882 | AK106: 50 | AL106: 0.64753849 | AM106: 0.80398081 | AN106: 1.7804431
X107: 66 | Y107: -0.08978428 | Z107: -1.1052377 | AA107: -2.1869502 | AK107: 51 | AL107: -0.63141702 | AM107: 0.25357294 | AN107: 0.56154597
AK108: 52 | AL108: -0.41002988 | AM108: 0.46219055 | AN108: 1.0235368
AK109: 53 | AL109: 0.08480584 | AM109: -0.0046086793 | AN109: -0.010206078
AK110: 54 | AL110: -0.67874647 | AM110: -0.11239715 | AN110: -0.24890734
AK111: 55 | AL111: 0.3315345 | AM111: -0.74001983 | AN111: -1.6387993
AK112: 56 | AL112: -0.074507691 | AM112: -0.8990648 | AN112: -1.9910098
AK113: 57 | AL113: 0.43403942 | AM113: -0.23015147 | AN113: -0.50967833
AK114: 58 | AL114: 0.31114422 | AM114: 0.20265168 | AN114: 0.4487791
AK115: 59 | AL115: 0.59827958 | AM115: 0.62576356 | AN115: 1.3857749
AK116: 60 | AL116: 0.7397174 | AM116: 0.17654967 | AN116: 0.3909753
AK117: 61 | AL117: 0.57327983 | AM117: -0.19980879 | AN117: -0.44248341
...

Sheet SR + catch data Murdoch_age con
A1: Source | B1: Brood year | C1: Spawners (D) | D1: Total stock | E1: Recruits | F1: SpawnC | G1: RecruitC | H1: lnRSC | I1: CatchC | J1: HR | K1: =covariates!R9 -> spawners | L1: =covariates!T9 -> smolt.sst | M1: =covariates!V9 -> SSLs, control stopped 1970 | N1: =covariates!U9 -> NPGO | O1: =covariates!W9 -> adult.sst | P1: =covariates!X9 -> PDO adult | Q1: =H1 -> lnRSC | R1: Year | S1: alpha(y), SSL, smolt SST
A2: Cass | B2: 1951 | C2: ='Orig data'!G5 -> 171725 | D2: ='Orig data'!Q5 -> 1187739 | E2: ='Orig data'!AB5 -> 457007.21 | F2: =C2/1000 -> 171.725 | G2: =E2/1000 -> 457.00721 | H2: =LN(E2/C2) -> 0.97880481 | I2: =D2-C2 -> 1016014 | J2: =I2/D2 -> 0.85541857 | K2: =covariates!R11 -> 171725 | L2: =covariates!T11 -> -1.4648119 | M2: =covariates!V11 -> 0.21616787 | N2: =covariates!U11 -> -1.0984671 | O2: =covariates!W11 -> -1.1106467 | P2: =covariates!X11 -> -2.2405166 | Q2: =H2 -> 0.97880481 | R2: =B2 -> 1951 | S2: =$AX$23+$K2*$AX$24+$L2*$AX$25+$M2*$AX$26 -> 1.1234382 | T2: =$AL$45+$K2*$AL$46+$L2*$AL$47+$M2*$AL$48+$N2*$AL$49+$O2*$AL$50 -> 0.92313749
A3: Cass | B3: 1952 | C3: ='Orig data'!G6 -> 176250 | D3: ='Orig data'!Q6 -> 927000 | E3: ='Orig data'!AB6 -> 298716.92 | F3: =C3/1000 -> 176.25 | G3: =E3/1000 -> 298.71692 | H3: =LN(E3/C3) -> 0.52759293 | I3: =D3-C3 -> 750750 | J3: =I3/D3 -> 0.80987055 | K3: =covariates!R12 -> 176250 | L3: =covariates!T12 -> -0.66139705 | M3: =covariates!V12 -> 0.16409794 | N3: =covariates!U12 -> 0.85361449 | O3: =covariates!W12 -> -0.40960074 | P3: =covariates!X12 -> -1.24959 | Q3: =H3 -> 0.52759293 | R3: =B3 -> 1952 | S3: =$AX$23+K3*$AX$24+L3*$AX$25+M3*$AX$26 -> 1.015304 | T3: =$AL$45+$K3*$AL$46+$L3*$AL$47+$M3*$AL$48+$N3*$AL$49+$O3*$AL$50 -> 1.0470866
A4: Cass | B4: 1953 | C4: ='Orig data'!G7 -> 137625 | D4: ='Orig data'!Q7 -> 918122 | E4: ='Orig data'!AB7 -> 339247.35 | F4: =C4/1000 -> 137.625 | G4: =E4/1000 -> 339.24735 | H4: =LN(E4/C4) -> 0.9021969 | I4: =D4-C4 -> 780497 | J4: =I4/D4 -> 0.85010162 | K4: =covariates!R13 -> 137625 | L4: =covariates!T13 -> -1.1472717 | M4: =covariates!V13 -> -0.15610451 | N4: =covariates!U13 -> 0.90303427 | O4: =covariates!W13 -> 0.94352578 | P4: =covariates!X13 -> 1.0113249 | Q4: =H4 -> 0.9021969 | R4: =B4 -> 1953 | S4: =$AX$23+K4*$AX$24+L4*$AX$25+M4*$AX$26 -> 1.1503835 | T4: =$AL$45+$K4*$AL$46+$L4*$AL$47+$M4*$AL$48+$N4*$AL$49+$O4*$AL$50 -> 1.3475404
A5: Cass | B5: 1954 | C5: ='Orig data'!G8 -> 86375 | D5: ='Orig data'!Q8 -> 1096517 | E5: ='Orig data'!AB8 -> 544674.75 | F5: =C5/1000 -> 86.375 | G5: =E5/1000 -> 544.67475 | H5: =LN(E5/C5) -> 1.8414905 | I5: =D5-C5 -> 1010142 | J5: =I5/D5 -> 0.92122785 | K5: =covariates!R14 -> 86375 | L5: =covariates!T14 -> -1.4571603 | M5: =covariates!V14 -> -0.4738288 | N5: =covariates!U14 -> 0.038188016 | O5: =covariates!W14 -> 0.8742115 | P5: =covariates!X14 -> 1.0277654 | Q5: =H5 -> 1.8414905 | R5: =B5 -> 1954 | S5: =$AX$23+K5*$AX$24+L5*$AX$25+M5*$AX$26 -> 1.2663713 | T5: =$AL$45+$K5*$AL$46+$L5*$AL$47+$M5*$AL$48+$N5*$AL$49+$O5*$AL$50 -> 1.4002067
A6: Cass | B6: 1955 | C6: ='Orig data'!G9 -> 110500 | D6: ='Orig data'!Q9 -> 397099 | E6: ='Orig data'!AB9 -> 606789.3 | F6: =C6/1000 -> 110.5 | G6: =E6/1000 -> 606.7893 | H6: =LN(E6/C6) -> 1.7031661 | I6: =D6-C6 -> 286599 | J6: =I6/D6 -> 0.72173186 | K6: =covariates!R15 -> 110500 | L6: =covariates!T15 -> -1.6331464 | M6: =covariates!V15 -> -0.63243612 | N6: =covariates!U15 -> -0.15949113 | O6: =covariates!W15 -> -0.35887996 | P6: =covariates!X15 -> 1.0857902 | Q6: =H6 -> 1.7031661 | R6: =B6 -> 1955 | S6: =$AX$23+K6*$AX$24+L6*$AX$25+M6*$AX$26 -> 1.3029937 | T6: =$AL$45+$K6*$AL$46+$L6*$AL$47+$M6*$AL$48+$N6*$AL$49+$O6*$AL$50 -> 1.2918935
A7: Cass | B7: 1956 | C7: ='Orig data'!G10 -> 32950 | D7: ='Orig data'!Q10 -> 282627 | E7: ='Orig data'!AB10 -> 400464.07 | F7: =C7/1000 -> 32.95 | G7: =E7/1000 -> 400.46407 | H7: =LN(E7/C7) -> 2.4976328 | I7: =D7-C7 -> 249677 | J7: =I7/D7 -> 0.88341524 | K7: =covariates!R16 -> 32950 | L7: =covariates!T16 -> -0.93685356 | M7: =covariates!V16 -> -0.61854863 | N7: =covariates!U16 -> -1.3702759 | O7: =covariates!W16 -> -0.59361318 | P7: =covariates!X16 -> 0.59134867 | Q7: =H7 -> 2.4976328 | R7: =B7 -> 1956 | S7: =$AX$23+K7*$AX$24+L7*$AX$25+M7*$AX$26 -> 1.2403378 | T7: =$AL$45+$K7*$AL$46+$L7*$AL$47+$M7*$AL$48+$N7*$AL$49+$O7*$AL$50 -> 1.1063577 | AW7: SUMMARY OUTPUT
A8: Cass | B8: 1957 | C8: ='Orig data'!G11 -> 84655 | D8: ='Orig data'!Q11 -> 308363 | E8: ='Orig data'!AB11 -> 267911.4 | F8: =C8/1000 -> 84.655 | G8: =E8/1000 -> 267.9114 | H8: =LN(E8/C8) -> 1.1520722 | I8: =D8-C8 -> 223708 | J8: =I8/D8 -> 0.72546966 | K8: =covariates!R17 -> 84655 | L8: =covariates!T17 -> 0.79622698 | M8: =covariates!V17 -> -0.6302244 | N8: =covariates!U17 -> -0.45600984 | O8: =covariates!W17 -> 0.12052565 | P8: =covariates!X17 -> -0.78767908 | Q8: =H8 -> 1.1520722 | R8: =B8 -> 1957 | S8: =$AX$23+K8*$AX$24+L8*$AX$25+M8*$AX$26 -> 0.97165771 | T8: =$AL$45+$K8*$AL$46+$L8*$AL$47+$M8*$AL$48+$N8*$AL$49+$O8*$AL$50 -> 0.98368115
A9: Cass | B9: 1958 | C9: ='Orig data'!G12 -> 89400 | D9: ='Orig data'!Q12 -> 559829 | E9: ='Orig data'!AB12 -> 261839.37 | F9: =C9/1000 -> 89.4 | G9: =E9/1000 -> 261.83937 | H9: =LN(E9/C9) -> 1.0746105 | I9: =D9-C9 -> 470429 | J9: =I9/D9 -> 0.84030838 | K9: =covariates!R18 -> 89400 | L9: =covariates!T18 -> -0.16021923 | M9: =covariates!V18 -> -0.64877422 | N9: =covariates!U18 -> -0.35717027 | O9: =covariates!W18 -> 0.49073089 | P9: =covariates!X18 -> 0.023031265 | Q9: =H9 -> 1.0746105 | R9: =B9 -> 1958 | S9: =$AX$23+K9*$AX$24+L9*$AX$25+M9*$AX$26 -> 1.1073798 | T9: =$AL$45+$K9*$AL$46+$L9*$AL$47+$M9*$AL$48+$N9*$AL$49+$O9*$AL$50 -> 1.1707256 | AW9: Regression Statistics
A10: Cass | B10: 1959 | C10: ='Orig data'!G13 -> 152300 | D10: ='Orig data'!Q13 -> 651622 | E10: ='Orig data'!AB13 -> 334077.82 | F10: =C10/1000 -> 152.3 | G10: =E10/1000 -> 334.07782 | H10: =LN(E10/C10) -> 0.78552169 | I10: =D10-C10 -> 499322 | J10: =I10/D10 -> 0.76627554 | K10: =covariates!R19 -> 152300 | L10: =covariates!T19 -> -0.35916005 | M10: =covariates!V19 -> -0.66732404 | N10: =covariates!U19 -> 0.73006502 | O10: =covariates!W19 -> 0.8550132 | P10: =covariates!X19 -> 0.15222652 | Q10: =H10 -> 0.78552169 | R10: =B10 -> 1959 | S10: =$AX$23+K10*$AX$24+L10*$AX$25+M10*$AX$26 -> 1.1075348 | T10: =$AL$45+$K10*$AL$46+$L10*$AL$47+$M10*$AL$48+$N10*$AL$49+$O10*$AL$50 -> 1.2972908 | AW10: Multiple R | AX10: 0.7792221
A11: Cass | B11: 1960 | C11: ='Orig data'!G14 -> 144782 | D11: ='Orig data'!Q14 -> 390714 | E11: ='Orig data'!AB14 -> 341713.55 | F11: =C11/1000 -> 144.782 | G11: =E11/1000 -> 341.71355 | H11: =LN(E11/C11) -> 0.85874365 | I11: =D11-C11 -> 245932 | J11: =I11/D11 -> 0.62944251 | K11: =covariates!R20 -> 144782 | L11: =covariates!T20 -> 0.31800387 | M11: =covariates!V20 -> -0.68587386 | N11: =covariates!U20 -> 1.2736827 | O11: =covariates!W20 -> -0.39676863 | P11: =covariates!X20 -> -0.30670834 | Q11: =H11 -> 0.85874365 | R11: =B11 -> 1960 | S11: =$AX$23+K11*$AX$24+L11*$AX$25+M11*$AX$26 -> 1.0181734 | T11: =$AL$45+$K11*$AL$46+$L11*$AL$47+$M11*$AL$48+$N11*$AL$49+$O11*$AL$50 -> 1.113551 | AW11: R Square | AX11: 0.60718708
A12: Cass | B12: 1961 | C12: ='Orig data'!G15 -> 103920 | D12: ='Orig data'!Q15 -> 253644 | E12: ='Orig data'!AB15 -> 225157.11 | F12: =C12/1000 -> 103.92 | G12: =E12/1000 -> 225.15711 | H12: =LN(E12/C12) -> 0.77317706 | I12: =D12-C12 -> 149724 | J12: =I12/D12 -> 0.59029191 | K12: =covariates!R21 -> 103920 | L12: =covariates!T21 -> -0.61548763 | M12: =covariates!V21 -> -0.70442368 | N12: =covariates!U21 -> -0.060651556 | O12: =covariates!W21 -> -0.39606329 | P12: =covariates!X21 -> -0.1012222 | Q12: =H12 -> 0.77317706 | R12: =B12 -> 1961 | S12: =$AX$23+K12*$AX$24+L12*$AX$25+M12*$AX$26 -> 1.1729342 | T12: =$AL$45+$K12*$AL$46+$L12*$AL$47+$M12*$AL$48+$N12*$AL$49+$O12*$AL$50 -> 1.165818 | AW12: Adjusted R Square | AX12: 0.58818
A13: Cass | B13: 1962 | C13: ='Orig data'!G16 -> 130357 | D13: ='Orig data'!Q16 -> 249239 | E13: ='Orig data'!AB16 -> 381286.84 | F13: =C13/1000 -> 130.357 | G13: =E13/1000 -> 381.28684 | H13: =LN(E13/C13) -> 1.0732751 | I13: =D13-C13 -> 118882 | J13: =I13/D13 -> 0.47697993 | K13: =covariates!R22 -> 130357 | L13: =covariates!T22 -> 0.27974603 | M13: =covariates!V22 -> -0.7229735 | N13: =covariates!U22 -> -0.45600984 | O13: =covariates!W22 -> -0.35900969 | P13: =covariates!X22 -> -0.17622042 | Q13: =H13 -> 1.0732751 | R13: =B13 -> 1962 | S13: =$AX$23+K13*$AX$24+L13*$AX$25+M13*$AX$26 -> 1.0361347 | T13: =$AL$45+$K13*$AL$46+$L13*$AL$47+$M13*$AL$48+$N13*$AL$49+$O13*$AL$50 -> 0.99942021 | AW13: Standard Error | AX13: 0.44670939
A14: Cass | B14: 1963 | C14: ='Orig data'!G17 -> 192245 | D14: ='Orig data'!Q17 -> 339884 | E14: ='Orig data'!AB17 -> 443223.02 | F14: =C14/1000 -> 192.245 | G14: =E14/1000 -> 443.22302 | H14: =LN(E14/C14) -> 0.83530247 | I14: =D14-C14 -> 147639 | J14: =I14/D14 -> 0.43438055 | K14: =covariates!R23 -> 192245 | L14: =covariates!T23 -> -0.51601722 | M14: =covariates!V23 -> -0.74152332 | N14: =covariates!U23 -> 0.53238588 | O14: =covariates!W23 -> 0.49333067 | P14: =covariates!X23 -> -0.060290396 | Q14: =H14 -> 0.83530247 | R14: =B14 -> 1963 | S14: =$AX$23+K14*$AX$24+L14*$AX$25+M14*$AX$26 -> 1.1212053 | T14: =$AL$45+$K14*$AL$46+$L14*$AL$47+$M14*$AL$48+$N14*$AL$49+$O14*$AL$50 -> 1.2578935 | AW14: Observations | AX14: 66
A15: Cass | B15: 1964 | C15: ='Orig data'!G18 -> 246741 | D15: ='Orig data'!Q18 -> 371556 | E15: ='Orig data'!AB18 -> 987701.83 | F15: =C15/1000 -> 246.741 | G15: =E15/1000 -> 987.70183 | H15: =LN(E15/C15) -> 1.3870417 | I15: =D15-C15 -> 124815 | J15: =I15/D15 -> 0.33592514 | K15: =covariates!R24 -> 246741 | L15: =covariates!T24 -> -0.63079077 | M15: =covariates!V24 -> -0.76007314 | N15: =covariates!U24 -> -0.77723845 | O15: =covariates!W24 -> 0.022873874 | P15: =covariates!X24 -> -0.19486841 | Q15: =H15 -> 1.3870417 | R15: =B15 -> 1964 | S15: =$AX$23+K15*$AX$24+L15*$AX$25+M15*$AX$26 -> 1.1135614 | T15: =$AL$45+$K15*$AL$46+$L15*$AL$47+$M15*$AL$48+$N15*$AL$49+$O15*$AL$50 -> 1.0942121
A16: Cass | B16: 1965 | C16: ='Orig data'!G19 -> 129459 | D16: ='Orig data'!Q19 -> 170472 | E16: ='Orig data'!AB19 -> 661146.41 | F16: =C16/1000 -> 129.459 | G16: =E16/1000 -> 661.14641 | H16: =LN(E16/C16) -> 1.6306111 | I16: =D16-C16 -> 41013 | J16: =I16/D16 -> 0.24058496 | K16: =covariates!R25 -> 129459 | L16: =covariates!T25 -> -0.73791275 | M16: =covariates!V25 -> -0.77859613 | N16: =covariates!U25 -> -0.82665824 | O16: =covariates!W25 -> -0.69640221 | P16: =covariates!X25 -> 0.93734856 | Q16: =H16 -> 1.6306111 | R16: =B16 -> 1965 | S16: =$AX$23+K16*$AX$24+L16*$AX$25+M16*$AX$26 -> 1.1887698 | T16: =$AL$45+$K16*$AL$46+$L16*$AL$47+$M16*$AL$48+$N16*$AL$49+$O16*$AL$50 -> 1.0901758 | AW16: ANOVA
A17: Cass | B17: 1966 | C17: ='Orig data'!G20 -> 360810 | D17: ='Orig data'!Q20 -> 419759 | E17: ='Orig data'!AB20 -> 675103.69 | F17: =C17/1000 -> 360.81 | G17: =E17/1000 -> 675.10369 | H17: =LN(E17/C17) -> 0.6265148 | I17: =D17-C17 -> 58949 | J17: =I17/D17 -> 0.14043535 | K17: =covariates!R26 -> 360810 | L17: =covariates!T26 -> -0.26734121 | M17: =covariates!V26 -> -0.79469093 | N17: =covariates!U26 -> -0.75252856 | O17: =covariates!W26 -> -1.2391506 | P17: =covariates!X26 -> -0.98622252 | Q17: =H17 -> 0.6265148 | R17: =B17 -> 1966 | S17: =$AX$23+K17*$AX$24+L17*$AX$25+M17*$AX$26 -> 1.0115447 | T17: =$AL$45+$K17*$AL$46+$L17*$AL$47+$M17*$AL$48+$N17*$AL$49+$O17*$AL$50 -> 0.8541898 | AX17: df | AY17: SS | AZ17: MS | BA17: F | BB17: Significance F
A18: Cass | B18: 1967 | C18: ='Orig data'!G21 -> 213873 | D18: ='Orig data'!Q21 -> 323003 | E18: ='Orig data'!AB21 -> 545326.68 | F18: =C18/1000 -> 213.873 | G18: =E18/1000 -> 545.32668 | H18: =LN(E18/C18) -> 0.93600265 | I18: =D18-C18 -> 109130 | J18: =I18/D18 -> 0.33786064 | K18: =covariates!R27 -> 213873 | L18: =covariates!T27 -> -0.14109031 | M18: =covariates!V27 -> -0.79827728 | N18: =covariates!U27 -> -0.57955931 | O18: =covariates!W27 -> -1.6371069 | P18: =covariates!X27 -> -1.52534 | Q18: =H18 -> 0.93600265 | R18: =B18 -> 1967 | S18: =$AX$23+K18*$AX$24+L18*$AX$25+M18*$AX$26 -> 1.0660183 | T18: =$AL$45+$K18*$AL$46+$L18*$AL$47+$M18*$AL$48+$N18*$AL$49+$O18*$AL$50 -> 0.88176883 | X18: SUMMARY OUTPUT | AW18: Regression | AX18: 3 | AY18: 19.123994 | AZ18: 6.3746647 | BA18: 31.945316 | BB18: 1.3154675e-12
A19: Cass | B19: 1968 | C19: ='Orig data'!G22 -> 670328 | D19: ='Orig data'!Q22 -> 1153257 | E19: ='Orig data'!AB22 -> 1265058.7 | F19: =C19/1000 -> 670.328 | G19: =E19/1000 -> 1265.0587 | H19: =LN(E19/C19) -> 0.63510663 | I19: =D19-C19 -> 482929 | J19: =I19/D19 -> 0.41875228 | K19: =covariates!R28 -> 670328 | L19: =covariates!T28 -> -0.64226813 | M19: =covariates!V28 -> -0.80845959 | N19: =covariates!U28 -> -1.2467264 | O19: =covariates!W28 -> -0.76440085 | P19: =covariates!X28 -> -0.47782905 | Q19: =H19 -> 0.63510663 | R19: =B19 -> 1968 | S19: =$AX$23+K19*$AX$24+L19*$AX$25+M19*$AX$26 -> 0.91537524 | T19: =$AL$45+$K19*$AL$46+$L19*$AL$47+$M19*$AL$48+$N19*$AL$49+$O19*$AL$50 -> 0.76561251 | AW19: Residual | AX19: 62 | AY19: 12.372055 | AZ19: 0.19954928
A20: Cass | B20: 1969 | C20: ='Orig data'!G23 -> 309220 | D20: ='Orig data'!Q23 -> 578493 | E20: ='Orig data'!AB23 -> 1384571.7 | F20: =C20/1000 -> 309.22 | G20: =E20/1000 -> 1384.5717 | H20: =LN(E20/C20) -> 1.4990931 | I20: =D20-C20 -> 269273 | J20: =I20/D20 -> 0.46547322 | K20: =covariates!R29 -> 309220 | L20: =covariates!T29 -> -0.77234481 | M20: =covariates!V29 -> -0.81065089 | N20: =covariates!U29 -> 0.013478123 | O20: =covariates!W29 -> -1.3810567 | P20: =covariates!X29 -> -0.87351657 | Q20: =H20 -> 1.4990931 | R20: =B20 -> 1969 | S20: =$AX$23+K20*$AX$24+L20*$AX$25+M20*$AX$26 -> 1.1105536 | T20: =$AL$45+$K20*$AL$46+$L20*$AL$47+$M20*$AL$48+$N20*$AL$49+$O20*$AL$50 -> 1.0016678 | X20: Regression Statistics | AW20: Total | AX20: 65 | AY20: 31.496049
A21: Cass | B21: 1970 | C21: ='Orig data'!G24 -> 284250 | D21: ='Orig data'!Q24 -> 739355 | E21: ='Orig data'!AB24 -> 772488.97 | F21: =C21/1000 -> 284.25 | G21: =E21/1000 -> 772.48897 | H21: =LN(E21/C21) -> 0.99976359 | I21: =D21-C21 -> 455105 | J21: =I21/D21 -> 0.61554328 | K21: =covariates!R30 -> 284250 | L21: =covariates!T30 -> -1.2964773 | M21: =covariates!V30 -> -0.77487521 | N21: =covariates!U30 -> 0.038188016 | O21: =covariates!W30 -> -0.86371165 | P21: =covariates!X30 -> -0.38442874 | Q21: =H21 -> 0.99976359 | R21: =B21 -> 1970 | S21: =$AX$23+K21*$AX$24+L21*$AX$25+M21*$AX$26 -> 1.1915895 | T21: =$AL$45+$K21*$AL$46+$L21*$AL$47+$M21*$AL$48+$N21*$AL$49+$O21*$AL$50 -> 1.1417751 | X21: Multiple R | Y21: 0.71685152
A22: Cass | B22: 1971 | C22: ='Orig data'!G25 -> 290125 | D22: ='Orig data'!Q25 -> 376364 | E22: ='Orig data'!AB25 -> 579652.29 | F22: =C22/1000 -> 290.125 | G22: =E22/1000 -> 579.65229 | H22: =LN(E22/C22) -> 0.69211657 | I22: =D22-C22 -> 86239 | J22: =I22/D22 -> 0.22913722 | K22: =covariates!R31 -> 290125 | L22: =covariates!T31 -> -1.4380314 | M22: =covariates!V31 -> -0.74016061 | N22: =covariates!U31 -> -0.43129995 | O22: =covariates!W31 -> -1.5803583 | P22: =covariates!X31 -> -0.7770558 | Q22: =H22 -> 0.69211657 | R22: =B22 -> 1971 | S22: =$AX$23+K22*$AX$24+L22*$AX$25+M22*$AX$26 -> 1.2035943 | T22: =$AL$45+$K22*$AL$46+$L22*$AL$47+$M22*$AL$48+$N22*$AL$49+$O22*$AL$50 -> 1.0369783 | X22: R Square | Y22: 0.51387609 | AX22: Coefficients | AY22: Standard Error | AZ22: t Stat | BA22: P-value | BB22: Lower 95% | BC22: Upper 95% | BD22: Lower 95.0% | BE22: Upper 95.0%
A23: Cass | B23: 1972 | C23: ='Orig data'!G26 -> 423290 | D23: ='Orig data'!Q26 -> 1349820 | E23: ='Orig data'!AB26 -> 911324.26 | F23: =C23/1000 -> 423.29 | G23: =E23/1000 -> 911.32426 | H23: =LN(E23/C23) -> 0.76684125 | I23: =D23-C23 -> 926530 | J23: =I23/D23 -> 0.68641004 | K23: =covariates!R32 -> 423290 | L23: =covariates!T32 -> -1.1090139 | M23: =covariates!V32 -> -0.70635502 | N23: =covariates!U32 -> -0.38188016 | O23: =covariates!W32 -> -1.8072179 | P23: =covariates!X32 -> 1.2876151 | Q23: =H23 -> 0.76684125 | R23: =B23 -> 1972 | S23: =$AX$23+K23*$AX$24+L23*$AX$25+M23*$AX$26 -> 1.0869714 | T23: =$AL$45+$K23*$AL$46+$L23*$AL$47+$M23*$AL$48+$N23*$AL$49+$O23*$AL$50 -> 0.89473207 | X23: Adjusted R Square | Y23: 0.50628041 | AW23: Intercept | AX23: 1.0322043 | AY23: 0.084420914 | AZ23: 12.22688 | BA23: 3.5999458e-18 | BB23: 0.86344934 | BC23: 1.2009593 | BD23: 0.86344934 | BE23: 1.2009593
A24: Cass | B24: 1973 | C24: ='Orig data'!G27 -> 267080 | D24: ='Orig data'!Q27 -> 1506960 | E24: ='Orig data'!AB27 -> 813139.92 | F24: =C24/1000 -> 267.08 | G24: =E24/1000 -> 813.13992 | H24: =LN(E24/C24) -> 1.113355 | I24: =D24-C24 -> 1239880 | J24: =I24/D24 -> 0.82276902 | K24: =covariates!R33 -> 267080 | L24: =covariates!T33 -> -1.1166654 | M24: =covariates!V33 -> -0.67676424 | N24: =covariates!U33 -> -0.30775049 | O24: =covariates!W33 -> -0.57709049 | P24: =covariates!X33 -> 0.73516175 | Q24: =H24 -> 1.113355 | R24: =B24 -> 1973 | S24: =$AX$23+K24*$AX$24+L24*$AX$25+M24*$AX$26 -> 1.1599976 | T24: =$AL$45+$K24*$AL$46+$L24*$AL$47+$M24*$AL$48+$N24*$AL$49+$O24*$AL$50 -> 1.1103097 | X24: Standard Error | Y24: 0.48911563 | AW24: spawners | AX24: -4.8864608e-07 | AY24: 8.0286395e-08 | AZ24: -6.0862875 | BA24: 7.9516118e-08 | BB24: -6.491363e-07 | BC24: -3.2815586e-07 | BD24: -6.491363e-07 | BE24: -3.2815586e-07
A25: Cass | B25: 1974 | C25: ='Orig data'!G28 -> 350315 | D25: ='Orig data'!Q28 -> 717854 | E25: ='Orig data'!AB28 -> 1019571.3 | F25: =C25/1000 -> 350.315 | G25: =E25/1000 -> 1019.5713 | H25: =LN(E25/C25) -> 1.0683047 | I25: =D25-C25 -> 367539 | J25: =I25/D25 -> 0.51199687 | K25: =covariates!R34 -> 350315 | L25: =covariates!T34 -> -1.5375018 | M25: =covariates!V34 -> -0.6745911 | N25: =covariates!U34 -> 0.70535513 | O25: =covariates!W34 -> -0.45059028 | P25: =covariates!X34 -> -0.11173288 | Q25: =H25 -> 1.0683047 | R25: =B25 -> 1974 | S25: =$AX$23+K25*$AX$24+L25*$AX$25+M25*$AX$26 -> 1.1785306 | T25: =$AL$45+$K25*$AL$46+$L25*$AL$47+$M25*$AL$48+$N25*$AL$49+$O25*$AL$50 -> 1.2227416 | X25: Observations | Y25: 66 | AW25: smolt.sst | AX25: -0.14145093 | AY25: 0.061024212 | AZ25: -2.3179476 | BA25: 0.023766246 | BB25: -0.26343659 | BC25: -0.019465266 | BD25: -0.26343659 | BE25: -0.019465266
A26: Cass | B26: 1975 | C26: ='Orig data'!G29 -> 191420 | D26: ='Orig data'!Q29 -> 486199 | E26: ='Orig data'!AB29 -> 482340.97 | F26: =C26/1000 -> 191.42 | G26: =E26/1000 -> 482.34097 | H26: =LN(E26/C26) -> 0.92418131 | I26: =D26-C26 -> 294779 | J26: =I26/D26 -> 0.6062929 | K26: =covariates!R35 -> 191420 | L26: =covariates!T35 -> -1.4380314 | M26: =covariates!V35 -> -0.68217551 | N26: =covariates!U35 -> 1.2242629 | O26: =covariates!W35 -> 0.4361134 | P26: =covariates!X35 -> 0.73195731 | Q26: =H26 -> 0.92418131 | R26: =B26 -> 1975 | S26: =$AX$23+K26*$AX$24+L26*$AX$25+M26*$AX$26 -> 1.2432284 | T26: =$AL$45+$K26*$AL$46+$L26*$AL$47+$M26*$AL$48+$N26*$AL$49+$O26*$AL$50 -> 1.4290368 | AW26: SeaLions | AX26: -0.14827534 | AY26: 0.064888438 | AZ26: -2.2850811 | BA26: 0.025740931 | BB26: -0.27798548 | BC26: -0.018565206 | BD26: -0.27798548 | BE26: -0.018565206
A27: Cass | B27: 1976 | C27: ='Orig data'!G30 -> 340517 | D27: ='Orig data'!Q30 -> 1003722 | E27: ='Orig data'!AB30 -> 790637.36 | F27: =C27/1000 -> 340.517 | G27: =E27/1000 -> 790.63736 | H27: =LN(E27/C27) -> 0.84237435 | I27: =D27-C27 -> 663205 | J27: =I27/D27 -> 0.6607457 | K27: =covariates!R36 -> 340517 | L27: =covariates!T36 -> -0.82973158 | M27: =covariates!V36 -> -0.68972168 | N27: =covariates!U36 -> 1.4960717 | O27: =covariates!W36 -> -0.058828973 | P27: =covariates!X36 -> 1.239464 | Q27: =H27 -> 0.84237435 | R27: =B27 -> 1976 | S27: =$AX$23+K27*$AX$24+L27*$AX$25+M27*$AX$26 -> 1.0854471 | T27: =$AL$45+$K27*$AL$46+$L27*$AL$47+$M27*$AL$48+$N27*$AL$49+$O27*$AL$50 -> 1.2345168 | X27: ANOVA
A28: Cass | B28: 1977 | C28: ='Orig data'!G31 -> 599341 | D28: ='Orig data'!Q31 -> 722536 | E28: ='Orig data'!AB31 -> 573665.97 | F28: =C28/1000 -> 599.341 | G28: =E28/1000 -> 573.66597 | H28: =LN(E28/C28) -> -0.04378343 | I28: =D28-C28 -> 123195 | J28: =I28/D28 -> 0.17050362 | K28: =covariates!R37 -> 599341 | L28: =covariates!T37 -> 0.47486105 | M28: =covariates!V37 -> -0.69205875 | N28: =covariates!U37 -> 0.92774416 | O28: =covariates!W37 -> -0.13059937 | P28: =covariates!X37 -> 0.6412799 | Q28: =H28 -> -0.04378343 | R28: =B28 -> 1977 | S28: =$AX$23+K28*$AX$24+L28*$AX$25+M28*$AX$26 -> 0.77478443 | T28: =$AL$45+$K28*$AL$46+$L28*$AL$47+$M28*$AL$48+$N28*$AL$49+$O28*$AL$50 -> 0.86220134 | Y28: df | Z28: SS | AA28: MS | AB28: F | AC28: Significance F
A29: Cass | B29: 1978 | C29: ='Orig data'!G32 -> 358990 | D29: ='Orig data'!Q32 -> 1185223 | E29: ='Orig data'!AB32 -> 666342.58 | F29: =C29/1000 -> 358.99 | G29: =E29/1000 -> 666.34258 | H29: =LN(E29/C29) -> 0.6185094 | I29: =D29-C29 -> 826233 | J29: =I29/D29 -> 0.69711185 | K29: =covariates!R38 -> 358990 | L29: =covariates!T38 -> -0.82973158 | M29: =covariates!V38 -> -0.68849258 | N29: =covariates!U38 -> -0.62897909 | O29: =covariates!W38 -> -0.86534445 | P29: =covariates!X38 -> 1.0457396 | Q29: =H29 -> 0.6185094 | R29: =B29 -> 1978 | S29: =$AX$23+K29*$AX$24+L29*$AX$25+M29*$AX$26 -> 1.0762381 | T29: =$AL$45+$K29*$AL$46+$L29*$AL$47+$M29*$AL$48+$N29*$AL$49+$O29*$AL$50 -> 0.96723936 | X29: Regression | Y29: 1 | Z29: 16.185067 | AA29: 16.185067 | AB29: 67.653678 | AC29: 1.2930194e-11 | AK29: SUMMARY OUTPUT
A30: Cass | B30: 1979 | C30: ='Orig data'!G33 -> 255634 | D30: ='Orig data'!Q33 -> 308732 | E30: ='Orig data'!AB33 -> 518168.16 | F30: =C30/1000 -> 255.634 | G30: =E30/1000 -> 518.16816 | H30: =LN(E30/C30) -> 0.7065531 | I30: =D30-C30 -> 53098 | J30: =I30/D30 -> 0.17198735 | K30: =covariates!R39 -> 255634 | L30: =covariates!T39 -> -0.014839408 | M30: =covariates!V39 -> -0.6582991 | N30: =covariates!U39 -> -1.345566 | O30: =covariates!W39 -> -0.11917064 | P30: =covariates!X39 -> 1.760858 | Q30: =H30 -> 0.7065531 | R30: =B30 -> 1979 | S30: =$AX$23+K30*$AX$24+L30*$AX$25+M30*$AX$26 -> 1.0069984 | T30: =$AL$45+$K30*$AL$46+$L30*$AL$47+$M30*$AL$48+$N30*$AL$49+$O30*$AL$50 -> 0.92141724 | X30: Residual | Y30: 64 | Z30: 15.310982 | AA30: 0.2392341 | AW30: RESIDUAL OUTPUT
A31: Cass | B31: 1980 | C31: ='Orig data'!G34 -> 314011 | D31: ='Orig data'!Q34 -> 909353 | E31: ='Orig data'!AB34 -> 760537.66 | F31: =C31/1000 -> 314.011 | G31: =E31/1000 -> 760.53766 | H31: =LN(E31/C31) -> 0.88459762 | I31: =D31-C31 -> 595342 | J31: =I31/D31 -> 0.65468745 | K31: =covariates!R40 -> 314011 | L31: =covariates!T40 -> 0.096108353 | M31: =covariates!V40 -> -0.63811958 | N31: =covariates!U40 -> -0.62897909 | O31: =covariates!W40 -> -0.30043061 | P31: =covariates!X40 -> 0.99525166 | Q31: =H31 -> 0.88459762 | R31: =B31 -> 1980 | S31: =$AX$23+K31*$AX$24+L31*$AX$25+M31*$AX$26 -> 0.95978689 | T31: =$AL$45+$K31*$AL$46+$L31*$AL$47+$M31*$AL$48+$N31*$AL$49+$O31*$AL$50 -> 0.90934002 | X31: Total | Y31: 65 | Z31: 31.496049 | AK31: Regression Statistics
A32: Cass | B32: 1981 | C32: ='Orig data'!G35 -> 436996 | D32: ='Orig data'!Q35 -> 500271 | E32: ='Orig data'!AB35 -> 1671326 | F32: =C32/1000 -> 436.996 | G32: =E32/1000 -> 1671.326 | H32: =LN(E32/C32) -> 1.3414485 | I32: =D32-C32 -> 63275 | J32: =I32/D32 -> 0.12648145 | K32: =covariates!R41 -> 436996 | L32: =covariates!T41 -> -0.20612865 | M32: =covariates!V41 -> -0.61366487 | N32: =covariates!U41 -> -0.33246038 | O32: =covariates!W41 -> -0.47378456 | P32: =covariates!X41 -> 1.323357 | Q32: =H32 -> 1.3414485 | R32: =B32 -> 1981 | S32: =$AX$23+K32*$AX$24+L32*$AX$25+M32*$AX$26 -> 0.93881642 | T32: =$AL$45+$K32*$AL$46+$L32*$AL$47+$M32*$AL$48+$N32*$AL$49+$O32*$AL$50 -> 0.89042837 | AK32: Multiple R | AL32: 0.78855778 | AW32: Observation | AX32: Predicted lnRSC | AY32: Residuals | AZ32: Standard Residuals
A33: Cass | B33: 1982 | C33: ='Orig data'!G36 -> 326439 | D33: ='Orig data'!Q36 -> 724011 | E33: ='Orig data'!AB36 -> 1462818.4 | F33: =C33/1000 -> 326.439 | G33: =E33/1000 -> 1462.8184 | H33: =LN(E33/C33) -> 1.4998772 | I33: =D33-C33 -> 397572 | J33: =I33/D33 -> 0.54912425 | K33: =covariates!R42 -> 326439 | L33: =covariates!T42 -> 1.098464 | M33: =covariates!V42 -> -0.58645118 | N33: =covariates!U42 -> 0.28528695 | O33: =covariates!W42 -> -0.30433541 | P33: =covariates!X42 -> 1.9247807 | Q33: =H33 -> 1.4998772 | R33: =B33 -> 1982 | S33: =$AX$23+K33*$AX$24+L33*$AX$25+M33*$AX$26 -> 0.80426871 | T33: =$AL$45+$K33*$AL$46+$L33*$AL$47+$M33*$AL$48+$N33*$AL$49+$O33*$AL$50 -> 0.82168599 | Y33: Coefficients | Z33: Standard Error | AA33: t Stat | AB33: P-value | AC33: Lower 95% | AD33: Upper 95% | AE33: Lower 95.0% | AF33: Upper 95.0% | AK33: R Square | AL33: 0.62182337 | AW33: 1 | AX33: 1.1215654 | AY33: -0.14276058 | AZ33: -0.32722317
A34: Cass | B34: 1983 | C34: ='Orig data'!G37 -> 371770 | D34: ='Orig data'!Q37 -> 470101 | E34: ='Orig data'!AB37 -> 673139.64 | F34: =C34/1000 -> 371.77 | G34: =E34/1000 -> 673.13964 | H34: =LN(E34/C34) -> 0.59367742 | I34: =D34-C34 -> 98331 | J34: =I34/D34 -> 0.20916994 | K34: =covariates!R43 -> 371770 | L34: =covariates!T43 -> 0.65084716 | M34: =covariates!V43 -> -0.55211166 | N34: =covariates!U43 -> 0.013478123 | O34: =covariates!W43 -> -0.95495528 | P34: =covariates!X43 -> 0.93910201 | Q34: =H34 -> 0.59367742 | R34: =B34 -> 1983 | S34: =$AX$23+K34*$AX$24+L34*$AX$25+M34*$AX$26 -> 0.840342 | T34: =$AL$45+$K34*$AL$46+$L34*$AL$47+$M34*$AL$48+$N34*$AL$49+$O34*$AL$50 -> 0.76391454 | X34: Intercept | Y34: 1.1470852 | Z34: 0.085969063 | AA34: 13.343 | AB34: 3.759457e-20 | AC34: 0.97534226 | AD34: 1.3188281 | AE34: 0.97534226 | AF34: 1.3188281 | AK34: Adjusted R Square | AL34: 0.59030865 | AW34: 2 | AX34: 1.013587 | AY34: -0.48599407 | AZ34: -1.1139526
A35: Cass | B35: 1984 | C35: ='Orig data'!G38 -> 541478 | D35: ='Orig data'!Q38 -> 612803 | E35: ='Orig data'!AB38 -> 984259.76 | F35: =C35/1000 -> 541.478 | G35: =E35/1000 -> 984.25976 | H35: =LN(E35/C35) -> 0.59758741 | I35: =D35-C35 -> 71325 | J35: =I35/D35 -> 0.1163914 | K35: =covariates!R44 -> 541478 | L35: =covariates!T44 -> -0.014839408 | M35: =covariates!V44 -> -0.53725737 | N35: =covariates!U44 -> 0.13702759 | O35: =covariates!W44 -> -1.0919186 | P35: =covariates!X44 -> -0.5047278 | Q35: =H35 -> 0.59758741 | R35: =B35 -> 1984 | S35: =$AX$23+K35*$AX$24+L35*$AX$25+M35*$AX$26 -> 0.84937431 | T35: =$AL$45+$K35*$AL$46+$L35*$AL$47+$M35*$AL$48+$N35*$AL$49+$O35*$AL$50 -> 0.76548963 | X35: spawners | Y35: -6.3263093e-07 | Z35: 7.6913879e-08 | AA35: -8.2251856 | AB35: 1.2930194e-11 | AC35: -7.8628407e-07 | AD35: -4.7897779e-07 | AE35: -7.8628407e-07 | AF35: -4.7897779e-07 | AK35: Standard Error | AL35: 0.4455534 | AW35: 3 | AX35: 1.1498202 | AY35: -0.24762325 | AZ35: -0.56758012
A36: Cass | B36: 1985 | C36: ='Orig data'!G39 -> 1383808 | D36: ='Orig data'!Q39 -> 1839044 | E36: ='Orig data'!AB39 -> 1154732 | F36: =C36/1000 -> 1383.808 | G36: =E36/1000 -> 1154.732 | H36: =LN(E36/C36) -> -0.18097084 | I36: =D36-C36 -> 455236 | J36: =I36/D36 -> 0.24753948 | K36: =covariates!R45 -> 1383808 | L36: =covariates!T45 -> -0.24821228 | M36: =covariates!V45 -> -0.52094945 | N36: =covariates!U45 -> -1.123177 | O36: =covariates!W45 -> 0.32259546 | P36: =covariates!X45 -> -0.76724552 | Q36: =H36 -> -0.18097084 | R36: =B36 -> 1985 | S36: =$AX$23+K36*$AX$24+L36*$AX$25+M36*$AX$26 -> 0.46836581 | T36: =$AL$45+$K36*$AL$46+$L36*$AL$47+$M36*$AL$48+$N36*$AL$49+$O36*$AL$50 -> 0.42139052 | AK36: Observations | AL36: 66 | AW36: 4 | AX36: 1.2665633 | AY36: 0.57492725 | AZ36: 1.3177974
A37: Cass | B37: 1986 | C37: ='Orig data'!G40 -> 997327 | D37: ='Orig data'!Q40 -> 1580868 | E37: ='Orig data'!AB40 -> 1522545.3 | F37: =C37/1000 -> 997.327 | G37: =E37/1000 -> 1522.5453 | H37: =LN(E37/C37) -> 0.42306003 | I37: =D37-C37 -> 583541 | J37: =I37/D37 -> 0.36912696 | K37: =covariates!R46 -> 997327 | L37: =covariates!T46 -> 0.88039425 | M37: =covariates!V46 -> -0.4995846 | N37: =covariates!U46 -> 0.28528695 | O37: =covariates!W46 -> 0.34627933 | P37: =covariates!X46 -> -1.2712217 | Q37: =H37 -> 0.42306003 | R37: =B37 -> 1986 | S37: =$AX$23+K37*$AX$24+L37*$AX$25+M37*$AX$26 -> 0.49440791 | T37: =$AL$45+$K37*$AL$46+$L37*$AL$47+$M37*$AL$48+$N37*$AL$49+$O37*$AL$50 -> 0.56665787 | AW37: 5 | AX37: 1.3036603 | AY37: 0.39950582 | AZ37: 0.91571192
A38: Cass | B38: 1987 | C38: ='Orig data'!G41 -> 363671 | D38: ='Orig data'!Q41 -> 481076 | E38: ='Orig data'!AB41 -> 1482704.4 | F38: =C38/1000 -> 363.671 | G38: =E38/1000 -> 1482.7044 | H38: =LN(E38/C38) -> 1.4053734 | I38: =D38-C38 -> 117405 | J38: =I38/D38 -> 0.24404668 | K38: =covariates!R47 -> 363671 | L38: =covariates!T47 -> 0.69675658 | M38: =covariates!V47 -> -0.4556787 | N38: =covariates!U47 -> 0.85361449 | O38: =covariates!W47 -> 0.091080077 | P38: =covariates!X47 -> 0.27969825 | Q38: =H38 -> 1.4053734 | R38: =B38 -> 1987 | S38: =$AX$23+K38*$AX$24+L38*$AX$25+M38*$AX$26 -> 0.82350699 | T38: =$AL$45+$K38*$AL$46+$L38*$AL$47+$M38*$AL$48+$N38*$AL$49+$O38*$AL$50 -> 0.92503014 | AK38: ANOVA | AW38: 6 | AX38: 1.240975 | AY38: 1.2566578 | AZ38: 2.8803999
A39: Cass | B39: 1988 | C39: ='Orig data'!G42 -> 528467 | D39: ='Orig data'!Q42 -> 1035111 | E39: ='Orig data'!AB42 -> 1535457.6 | F39: =C39/1000 -> 528.467 | G39: =E39/1000 -> 1535.4576 | H39: =LN(E39/C39) -> 1.0666033 | I39: =D39-C39 -> 506644 | J39: =I39/D39 -> 0.48945862 | K39: =covariates!R48 -> 528467 | L39: =covariates!T48 -> 0.23766239 | M39: =covariates!V48 -> -0.43718145 | N39: =covariates!U48 -> 0.87832438 | O39: =covariates!W48 -> 0.57441929 | P39: =covariates!X48 -> 0.72729914 | Q39: =H39 -> 1.0666033 | R39: =B39 -> 1988 | S39: =$AX$23+K39*$AX$24+L39*$AX$25+M39*$AX$26 -> 0.80517668 | T39: =$AL$45+$K39*$AL$46+$L39*$AL$47+$M39*$AL$48+$N39*$AL$49+$O39*$AL$50 -> 0.95862792 | X39: RESIDUAL OUTPUT | AL39: df | AM39: SS | AN39: MS | AO39: F | AP39: Significance F | AW39: 7 | AX39: 0.97232987 | AY39: 0.17974229 | AZ39: 0.41198937
A40: Cass | B40: 1989 | C40: ='Orig data'!G43 -> 739647 | D40: ='Orig data'!Q43 -> 1094661 | E40: ='Orig data'!AB43 -> 1593611 | F40: =C40/1000 -> 739.647 | G40: =E40/1000 -> 1593.611 | H40: =LN(E40/C40) -> 0.76758472 | I40: =D40-C40 -> 355014 | J40: =I40/D40 -> 0.3243141 | K40: =covariates!R49 -> 739647 | L40: =covariates!T49 -> 0.81918169 | M40: =covariates!V49 -> -0.48915912 | N40: =covariates!U49 -> 0.087607802 | O40: =covariates!W49 -> 0.804363 | P40: =covariates!X49 -> 0.8053956 | Q40: =H40 -> 0.76758472 | R40: =B40 -> 1989 | S40: =$AX$23+K40*$AX$24+L40*$AX$25+M40*$AX$26 -> 0.62743496 | T40: =$AL$45+$K40*$AL$46+$L40*$AL$47+$M40*$AL$48+$N40*$AL$49+$O40*$AL$50 -> 0.73905253 | AK40: Regression | AL40: 5 | AM40: 19.584979 | AN40: 3.9169959 | AO40: 19.731205 | AP40: 1.4212093e-11 | AW40: 8 | AX40: 1.1081074 | AY40: -0.03349691 | AZ40: -0.076778656
A41: Cass | B41: 1990 | C41: ='Orig data'!G44 -> 861972 | D41: ='Orig data'!Q44 -> 1594885 | E41: ='Orig data'!AB44 -> 2146403.2 | F41: =C41/1000 -> 861.972 | G41: =E41/1000 -> 2146.4032 | H41: =LN(E41/C41) -> 0.91232599 | I41: =D41-C41 -> 732913 | J41: =I41/D41 -> 0.45953972 | K41: =covariates!R50 -> 861972 | L41: =covariates!T50 -> 0.37539065 | M41: =covariates!V50 -> -0.53437066 | N41: =covariates!U50 -> -0.85136813 | O41: =covariates!W50 -> 0.50588324 | P41: =covariates!X50 -> -0.34015402 | Q41: =H41 -> 0.91232599 | R41: =B41 -> 1990 | S41: =$AX$23+K41*$AX$24+L41*$AX$25+M41*$AX$26 -> 0.63713975 | T41: =$AL$45+$K41*$AL$46+$L41*$AL$47+$M41*$AL$48+$N41*$AL$49+$O41*$AL$50 -> 0.64147459 | X41: Observation | Y41: Predicted lnRSC | Z41: Residuals | AA41: Standard Residuals | AK41: Residual | AL41: 60 | AM41: 11.91107 | AN41: 0.19851783 | AW41: 9 | AX41: 1.1083057 | AY41: -0.32278405 | AZ41: -0.73985706
A42: Grant | B42: 1991 | C42: ='Orig data'!G45 -> 1106348 | D42: ='Orig data'!Q45 -> 1454169 | E42: ='Orig data'!AB45 -> 1813267.3 | F42: =C42/1000 -> 1106.348 | G42: =E42/1000 -> 1813.2673 | H42: =LN(E42/C42) -> 0.49406586 | I42: =D42-C42 -> 347821 | J42: =I42/D42 -> 0.23918884 | K42: =covariates!R51 -> 1106348 | L42: =covariates!T51 -> 1.5307777 | M42: =covariates!V51 -> -0.48291433 | N42: =covariates!U51 -> -0.28304059 | O42: =covariates!W51 -> 0.039662898 | P42: =covariates!X51 -> 0.85864475 | Q42: =H42 -> 0.49406586 | R42: =B42 -> 1991 | S42: =$AX$23+K42*$AX$24+L42*$AX$25+M42*$AX$26 -> 0.3466661 | T42: =$AL$45+$K42*$AL$46+$L42*$AL$47+$M42*$AL$48+$N42*$AL$49+$O42*$AL$50 -> 0.33561121 | X42: 1 | Y42: 1.0384467 | Z42: -0.059641842 | AA42: -0.12288707 | AK42: Total | AL42: 65 | AM42: 31.496049 | AW42: 10 | AX42: 0.96089109 | AY42: -0.10214744 | AZ42: -0.23413333
A43: Grant | B43: 1992 | C43: ='Orig data'!G46 -> 1035859 | D43: ='Orig data'!Q46 -> 1555718 | E43: ='Orig data'!AB46 -> 1301468.2 | F43: =C43/1000 -> 1035.859 | G43: =E43/1000 -> 1301.4682 | H43: =LN(E43/C43) -> 0.228262 | I43: =D43-C43 -> 519859 | J43: =I43/D43 -> 0.33416018 | K43: =covariates!R52 -> 1035859 | L43: =covariates!T52 -> 1.3127079 | M43: =covariates!V52 -> -0.4008722 | N43: =covariates!U52 -> -2.1362826 | O43: =covariates!W52 -> 0.29967112 | P43: =covariates!X52 -> 0.86758581 | Q43: =H43 -> 0.228262 | R43: =B43 -> 1992 | S43: =$AX$23+K43*$AX$24+L43*$AX$25+M43*$AX$26 -> 0.39979161 | T43: =$AL$45+$K43*$AL$46+$L43*$AL$47+$M43*$AL$48+$N43*$AL$49+$O43*$AL$50 -> 0.26841171 | X43: 2 | Y43: 1.035584 | Z43: -0.50799107 | AA43: -1.0466735 | AW43: 11 | AX43: 1.1402071 | AY43: -0.36703006 | AZ43: -0.84127385
A44: Grant | B44: 1993 | C44: ='Orig data'!G47 -> 985479 | D44: ='Orig data'!Q47 -> 1476663 | E44: ='Orig data'!AB47 -> 1536216.2 | F44: =C44/1000 -> 985.479 | G44: =E44/1000 -> 1536.2162 | H44: =LN(E44/C44) -> 0.44394985 | I44: =D44-C44 -> 491184 | J44: =I44/D44 -> 0.33263107 | K44: =covariates!R53 -> 985479 | L44: =covariates!T53 -> 0.88804582 | M44: =covariates!V53 -> -0.31450682 | N44: =covariates!U53 -> -1.9633133 | O44: =covariates!W53 -> 1.2101671 | P44: =covariates!X53 -> 1.3503136 | Q44: =H44 -> 0.44394985 | R44: =B44 -> 1993 | S44: =$AX$23+K44*$AX$24+L44*$AX$25+M44*$AX$26 -> 0.4716726 | T44: =$AL$45+$K44*$AL$46+$L44*$AL$47+$M44*$AL$48+$N44*$AL$49+$O44*$AL$50 -> 0.45262487 | X44: 3 | Y44: 1.0602724 | Z44: -0.15807552 | AA44: -0.3257015 | AL44: Coefficients | AM44: Standard Error | AN44: t Stat | AO44: P-value | AP44: Lower 95% | AQ44: Upper 95% | AR44: Lower 95.0% | AS44: Upper 95.0% | AW44: 12 | AX44: 1.0127166 | AY44: 0.060558477 | AZ44: 0.13880679
A45: Grant | B45: 1994 | C45: ='Orig data'!G48 -> 1666079 | D45: ='Orig data'!Q48 -> 2295288 | E45: ='Orig data'!AB48 -> 3619664.9 | F45: =C45/1000 -> 1666.079 | G45: =E45/1000 -> 3619.6649 | H45: =LN(E45/C45) -> 0.77590848 | I45: =D45-C45 -> 629209 | J45: =I45/D45 -> 0.27413074 | K45: =covariates!R54 -> 1666079 | L45: =covariates!T54 -> 1.0028194 | M45: =covariates!V54 -> -0.22091941 | N45: =covariates!U54 -> -1.3208561 | O45: =covariates!W54 -> -0.062764293 | P45: =covariates!X54 -> -0.73534477 | Q45: =H45 -> 0.77590848 | R45: =B45 -> 1994 | S45: =$AX$23+K45*$AX$24+L45*$AX$25+M45*$AX$26 -> 0.10898854 | T45: =$AL$45+$K45*$AL$46+$L45*$AL$47+$M45*$AL$48+$N45*$AL$49+$O45*$AL$50 -> -0.015560853 | X45: 4 | Y45: 1.0924417 | Z45: 0.74904884 | AA45: 1.543353 | AK45: Intercept | AL45: 1.0485288 | AM45: 0.087752467 | AN45: 11.948711 | AO45: 1.654469e-17 | AP45: 0.87299777 | AQ45: 1.2240599 | AR45: 0.87299777 | AS45: 1.2240599 | AW45: 13 | AX45: 1.1114701 | AY45: -0.27616764 | AZ45: -0.63300704
A46: Grant | B46: 1995 | C46: ='Orig data'!G49 -> 1628542 | D46: ='Orig data'!Q49 -> 1844441 | E46: ='Orig data'!AB49 -> 2891781.2 | F46: =C46/1000 -> 1628.542 | G46: =E46/1000 -> 2891.7812 | H46: =LN(E46/C46) -> 0.57418751 | I46: =D46-C46 -> 215899 | J46: =I46/D46 -> 0.11705389 | K46: =covariates!R55 -> 1628542 | L46: =covariates!T55 -> 1.3930494 | M46: =covariates!V55 -> -0.14591973 | N46: =covariates!U55 -> -0.67839888 | O46: =covariates!W55 -> -1.1852273 | P46: =covariates!X55 -> -1.3879316 | Q46: =H46 -> 0.57418751 | R46: =B46 -> 1995 | S46: =$AX$23+K46*$AX$24+L46*$AX$25+M46*$AX$26 -> 0.061011846 | T46: =$AL$45+$K46*$AL$46+$L46*$AL$47+$M46*$AL$48+$N46*$AL$49+$O46*$AL$50 -> -0.13791925 | X46: 5 | Y46: 1.0771795 | Z46: 0.62598662 | AA46: 1.2897935 | AK46: spawners | AL46: -5.0910623e-07 | AM46: 8.5857492e-08 | AN46: -5.9296657 | AO46: 1.6098426e-07 | AP46: -6.8084678e-07 | AQ46: -3.3736567e-07 | AR46: -6.8084678e-07 | AS46: -3.3736567e-07 | AW46: 14 | AX46: 1.0761735 | AY46: 0.31086818 | AZ46: 0.71254455
A47: Murdoch | B47: 1996 | C47: ='Orig data'!G50 -> 1186180 | D47: ='Orig data'!R50 -> 1248442.9 | E47: ='Orig data'!AB50 -> 1406508.4 | F47: =C47/1000 -> 1186.18 | G47: =E47/1000 -> 1406.5084 | H47: =LN(E47/C47) -> 0.17037224 | I47: =D47-C47 -> 62262.946 | J47: =I47/D47 -> 0.04987248 | K47: =covariates!R56 -> 1186180 | L47: =covariates!T56 -> 1.4313073 | M47: =covariates!V56 -> -0.062940749 | N47: =covariates!U56 -> -1.1973066 | O47: =covariates!W56 -> -0.12962244 | P47: =covariates!X56 -> -0.26913195 | Q47: =H47 -> 0.17037224 | R47: =B47 -> 1996 | S47: =$AX$23+K47*$AX$24+L47*$AX$25+M47*$AX$26 -> 0.25945496 | T47: =$AL$45+$K47*$AL$46+$L47*$AL$47+$M47*$AL$48+$N47*$AL$49+$O47*$AL$50 -> 0.14052433 | X47: 6 | Y47: 1.1262558 | Z47: 1.371377 | AA47: 2.8256086 | AK47: smolt.sst | AL47: -0.14395794 | AM47: 0.061533648 | AN47: -2.3394996 | AO47: 0.022656049 | AP47: -0.26704357 | AQ47: -0.020872323 | AR47: -0.26704357 | AS47: -0.020872323 | AW47: 15 | AX47: 1.1628316 | AY47: 0.46777953 | AZ47: 1.0722029
A48: Murdoch | B48: 1997 | C48: ='Orig data'!G51 -> 1045815 | D48: ='Orig data'!R51 -> 1134098.4 | E48: ='Orig data'!AB51 -> 3026030.5 | F48: =C48/1000 -> 1045.815 | G48: =E48/1000 -> 3026.0305 | H48: =LN(E48/C48) -> 1.0624552 | I48: =D48-C48 -> 88283.415 | J48: =I48/D48 -> 0.07784458 | K48: =covariates!R57 -> 1045815 | L48: =covariates!T57 -> 1.3547916 | M48: =covariates!V57 -> 0.027720142 | N48: =covariates!U57 -> 0.85361449 | O48: =covariates!W57 -> -0.61621392 | P48: =covariates!X57 -> -0.54897412 | Q48: =H48 -> 1.0624552 | R48: =B48 -> 1997 | S48: =$AX$23+K48*$AX$24+L48*$AX$25+M48*$AX$26 -> 0.32542421 | T48: =$AL$45+$K48*$AL$46+$L48*$AL$47+$M48*$AL$48+$N48*$AL$49+$O48*$AL$50 -> 0.31666652 | X48: 7 | Y48: 1.0935456 | Z48: 0.058526514 | AA48: 0.12058903 | AK48: SeaLions | AL48: -0.18416274 | AM48: 0.076487629 | AN48: -2.4077455 | AO48: 0.019142728 | AP48: -0.33716078 | AQ48: -0.031164706 | AR48: -0.33716078 | AS48: -0.031164706 | AW48: 16 | AX48: 0.97903397 | AY48: -0.35251917 | AZ48: -0.80801328
A49: Murdoch | B49: 1998 | C49: ='Orig data'!G52 -> 3561043 | D49: ='Orig data'!R52 -> 4069680.2 | E49: ='Orig data'!AB52 -> 2685723.4 | F49: =C49/1000 -> 3561.043 | G49: =E49/1000 -> 2685.7234 | H49: =LN(E49/C49) -> -0.28210338 | I49: =D49-C49 -> 508637.2 | J49: =I49/D49 -> 0.1249821 | K49: =covariates!R58 -> 3561043 | L49: =covariates!T58 -> -0.76086746 | M49: =covariates!V58 -> 0.14210078 | N49: =covariates!U58 -> 1.4960717 | O49: =covariates!W58 -> 0.32229877 | P49: =covariates!X58 -> 1.2775356 | Q49: =H49 -> -0.28210338 | R49: =B49 -> 1998 | S49: =$AX$23+K49*$AX$24+L49*$AX$25+M49*$AX$26 -> -0.62132999 | T49: =$AL$45+$K49*$AL$46+$L49*$AL$47+$M49*$AL$48+$N49*$AL$49+$O49*$AL$50 -> -0.52650971 | X49: 8 | Y49: 1.0905438 | Z49: -0.015933278 | AA49: -0.032829199 | AK49: NPGO | AL49: 0.079749765 | AM49: 0.068785672 | AN49: 1.159395 | AO49: 0.25088843 | AP49: -0.057842065 | AQ49: 0.21734159 | AR49: -0.057842065 | AS49: 0.21734159 | AW49: 17 | AX49: 1.0671812 | AY49: -0.13117853 | AZ49: -0.30067584
A50: Murdoch | B50: 1999 | C50: ='Orig data'!G53 -> 2987256 | D50: ='Orig data'!R53 -> 3083677.3 | E50: ='Orig data'!AB53 -> 2258243.3 | F50: =C50/1000 -> 2987.256 | G50: =E50/1000 -> 2258.2433 | H50: =LN(E50/C50) -> -0.27976805 | I50: =D50-C50 -> 96421.294 | J50: =I50/D50 -> 0.031268283 | K50: =covariates!R59 -> 2987256 | L50: =covariates!T59 -> -0.23290915 | M50: =covariates!V59 -> 0.2068834 | N50: =covariates!U59 -> 1.6196212 | O50: =covariates!W59 -> 0.29296043 | P50: =covariates!X59 -> 0.10603559 | Q50: =H50 -> -0.27976805 | R50: =B50 -> 1999 | S50: =$AX$23+K50*$AX$24+L50*$AX$25+M50*$AX$26 -> -0.42523708 | T50: =$AL$45+$K50*$AL$46+$L50*$AL$47+$M50*$AL$48+$N50*$AL$49+$O50*$AL$50 -> -0.31567995 | X50: 9 | Y50: 1.0507355 | Z50: -0.26521382 | AA50: -0.54645109 | AK50: adult.sst | AL50: 0.10932714 | AM50: 0.077311839 | AN50: 1.4141061 | AO50: 0.1624989 | AP50: -0.04531956 | AQ50: 0.26397385 | AR50: -0.04531956 | AS50: 0.26397385 | AW50: 18 | AX50: 0.8423569 | AY50: -0.20725026 | AZ50: -0.47504073
A51: Murdoch | B51: 2000 | C51: ='Orig data'!G54 -> 699976 | D51: ='Orig data'!R54 -> 821323.89 | E51: ='Orig data'!AB54 -> 3003099.3 | F51: =C51/1000 -> 699.976 | G51: =E51/1000 -> 3003.0993 | H51: =LN(E51/C51) -> 1.4563541 | I51: =D51-C51 -> 121347.89 | J51: =I51/D51 -> 0.1477467 | K51: =covariates!R60 -> 699976 | L51: =covariates!T60 -> -0.31325063 | M51: =covariates!V60 -> 0.36161101 | N51: =covariates!U60 -> 2.5585971 | O51: =covariates!W60 -> 1.1534537 | P51: =covariates!X60 -> -0.044363575 | Q51: =H51 -> 1.4563541 | R51: =B51 -> 2000 | S51: =$AX$23+K51*$AX$24+L51*$AX$25+M51*$AX$26 -> 0.68085541 | T51: =$AL$45+$K51*$AL$46+$L51*$AL$47+$M51*$AL$48+$N51*$AL$49+$O51*$AL$50 -> 1.0008176 | X51: 10 | Y51: 0.98026042 | Z51: -0.12151677 | AA51: -0.25037523 | AW51: 19 | AX51: 1.0722318 | AY51: 0.42686131 | AZ51: 0.97841375
A52: Murdoch | B52: 2001 | C52: ='Orig data'!G55 -> 3151893 | D52: ='Orig data'!R55 -> 3396137.4 | E52: ='Orig data'!AB55 -> 2085989.9 | F52: =C52/1000 -> 3151.893 | G52: =E52/1000 -> 2085.9899 | H52: =LN(E52/C52) -> -0.41275973 | I52: =D52-C52 -> 244244.36 | J52: =I52/D52 -> 0.071918279 | K52: =covariates!R61 -> 3151893 | L52: =covariates!T61 -> -0.19847708 | M52: =covariates!V61 -> 0.52644155 | N52: =covariates!U61 -> 1.9408498 | O52: =covariates!W61 -> 1.2106819 | P52: =covariates!X61 -> -0.18689698 | Q52: =H52 -> -0.41275973 | R52: =B52 -> 2001 | S52: =$AX$23+K52*$AX$24+L52*$AX$25+M52*$AX$26 -> -0.55793935 | T52: =$AL$45+$K52*$AL$46+$L52*$AL$47+$M52*$AL$48+$N52*$AL$49+$O52*$AL$50 -> -0.33735538 | X52: 11 | Y52: 1.0378298 | Z52: -0.26465278 | AA52: -0.54529512 | AW52: 20 | AX52: 1.1912164 | AY52: -0.19145279 | AZ52: -0.43883116
A53: Murdoch | B53: 2002 | C53: ='Orig data'!G56 -> 2302250 | D53: ='Orig data'!R56 -> 2701922.5 | E53: ='Orig data'!AB56 -> 2415592.9 | F53: =C53/1000 -> 2302.25 | G53: =E53/1000 -> 2415.5929 | H53: =LN(E53/C53) -> 0.048057858 | I53: =D53-C53 -> 399672.53 | J53: =I53/D53 -> 0.14792154 | K53: =covariates!R62 -> 2302250 | L53: =covariates!T62 -> 0.60111195 | M53: =covariates!V62 -> 0.6436408 | N53: =covariates!U62 -> 1.7184607 | O53: =covariates!W62 -> -0.38198986 | P53: =covariates!X62 -> -0.64688128 | Q53: =H53 -> 0.048057858 | R53: =B53 -> 2002 | S53: =$AX$23+K53*$AX$24+L53*$AX$25+M53*$AX$26 -> -0.273245 | T53: =$AL$45+$K53*$AL$46+$L53*$AL$47+$M53*$AL$48+$N53*$AL$49+$O53*$AL$50 -> -0.2333455 | X53: 12 | Y53: 1.0330851 | Z53: 0.040190001 | AA53: 0.082808166 | AW53: 21 | AX53: 1.2045711 | AY53: -0.51245449 | AZ53: -1.1746029
A54: Murdoch | B54: 2003 | C54: ='Orig data'!G57 -> 1494491 | D54: ='Orig data'!R57 -> 2006286.4 | E54: ='Orig data'!AB57 -> 1501700 | F54: =C54/1000 -> 1494.491 | G54: =E54/1000 -> 1501.7 | H54: =LN(E54/C54) -> 0.0048121397 | I54: =D54-C54 -> 511795.42 | J54: =I54/D54 -> 0.25509589 | K54: =covariates!R63 -> 1494491 | L54: =covariates!T63 -> 0.59346038 | M54: =covariates!V63 -> 0.61044747 | N54: =covariates!U63 -> 0.35941663 | O54: =covariates!W63 -> -0.90101698 | P54: =covariates!X63 -> -1.2814504 | Q54: =H54 -> 0.0048121397 | R54: =B54 -> 2003 | S54: =$AX$23+K54*$AX$24+L54*$AX$25+M54*$AX$26 -> 0.12746735 | T54: =$AL$45+$K54*$AL$46+$L54*$AL$47+$M54*$AL$48+$N54*$AL$49+$O54*$AL$50 -> 0.019976921 | X54: 13 | Y54: 1.0115757 | Z54: -0.17627319 | AA54: -0.36319629 | AK54: RESIDUAL OUTPUT | AW54: 22 | AX54: 1.0878592 | AY54: -0.32101794 | AZ54: -0.73580893
A55: Murdoch | B55: 2004 | C55: ='Orig data'!G58 -> 2716634 | D55: ='Orig data'!R58 -> 3352861.1 | E55: ='Orig data'!AB58 -> 1192587.7 | F55: =C55/1000 -> 2716.634 | G55: =E55/1000 -> 1192.5877 | H55: =LN(E55/C55) -> -0.82326812 | I55: =D55-C55 -> 636227.1 | J55: =I55/D55 -> 0.18975647 | K55: =covariates!R64 -> 2716634 | L55: =covariates!T64 -> 1.1022898 | M55: =covariates!V64 -> 0.59745259 | N55: =covariates!U64 -> -1.4938253 | O55: =covariates!W64 -> -1.3121504 | P55: =covariates!X64 -> -1.4954199 | Q55: =H55 -> -0.82326812 | R55: =B55 -> 2004 | S55: =$AX$23+K55*$AX$24+L55*$AX$25+M55*$AX$26 -> -0.53977561 | T55: =$AL$45+$K55*$AL$46+$L55*$AL$47+$M55*$AL$48+$N55*$AL$49+$O55*$AL$50 -> -0.86582421 | X55: 14 | Y55: 0.9412271 | Z55: 0.44581456 | AA55: 0.91856395 | AW55: 23 | AX55: 1.1607846 | AY55: -0.047429616 | AZ55: -0.10871397
A56: Murdoch | B56: 2005 | C56: ='Orig data'!G59 -> 1331383 | D56: ='Orig data'!R59 -> 1804337.1 | E56: ='Orig data'!AB59 -> 841915.57 | F56: =C56/1000 -> 1331.383 | G56: =E56/1000 -> 841.91557 | H56: =LN(E56/C56) -> -0.45829379 | I56: =D56-C56 -> 472954.13 | J56: =I56/D56 -> 0.26212071 | K56: =covariates!R65 -> 1331383 | L56: =covariates!T65 -> 0.38304222 | M56: =covariates!V65 -> 0.79345873 | N56: =covariates!U65 -> -0.99962749 | O56: =covariates!W65 -> -0.3000216 | P56: =covariates!X65 -> -0.42723179 | Q56: =H56 -> -0.45829379 | R56: =B56 -> 2005 | S56: =$AX$23+K56*$AX$24+L56*$AX$25+M56*$AX$26 -> 0.20979722 | T56: =$AL$45+$K56*$AL$46+$L56*$AL$47+$M56*$AL$48+$N56*$AL$49+$O56*$AL$50 -> 0.056925389 | X56: 15 | Y56: 1.030175 | Z56: 0.60043608 | AA56: 1.2371488 | AK56: Observation | AL56: Predicted lnRSC | AM56: Residuals | AN56: Standard Residuals | AW56: 24 | AX56: 1.1792866 | AY56: -0.11098191 | AZ56: -0.25438292
A57: Murdoch | B57: 2006 | C57: ='Orig data'!G60 -> 1970621 | D57: ='Orig data'!R60 -> 2683669.8 | E57: ='Orig data'!AB60 -> 779998.97 | F57: =C57/1000 -> 1970.621 | G57: =E57/1000 -> 779.99897 | H57: =LN(E57/C57) -> -0.9268114 | I57: =D57-C57 -> 713048.79 | J57: =I57/D57 -> 0.26569915 | K57: =covariates!R66 -> 1970621 | L57: =covariates!T66 -> -0.26351542 | M57: =covariates!V66 -> 1.0472035 | N57: =covariates!U66 -> -0.30775049 | O57: =covariates!W66 -> -0.3632507 | P57: =covariates!X66 -> -1.5695017 | Q57: =H57 -> -0.9268114 | R57: =B57 -> 2006 | S57: =$AX$23+K57*$AX$24+L57*$AX$25+M57*$AX$26 -> -0.048731847 | T57: =$AL$45+$K57*$AL$46+$L57*$AL$47+$M57*$AL$48+$N57*$AL$49+$O57*$AL$50 -> -0.17390352 | X57: 16 | Y57: 0.87524369 | Z57: -0.24872889 | AA57: -0.51248527 | AK57: 1 | AL57: 0.99385465 | AM57: -0.015049836 | AN57: -0.035157102 | AW57: 25 | AX57: 1.2440316 | AY57: -0.31985028 | AZ57: -0.73313253
A58: Murdoch | B58: 2007 | C58: ='Orig data'!G61 -> 1057248 | D58: ='Orig data'!R61 -> 1382634.3 | E58: ='Orig data'!AB61 -> 1376695.7 | F58: =C58/1000 -> 1057.248 | G58: =E58/1000 -> 1376.6957 | H58: =LN(E58/C58) -> 0.26401693 | I58: =D58-C58 -> 325386.3 | J58: =I58/D58 -> 0.23533794 | K58: =covariates!R67 -> 1057248 | L58: =covariates!T67 -> -1.2505679 | M58: =covariates!V67 -> 1.2091667 | N58: =covariates!U67 -> 0.92774416 | O58: =covariates!W67 -> -0.77366612 | P58: =covariates!X67 -> -1.9929288 | Q58: =H58 -> 0.26401693 | R58: =B58 -> 2007 | S58: =$AX$23+K58*$AX$24+L58*$AX$25+M58*$AX$26 -> 0.51318863 | T58: =$AL$45+$K58*$AL$46+$L58*$AL$47+$M58*$AL$48+$N58*$AL$49+$O58*$AL$50 -> 0.45702769 | X58: 17 | Y58: 1.0117825 | Z58: -0.075779879 | AA58: -0.15613816 | AK58: 2 | AL58: 0.89630267 | AM58: -0.36870974 | AN58: -0.86132272 | AW58: 26 | AX58: 1.0863095 | AY58: -0.24393515 | AZ58: -0.55912658
A59: Murdoch | B59: 2008 | C59: ='Orig data'!G62 -> 982016 | D59: ='Orig data'!R62 -> 1231940 | E59: ='Orig data'!AB62 -> 1658267.7 | F59: =C59/1000 -> 982.016 | G59: =E59/1000 -> 1658.2677 | H59: =LN(E59/C59) -> 0.52392119 | I59: =D59-C59 -> 249924.02 | J59: =I59/D59 -> 0.20287028 | K59: =covariates!R68 -> 982016 | L59: =covariates!T68 -> -0.2941217 | M59: =covariates!V68 -> 1.3879491 | N59: =covariates!U68 -> 0.4582562 | O59: =covariates!W68 -> -0.99125832 | P59: =covariates!X68 -> -1.1563724 | Q59: =H59 -> 0.52392119 | R59: =B59 -> 2008 | S59: =$AX$23+K59*$AX$24+L59*$AX$25+M59*$AX$26 -> 0.38815124 | T59: =$AL$45+$K59*$AL$46+$L59*$AL$47+$M59*$AL$48+$N59*$AL$49+$O59*$AL$50 -> 0.2634854 | X59: 18 | Y59: 0.62693605 | Z59: 0.0081705825 | AA59: 0.016834808 | AK59: 3 | AL59: 1.2408082 | AM59: -0.33861131 | AN59: -0.79101142 | AW59: 27 | AX59: 0.77561476 | AY59: -0.81939819 | AZ59: -1.8781521
A60: Murdoch | B60: 2009 | C60: ='Orig data'!G63 -> 474550 | D60: ='Orig data'!R63 -> 816921.6 | E60: ='Orig data'!AB63 -> 1599592 | F60: =C60/1000 -> 474.55 | G60: =E60/1000 -> 1599.592 | H60: =LN(E60/C60) -> 1.2151369 | I60: =D60-C60 -> 342371.6 | J60: =I60/D60 -> 0.4190997 | K60: =covariates!R69 -> 474550 | L60: =covariates!T69 -> 0.092282568 | M60: =covariates!V69 -> 1.6300786 | N60: =covariates!U69 -> 1.6196212 | O60: =covariates!W69 -> 1.1368646 | P60: =covariates!X69 -> -0.12864919 | Q60: =H60 -> 1.2151369 | R60: =B60 -> 2009 | S60: =$AX$23+K60*$AX$24+L60*$AX$25+M60*$AX$26 -> 0.54556342 | T60: =$AL$45+$K60*$AL$46+$L60*$AL$47+$M60*$AL$48+$N60*$AL$49+$O60*$AL$50 -> 0.74690247 | X60: 19 | Y60: 0.90029588 | Z60: 0.59879724 | AA60: 1.2337721 | AK60: 4 | AL60: 1.3889774 | AM60: 0.4525131 | AN60: 1.0570912 | AW60: 28 | AX60: 1.0770357 | AY60: -0.45852634 | AZ60: -1.0509935
A61: Murdoch | B61: 2010 | C61: ='Orig data'!G64 -> 608718 | D61: ='Orig data'!R64 -> 661736.7 | E61: ='Orig data'!AB64 -> 1512709.4 | F61: =C61/1000 -> 608.718 | G61: =E61/1000 -> 1512.7094 | H61: =LN(E61/C61) -> 0.9103025 | I61: =D61-C61 -> 53018.705 | J61: =I61/D61 -> 0.080120544 | K61: =covariates!R70 -> 608718 | L61: =covariates!T70 -> -0.71113225 | M61: =covariates!V70 -> 1.8187325 | N61: =covariates!U70 -> 0.53238588 | O61: =covariates!W70 -> 2.4780053 | P61: =covariates!X70 -> 1.7651059 | Q61: =H61 -> 0.9103025 | R61: =B61 -> 2010 | S61: =$AX$23+K61*$AX$24+L61*$AX$25+M61*$AX$26 -> 0.56567381 | T61: =$AL$45+$K61*$AL$46+$L61*$AL$47+$M61*$AL$48+$N61*$AL$49+$O61*$AL$50 -> 0.81942797 | X61: 20 | Y61: 0.96536197 | Z61: 0.034401628 | AA61: 0.070881704 | AK61: 5 | AL61: 1.3699584 | AM61: 0.33320767 | AN61: 0.77838827 | AW61: 29 | AX61: 1.0077423 | AY61: -0.30118924 | AZ61: -0.69035934
A62: Murdoch | B62: 2011 | C62: ='Orig data'!G65 -> 1079068 | D62: ='Orig data'!R65 -> 1420924.6 | E62: ='Orig data'!AB65 -> 1654800.4 | F62: =C62/1000 -> 1079.068 | G62: =E62/1000 -> 1654.8004 | H62: =LN(E62/C62) -> 0.42758267 | I62: =D62-C62 -> 341856.62 | J62: =I62/D62 -> 0.24058744 | K62: =covariates!R71 -> 1079068 | L62: =covariates!T71 -> -0.86798943 | M62: =covariates!V71 -> 2.0077993 | N62: =covariates!U71 -> 0.55709577 | O62: =covariates!W71 -> 2.4856759 | P62: =covariates!X71 -> 1.3073691 | Q62: =H62 -> 0.42758267 | R62: =B62 -> 2011 | S62: =$AX$23+K62*$AX$24+L62*$AX$25+M62*$AX$26 -> 0.32999277 | T62: =$AL$45+$K62*$AL$46+$L62*$AL$47+$M62*$AL$48+$N62*$AL$49+$O62*$AL$50 -> 0.57054084 | X62: 21 | Y62: 0.96352734 | Z62: -0.27141077 | AA62: -0.55921939 | AK62: 6 | AL62: 1.3093717 | AM62: 1.1882611 | AN62: 2.7758319 | AW62: 30 | AX62: 0.9613642 | AY62: -0.07676658 | AZ62: -0.17595757
A63: Murdoch | B63: 2012 | C63: ='Orig data'!G66 -> 1381072 | D63: ='Orig data'!R66 -> 1702019.9 | E63: ='Orig data'!AB66 -> 2534603.6 | F63: =C63/1000 -> 1381.072 | G63: =E63/1000 -> 2534.6036 | H63: =LN(E63/C63) -> 0.60717724 | I63: =D63-C63 -> 320947.91 | J63: =I63/D63 -> 0.18856883 | K63: =covariates!R72 -> 1381072 | L63: =covariates!T72 -> 1.0142967 | M63: =covariates!V72 -> 2.2082101 | N63: =covariates!U72 -> 0.95245406 | O63: =covariates!W72 -> 1.9800759 | P63: =covariates!X72 -> 0.67542147 | Q63: =H63 -> 0.60717724 | R63: =B63 -> 2012 | S63: =$AX$23+K63*$AX$24+L63*$AX$25+M63*$AX$26 -> -0.1135474 | T63: =$AL$45+$K63*$AL$46+$L63*$AL$47+$M63*$AL$48+$N63*$AL$49+$O63*$AL$50 -> 0.085164405 | X63: 22 | Y63: 0.87929886 | Z63: -0.1124576 | AA63: -0.23170957 | AK63: 7 | AL63: 1.0328693 | AM63: 0.11920286 | AN63: 0.27846331 | AW63: 31 | AX63: 0.94023358 | AY63: 0.40121497 | AZ63: 0.91962949
A64: Murdoch | B64: 2013 | C64: ='Orig data'!G67 -> 1167839 | D64: ='Orig data'!R67 -> 1601308 | E64: ='Orig data'!AB67 -> 1235092.4 | F64: =C64/1000 -> 1167.839 | G64: =E64/1000 -> 1235.0924 | H64: =LN(E64/C64) -> 0.055990764 | I64: =D64-C64 -> 433468.96 | J64: =I64/D64 -> 0.27069681 | K64: =covariates!R73 -> 1167839 | L64: =covariates!T73 -> 0.6661503 | M64: =covariates!V73 -> 2.420301 | N64: =covariates!U73 -> -0.67839888 | O64: =covariates!W73 -> 0.69707987 | P64: =covariates!X73 -> 0.074628105 | Q64: =H64 -> 0.055990764 | R64: =B64 -> 2013 | S64: =$AX$23+K64*$AX$24+L64*$AX$25+M64*$AX$26 -> 0.0084458511 | T64: =$AL$45+$K64*$AL$46+$L64*$AL$47+$M64*$AL$48+$N64*$AL$49+$O64*$AL$50 -> -0.065544579 | X64: 23 | Y64: 0.97810632 | Z64: 0.13524864 | AA64: 0.27866861 | AK64: 8 | AL64: 1.1867284 | AM64: -0.11211783 | AN64: -0.26191235 | AW64: 32 | AX64: 0.80682702 | AY64: 0.69305013 | AZ64: 1.5885482
A65: Murdoch | B65: 2014 | C65: ='Orig data'!G68 -> 1165580 | D65: ='Orig data'!R68 -> 1507866.1 | E65: ='Orig data'!AB68 -> 758600.38 | F65: =C65/1000 -> 1165.58 | G65: =E65/1000 -> 758.60038 | H65: =LN(E65/C65) -> -0.42949896 | I65: =D65-C65 -> 342286.14 | J65: =I65/D65 -> 0.22700035 | K65: =covariates!R74 -> 1165580 | L65: =covariates!T74 -> 2.3533214 | M65: =covariates!V74 -> 2.6137122 | N65: =covariates!U74 -> -0.92549781 | O65: =covariates!W74 -> 1.3076105 | P65: =covariates!X74 -> -0.33057418 | Q65: =H65 -> -0.42949896 | R65: =B65 -> 2014 | S65: =$AX$23+K65*$AX$24+L65*$AX$25+M65*$AX$26 -> -0.25778033 | T65: =$AL$45+$K65*$AL$46+$L65*$AL$47+$M65*$AL$48+$N65*$AL$49+$O65*$AL$50 -> -0.29585384 | X65: 24 | Y65: 0.92541765 | Z65: 0.14288709 | AA65: 0.294407 | AK65: 9 | AL65: 1.2697435 | AM65: -0.48422176 | AN65: -1.1311641 | AW65: 33 | AX65: 0.84292167 | AY65: -0.24924425 | AZ65: -0.57129564
A66: Murdoch | B66: 2015 | C66: ='Orig data'!G69 -> 950865 | D66: ='Orig data'!R69 -> 1452703.6 | E66: ='Orig data'!AB69 -> 422118.49 | F66: =C66/1000 -> 950.865 | G66: =E66/1000 -> 422.11849 | H66: =LN(E66/C66) -> -0.81208604 | I66: =D66-C66 -> 501838.64 | J66: =I66/D66 -> 0.34545149 | K66: =covariates!R75 -> 950865 | L66: =covariates!T75 -> 2.6517326 | M66: =covariates!V75 -> 2.6378516 | N66: =covariates!U75 -> 0.13702759 | O66: =covariates!W75 -> 2.5158186 | P66: =covariates!X75 -> -0.90509417 | Q66: =H66 -> -0.81208604 | R66: =B66 -> 2015 | S66: =$AX$23+K66*$AX$24+L66*$AX$25+M66*$AX$26 -> -0.19865051 | T66: =$AL$45+$K66*$AL$46+$L66*$AL$47+$M66*$AL$48+$N66*$AL$49+$O66*$AL$50 -> -0.017119256 | X66: 25 | Y66: 1.0259712 | Z66: -0.10178986 | AA66: -0.20972957 | AK66: 10 | AL66: 0.91014364 | AM66: -0.05139999 | AN66: -0.12007271 | AW66: 34 | AX66: 0.85034879 | AY66: -0.25276138 | AZ66: -0.57935729
A67: Murdoch | B67: 2016 | C67: ='Orig data'!G70 -> 1975386 | D67: ='Orig data'!R70 -> 2944872.5 | E67: ='Orig data'!AB70 -> 618291.99 | F67: =C67/1000 -> 1975.386 | G67: =E67/1000 -> 618.29199 | H67: =LN(E67/C67) -> -1.1615583 | I67: =D67-C67 -> 969486.52 | J67: =I67/D67 -> 0.32921171 | K67: =covariates!R76 -> 1975386 | L67: =covariates!T76 -> 2.0204781 | M67: =covariates!V76 -> 2.6378516 | N67: =covariates!U76 -> -0.85136813 | O67: =covariates!W76 -> 1.9272459 | P67: =covariates!X76 -> -1.3051185 | Q67: =H67 -> -1.1615583 | R67: =B67 -> 2016 | S67: =$AX$23+K67*$AX$24+L67*$AX$25+M67*$AX$26 -> -0.60998714 | T67: =$AL$45+$K67*$AL$46+$L67*$AL$47+$M67*$AL$48+$N67*$AL$49+$O67*$AL$50 -> -0.59100647 | X67: 26 | Y67: 0.93169525 | Z67: -0.089320898 | AA67: -0.18403831 | AK67: 11 | AL67: 1.0808772 | AM67: -0.30770009 | AN67: -0.71880141 | AW67: 35 | AX67: 0.58407103 | AY67: -0.76504187 | AZ67: -1.7535613
A68: Murdoch | B68: 2017 | C68: ='Orig data'!G71 -> 659667 | D68: ='Orig data'!R71 -> 1072321.9 | E68: ='Orig data'!AB71 -> 625307.01 | F68: =C68/1000 -> 659.667 | G68: =E68/1000 -> 625.30701 | H68: =LN(E68/C68) -> -0.053492422 | I68: =D68-C68 -> 412654.89 | J68: =I68/D68 -> 0.38482371 | X68: 27 | Y68: 0.76790457 | Z68: -0.811688 | AA68: -1.6724158 | AK68: 12 | AL68: 0.96158195 | AM68: 0.11169316 | AN68: 0.2609203 | AW68: 36 | AX68: 0.57468588 | AY68: -0.15162586 | AZ68: -0.34754338
X69: 28 | Y69: 0.91992958 | Z69: -0.30142018 | AA69: -0.6210513 | AK69: 13 | AL69: 1.1597785 | AM69: -0.32447604 | AN69: -0.75799078 | AW69: 37 | AX69: 0.79123321 | AY69: 0.61414016 | AZ69: 1.4076778
X70: 29 | Y70: 0.98536323 | Z70: -0.27881013 | AA70: -0.57446516 | AK70: 14 | AL70: 1.0458275 | AM70: 0.34121419 | AN70: 0.79709186 | AW70: 38 | AX70: 0.8249988 | AY70: 0.24160454 | AZ70: 0.55378456
X71: 30 | Y71: 0.94958921 | Z71: -0.064991595 | AA71: -0.13390979 | AK71: 15 | AL71: 1.1291547 | AM71: 0.50145636 | AN71: 1.1714249 | AW71: 39 | AX71: 0.73321545 | AY71: 0.034369267 | AZ71: 0.078778196
A72: SUMMARY OUTPUT | X72: 31 | Y72: 0.87167249 | Z72: 0.46977606 | AA72: 0.96793463 | AK72: 16 | AL72: 0.88785083 | AM72: -0.26133604 | AN72: -0.61049287 | AW72: 40 | AX72: 0.69904953 | AY72: 0.21327646 | AZ72: 0.48885344
X73: 32 | Y73: 0.94319711 | Z73: 0.55668004 | AA73: 1.1469931 | AK73: 17 | AL73: 0.90876526 | AM73: 0.027237383 | AN73: 0.063627766 | AW73: 41 | AX73: 0.50143812 | AY73: -0.0073722651 | AZ73: -0.016898054
A74: Regression Statistics | X74: 33 | Y74: 0.91468 | Z74: -0.32100259 | AA74: -0.66139922 | AK74: 18 | AL74: 0.7684 | AM74: -0.13329336 | AN74: -0.31137936 | AW74: 42 | AX74: 0.53601638 | AY74: -0.30775437 | AZ74: -0.70540737
A75: Multiple R | B75: 0.6968833 | X75: 34 | Y75: 0.80529685 | Z75: -0.20770944 | AA75: -0.42796809 | AK75: 19 | AL75: 0.95587888 | AM75: 0.54321424 | AN75: 1.2689732 | AW75: 43 | AX75: 0.56747905 | AY75: -0.1235292 | AZ75: -0.28314271
